,Cancer,Ductal,Stroma
6x14,0.5122162,0.00066322536,0.4871206
3x8,0.60816973,0.0008376483,0.39099264
16x11,0.78219974,0.0013250086,0.2164753
2x6,0.6579954,0.004266674,0.3377379
3x12,0.95507175,0.0021392002,0.042789128
16x15,0.35370827,0.001119215,0.64517254
5x6,0.66105205,0.00234607,0.3366019
9x13,0.2094056,0.0012804639,0.789314
15x15,0.0201622,0.0006813383,0.97915643
2x13,0.19711334,0.0068862946,0.79600036
10x10,0.9451694,0.0022441368,0.052586474
7x4,0.48357496,0.048704807,0.4677202
8x16,0.673135,0.0024047173,0.3244603
16x16,0.5678715,0.001543167,0.43058532
6x6,0.6432554,0.066521645,0.290223
0x10,0.78976715,0.0013162991,0.20891647
7x12,0.67145973,0.0021425013,0.32639778
12x7,0.65890706,0.00046321072,0.34062976
6x18,0.4643764,0.0011745633,0.53444904
3x14,0.6259701,0.0007211794,0.37330875
15x11,0.30692723,0.0033910044,0.68968177
7x3,0.26475632,0.00060398155,0.7346397
9x16,0.43215203,0.010558756,0.5572892
1x10,0.11862376,0.032119416,0.8492568
17x5,0.64038324,0.0021077087,0.3575091
9x6,0.9983031,0.0010260848,0.0006708059
6x7,0.65684867,0.006167045,0.3369843
0x0,0.732087,0.06876754,0.19914545
0x1,0.5808211,0.038628343,0.38055056
0x2,0.7839926,0.083579846,0.1324275
0x3,0.6254021,0.0012839566,0.373314
0x4,0.8162907,0.0021652966,0.18154402
0x5,0.8058021,0.101263314,0.09293463
0x6,0.7868969,0.1255506,0.087552495
0x7,0.8041619,0.07087266,0.12496545
0x8,0.9978077,0.001231913,0.00096038857
0x9,0.9523036,0.046002522,0.0016939132
0x11,0.8413974,0.15831769,0.0002848934
0x12,0.8744305,0.06549589,0.060073648
0x13,0.81641585,0.18306167,0.0005224431
0x14,0.9248791,0.074318826,0.0008021178
0x15,0.88682777,0.0008659117,0.11230636
0x16,0.8112697,0.14841732,0.040312976
0x17,0.71337503,0.1759133,0.110711664
0x18,0.510289,0.33138254,0.15832843
0x19,0.8234976,0.025837466,0.15066493
0x20,0.80015874,0.02406746,0.1757738
0x21,0.64812094,0.0007341315,0.3511449
0x22,0.61164415,0.14749219,0.24086365
0x23,0.38109434,0.23751058,0.3813951
0x24,0.6611707,0.14309083,0.1957385
0x25,0.38875607,0.2345901,0.37665388
0x26,0.5822108,0.1475519,0.27023733
0x27,0.50453943,0.115137406,0.3803231
0x28,0.33413076,0.097981386,0.56788784
0x29,0.3328427,0.11571028,0.551447
0x30,0.4031369,0.27934232,0.31752077
0x31,0.5827429,0.0918511,0.32540593
0x32,0.45201695,0.016568575,0.53141445
0x33,0.6525637,0.07927333,0.26816306
0x34,0.41723433,0.079098776,0.50366694
0x35,0.34228402,0.05923162,0.59848434
0x36,0.4513591,0.11389818,0.43474275
0x37,0.32458934,0.17989554,0.49551514
0x38,0.3434595,0.30752048,0.34902
0x39,0.2710543,0.204112,0.5248337
0x40,0.410018,0.20030509,0.38967696
0x41,0.10654803,0.28137013,0.6120819
0x42,0.19587699,0.1390631,0.6650599
0x43,0.3169983,0.2637249,0.41927677
0x44,0.11401145,0.46161613,0.4243724
0x45,0.39950073,0.13469,0.46580935
0x46,0.30135393,0.2316274,0.46701863
0x47,0.15851744,0.37615865,0.46532387
0x48,0.22273797,0.16664782,0.6106142
0x49,0.34724456,0.3276813,0.3250741
1x0,0.8338914,0.11736208,0.0487465
1x1,0.76432216,0.16359133,0.07208659
1x2,0.733894,0.053387515,0.21271841
1x3,0.5799545,0.14945425,0.27059123
1x4,0.8748233,0.122796826,0.0023798498
1x5,0.9298439,0.0072728656,0.0628833
1x6,0.99740094,0.0016228405,0.00097616145
1x7,0.9986937,0.0008619253,0.0004443398
1x8,0.8233964,0.17626725,0.00033631898
1x9,0.9962627,0.002988527,0.0007487619
1x11,0.91056544,0.0014786121,0.087955974
1x12,0.70209175,0.23933293,0.058575287
1x13,0.8470762,0.0014563804,0.15146747
1x14,0.9416176,0.0035491416,0.054833263
1x15,0.8637557,0.13539456,0.00084972434
1x16,0.6529964,0.077533856,0.26946977
1x17,0.8129731,0.08116233,0.10586466
1x18,0.84842205,0.002114993,0.14946297
1x19,0.7696826,0.04253621,0.18778127
1x20,0.57090324,0.072088964,0.3570078
1x21,0.5618649,0.2588618,0.17927322
1x22,0.52193576,0.14072742,0.3373368
1x23,0.602279,0.030394806,0.36732614
1x24,0.6942389,0.000930361,0.3048307
1x25,0.5412955,0.004412002,0.45429245
1x26,0.57542056,0.10489062,0.31968877
1x27,0.3942123,0.18711337,0.4186743
1x28,0.4745707,0.21906069,0.30636865
1x29,0.109108664,0.45295623,0.4379351
1x30,0.38920194,0.09684322,0.5139548
1x31,0.5211735,0.035290997,0.44353554
1x32,0.31600353,0.21997897,0.46401745
1x33,0.45797607,0.05440154,0.48762232
1x34,0.3020598,0.2429813,0.4549589
1x35,0.25717098,0.19748414,0.5453449
1x36,0.42825994,0.19275817,0.3789819
1x37,0.24441728,0.28064337,0.47493935
1x38,0.32346478,0.18649451,0.4900407
1x39,0.5880797,0.05970827,0.352212
1x40,0.30036277,0.04370998,0.65592724
1x41,0.28768742,0.08114567,0.63116693
1x42,0.28691134,0.22796343,0.4851252
1x43,0.21279664,0.06908136,0.718122
1x44,0.09873637,0.25673306,0.6445306
1x45,0.34688956,0.10307366,0.5500367
1x46,0.40960744,0.20369911,0.38669342
1x47,0.24858227,0.20022947,0.55118823
1x48,0.31323034,0.41883564,0.26793405
1x49,0.4584754,0.09486124,0.44666338
2x0,0.8949338,0.001356371,0.10370985
2x1,0.839739,0.000975935,0.15928501
2x2,0.85489774,0.086711,0.0583913
2x3,0.99518585,0.0016526439,0.0031614744
2x4,0.81138396,0.18768317,0.000932894
2x5,0.7331039,0.067715794,0.19918038
2x7,0.9989367,0.000771024,0.00029222094
2x8,0.9800077,0.00076075643,0.019231534
2x9,0.99673444,0.002919024,0.0003465286
2x10,0.9856783,0.012678479,0.001643249
2x11,0.9871724,0.012395621,0.00043194077
2x12,0.9990871,0.0006566095,0.00025626755
2x14,0.9973383,0.0020896117,0.00057214755
2x15,0.99845093,0.0010588516,0.0004902322
2x16,0.6666423,0.0012007117,0.33215693
2x17,0.8587921,0.021895949,0.119311966
2x18,0.6858298,0.0018430941,0.3123271
2x19,0.56028795,0.24006787,0.19964422
2x20,0.7958336,0.00088689686,0.20327948
2x21,0.5674426,0.15811612,0.27444127
2x22,0.61991453,0.19674012,0.18334532
2x23,0.57752174,0.06920754,0.3532707
2x24,0.68268687,0.06301286,0.25430027
2x25,0.56310076,0.10654636,0.33035284
2x26,0.5738755,0.14799404,0.2781305
2x27,0.5018669,0.06526236,0.4328708
2x28,0.22788057,0.116528705,0.6555908
2x29,0.47887433,0.23124619,0.28987947
2x30,0.3896644,0.28765914,0.32267645
2x31,0.32297894,0.12071217,0.55630887
2x32,0.28618705,0.3444876,0.36932528
2x33,0.3472303,0.15166439,0.50110537
2x34,0.47935426,0.15780155,0.36284417
2x35,0.5995373,0.07874277,0.32171986
2x36,0.29677314,0.05307956,0.65014726
2x37,0.2724918,0.45174733,0.2757608
2x38,0.23624311,0.1734586,0.5902983
2x39,0.2135352,0.3575428,0.428922
2x40,0.26154003,0.16645357,0.57200646
2x41,0.18924473,0.3924273,0.41832805
2x42,0.32770488,0.22829299,0.44400212
2x43,0.1738612,0.15832753,0.6678113
2x44,0.13314697,0.46632835,0.4005247
2x45,0.25725016,0.30445877,0.4382911
2x46,0.20007138,0.1449006,0.65502805
2x47,0.15281782,0.14159942,0.7055828
2x48,0.20744768,0.3079862,0.48456618
2x49,0.20379679,0.36771947,0.42848366
3x0,0.842581,0.05860423,0.0988148
3x1,0.8457794,0.15337317,0.000847481
3x2,0.9282064,0.07143827,0.00035531475
3x3,0.8739436,0.1254723,0.0005840707
3x4,0.9971921,0.0009969819,0.0018109698
3x5,0.9963534,0.003374816,0.00027173568
3x6,0.99242985,0.006660004,0.0009101881
3x7,0.998384,0.0011560176,0.0004600021
3x9,0.9082998,0.09130643,0.00039378958
3x10,0.9922726,0.007318634,0.000408701
3x11,0.99824506,0.0010923743,0.00066255627
3x13,0.9703594,0.029388323,0.00025229505
3x15,0.997319,0.0020469117,0.000634125
3x16,0.8632876,0.0021038898,0.1346085
3x17,0.9951981,0.0038108556,0.0009910868
3x18,0.90073127,0.0020884913,0.09718027
3x19,0.8565979,0.06291452,0.08048761
3x20,0.7483075,0.0018369235,0.24985556
3x21,0.45383483,0.1272889,0.41887626
3x22,0.81510496,0.0010710834,0.18382394
3x23,0.7375465,0.06717905,0.19527446
3x24,0.4729203,0.11312431,0.41395542
3x25,0.28975514,0.18074824,0.5294966
3x26,0.38474244,0.15255821,0.46269935
3x27,0.49304408,0.19706614,0.3098898
3x28,0.39398652,0.3351437,0.27086973
3x29,0.49720743,0.060974345,0.4418182
3x30,0.28128308,0.15940952,0.5593074
3x31,0.33469024,0.095127404,0.5701824
3x32,0.5692525,0.08167402,0.3490735
3x33,0.35924718,0.042721327,0.5980315
3x34,0.18878868,0.14045367,0.6707577
3x35,0.13501658,0.2758072,0.58917624
3x36,0.42062682,0.16577783,0.41359535
3x37,0.24817015,0.18274528,0.5690845
3x38,0.3601903,0.18988961,0.44992006
3x39,0.25128588,0.0907871,0.657927
3x40,0.10771493,0.21645515,0.67582995
3x41,0.19612846,0.21751533,0.5863562
3x42,0.2639472,0.25712597,0.47892684
3x43,0.21310514,0.18273735,0.60415757
3x44,0.40723538,0.25666392,0.3361007
3x45,0.33784416,0.26269174,0.3994641
3x46,0.40443373,0.11111934,0.48444694
3x47,0.26704353,0.34994587,0.38301066
3x48,0.5430193,0.13208318,0.32489756
3x49,0.23781337,0.30755767,0.454629
4x0,0.88160795,0.117860965,0.0005311376
4x1,0.76314634,0.002848211,0.23400544
4x2,0.6213346,0.22876316,0.14990228
4x3,0.97518545,0.024188751,0.0006257865
4x4,0.9954645,0.004263735,0.00027178868
4x5,0.9950643,0.0032458212,0.0016898141
4x6,0.99866706,0.0010399879,0.00029295406
4x7,0.9981018,0.0012814756,0.0006167529
4x8,0.9983956,0.0013573796,0.00024701763
4x9,0.9980209,0.0014756524,0.0005034313
4x10,0.997646,0.001693094,0.00066091894
4x11,0.9907592,0.008868488,0.00037237778
4x12,0.96934307,0.030401736,0.00025509423
4x13,0.9983582,0.0010594649,0.0005823147
4x14,0.99308556,0.0050118077,0.001902644
4x15,0.99756336,0.0016431804,0.000793432
4x16,0.9980763,0.0015723642,0.00035137156
4x17,0.91916734,0.0017183202,0.079114325
4x18,0.8717151,0.0010316039,0.12725326
4x19,0.69165623,0.065532506,0.24281119
4x20,0.96809024,0.007058067,0.02485175
4x21,0.7867861,0.0058223475,0.20739155
4x22,0.6141318,0.22568564,0.16018257
4x23,0.5394042,0.072840214,0.38775554
4x24,0.57755077,0.09091987,0.33152938
4x25,0.53077155,0.18119872,0.28802976
4x26,0.4047112,0.03300538,0.56228346
4x27,0.52425086,0.09729531,0.37845376
4x28,0.4232084,0.15302901,0.4237626
4x29,0.22425069,0.088178,0.6875713
4x30,0.38014242,0.11407132,0.5057862
4x31,0.055962753,0.52427745,0.4197598
4x32,0.20823719,0.2110012,0.5807616
4x33,0.39929938,0.12961425,0.47108635
4x34,0.28214127,0.1812534,0.53660536
4x35,0.3834216,0.12554248,0.4910359
4x36,0.23942019,0.13378982,0.62679005
4x37,0.3620472,0.07476553,0.56318736
4x38,0.36224726,0.36692566,0.27082708
4x39,0.19163863,0.37837982,0.4299815
4x40,0.18300635,0.10165995,0.7153337
4x41,0.2689959,0.2738466,0.45715752
4x42,0.27555314,0.16823861,0.55620825
4x43,0.4473221,0.04548593,0.50719196
4x44,0.12428398,0.1624783,0.71323764
4x45,0.30103263,0.28895545,0.4100119
4x46,0.27400616,0.2321339,0.49385992
4x47,0.28288457,0.21630478,0.5008106
4x48,0.14560343,0.22362615,0.6307704
4x49,0.22658892,0.343739,0.4296721
5x0,0.64449096,0.20676802,0.14874104
5x1,0.77615935,0.006798542,0.21704213
5x2,0.9970151,0.002640422,0.00034446004
5x3,0.98237574,0.016864438,0.0007598011
5x4,0.9257831,0.07356204,0.000654881
5x5,0.9980927,0.0008825593,0.001024795
5x7,0.99805814,0.0012116118,0.0007302943
5x8,0.9977783,0.0017151163,0.0005065864
5x9,0.9966066,0.0028764897,0.0005168876
5x10,0.99619293,0.0022695444,0.0015375194
5x11,0.9987938,0.0008219259,0.00038426626
5x12,0.9986601,0.0008772379,0.00046262454
5x13,0.9745298,0.024780149,0.0006900641
5x14,0.99581695,0.0037414394,0.00044169417
5x15,0.99827343,0.0010643036,0.0006623531
5x16,0.9987729,0.000985068,0.00024205422
5x17,0.97005826,0.029312724,0.00062894
5x18,0.46394554,0.25647652,0.27957794
5x19,0.7321549,0.10168636,0.16615868
5x20,0.7599093,0.071585305,0.16850545
5x21,0.7542937,0.0820969,0.16360937
5x22,0.4960278,0.12846622,0.37550595
5x23,0.5235821,0.009698294,0.4667196
5x24,0.41534793,0.06591599,0.518736
5x25,0.38667095,0.078791134,0.53453785
5x26,0.5069239,0.036272384,0.45680368
5x27,0.42732468,0.24724475,0.32543057
5x28,0.33762488,0.0015769174,0.66079825
5x29,0.32120553,0.052334826,0.62645966
5x30,0.5121225,0.0019573148,0.48592016
5x31,0.3105935,0.11514458,0.57426196
5x32,0.34070846,0.287024,0.3722675
5x33,0.33828723,0.22939396,0.4323188
5x34,0.14628077,0.16878982,0.6849294
5x35,0.2199405,0.1277655,0.652294
5x36,0.3749142,0.1726711,0.4524147
5x37,0.22172602,0.09883619,0.6794378
5x38,0.21939355,0.26791042,0.512696
5x39,0.24985632,0.264375,0.4857687
5x40,0.41526154,0.046606757,0.53813165
5x41,0.36384743,0.04680726,0.58934534
5x42,0.035922695,0.26430324,0.6997741
5x43,0.11246626,0.18275124,0.70478255
5x44,0.2463082,0.19671306,0.5569787
5x45,0.26350388,0.2812636,0.45523256
5x46,0.2874537,0.3221617,0.39038455
5x47,0.3507574,0.192464,0.45677865
5x48,0.37780982,0.09572173,0.5264684
5x49,0.35181057,0.39394078,0.25424868
6x0,0.7863275,0.12730213,0.08637038
6x1,0.80142504,0.006105007,0.1924699
6x2,0.99705565,0.001927369,0.001016884
6x3,0.9950915,0.003586359,0.0013220942
6x4,0.9915731,0.007668241,0.0007586832
6x5,0.9982836,0.0012295985,0.0004868095
6x8,0.9973009,0.002186055,0.0005130274
6x9,0.998209,0.0013443462,0.00044666033
6x10,0.998048,0.0013140488,0.0006379128
6x11,0.99846435,0.0010461435,0.0004894867
6x12,0.9808934,0.00087349705,0.018233106
6x13,0.9928328,0.0067444425,0.00042282903
6x15,0.9990764,0.0004958702,0.00042762764
6x16,0.99869233,0.0006710165,0.0006366341
6x17,0.99882746,0.00083457376,0.00033797507
6x19,0.9847325,0.014384166,0.0008833852
6x20,0.8149915,0.14547999,0.03952855
6x21,0.7594792,0.062852204,0.17766859
6x22,0.7806725,0.0011095809,0.21821791
6x23,0.46809274,0.0012703931,0.53063685
6x24,0.54356,0.1773886,0.27905136
6x25,0.38039976,0.20215447,0.41744572
6x26,0.39931196,0.045004655,0.55568343
6x27,0.36816967,0.12997524,0.5018551
6x28,0.39508206,0.16618341,0.4387345
6x29,0.38212332,0.26468068,0.35319597
6x30,0.35899436,0.12627083,0.5147348
6x31,0.4818199,0.03956489,0.47861525
6x32,0.053178877,0.1756541,0.77116704
6x33,0.22554614,0.1622588,0.612195
6x34,0.21329065,0.13798736,0.64872205
6x35,0.3203206,0.2443006,0.43537885
6x36,0.3585117,0.041101694,0.6003867
6x37,0.24165387,0.293666,0.4646801
6x38,0.28224412,0.23246306,0.48529282
6x39,0.5912138,0.06494331,0.3438429
6x40,0.25360715,0.18261638,0.5637765
6x41,0.16590364,0.15715188,0.67694443
6x42,0.260929,0.16096845,0.5781026
6x43,0.16934653,0.30911884,0.5215347
6x44,0.38492128,0.17566352,0.43941528
6x45,0.1904265,0.2338621,0.57571137
6x46,0.15224035,0.2020024,0.64575726
6x47,0.27030897,0.20750847,0.5221825
6x48,0.40937328,0.13306646,0.45756024
6x49,0.36844197,0.11845837,0.5130997
7x0,0.8610885,0.13752502,0.0013864476
7x1,0.82884806,0.017499346,0.15365262
7x2,0.99868643,0.0009950474,0.0003185607
7x5,0.99787897,0.00058640493,0.0015345427
7x6,0.9981594,0.000683404,0.0011572059
7x7,0.99351484,0.0014358362,0.005049303
7x8,0.99791914,0.0009638064,0.0011170676
7x9,0.993165,0.006462928,0.00037207443
7x10,0.9947302,0.003622061,0.001647755
7x11,0.99830407,0.0012062863,0.00048959954
7x13,0.99781924,0.0015364835,0.00064433
7x14,0.99841446,0.00127121,0.00031437248
7x15,0.99866205,0.0008763794,0.00046157825
7x16,0.99149823,0.007950158,0.00055157644
7x17,0.9868227,0.0012802616,0.01189699
7x18,0.98392123,0.015810052,0.00026868877
7x19,0.6162651,0.1261653,0.25756958
7x20,0.5476605,0.37862808,0.07371145
7x21,0.61396486,0.19277278,0.1932624
7x22,0.6306035,0.0084765665,0.36091998
7x23,0.54208523,0.093003884,0.36491087
7x24,0.7733798,0.0023709133,0.22424933
7x25,0.41462493,0.098834634,0.48654047
7x26,0.3744156,0.009440353,0.61614406
7x27,0.362423,0.03758011,0.59999686
7x28,0.25708488,0.0025635883,0.74035156
7x29,0.1924705,0.13922833,0.6683011
7x30,0.40662324,0.03384491,0.55953187
7x31,0.49559328,0.039456993,0.46494976
7x32,0.16301616,0.10815527,0.7288285
7x33,0.3045913,0.023536997,0.6718717
7x34,0.04445834,0.3081075,0.6474341
7x35,0.23361057,0.15748356,0.60890585
7x36,0.28997695,0.11329378,0.5967293
7x37,0.14469083,0.057466857,0.7978423
7x38,0.0711693,0.21179712,0.71703357
7x39,0.50024503,0.06855544,0.4311995
7x40,0.056169838,0.45311347,0.49071667
7x41,0.30821922,0.21679784,0.47498298
7x42,0.3472268,0.08980095,0.56297225
7x43,0.2851396,0.31942436,0.39543602
7x44,0.2562188,0.23949876,0.5042825
7x45,0.3794861,0.06682449,0.5536894
7x46,0.118873976,0.04948413,0.8316419
7x47,0.21045275,0.1637108,0.62583643
7x48,0.21663092,0.41315216,0.37021685
7x49,0.4425966,0.3154553,0.24194813
8x0,0.9930716,0.0054534534,0.0014749909
8x1,0.8973947,0.0020713462,0.10053389
8x2,0.9987577,0.0008986611,0.00034362002
8x3,0.9906467,0.008979905,0.00037337324
8x4,0.99835974,0.0011984486,0.00044185395
8x5,0.9954186,0.0041924245,0.00038905366
8x6,0.9968538,0.0021432946,0.0010028413
8x7,0.997934,0.00157182,0.00049422256
8x8,0.9978274,0.0014576709,0.00071490224
8x9,0.99181986,0.0076058055,0.0005743732
8x10,0.9953224,0.0044061826,0.0002714731
8x11,0.9980796,0.0013185036,0.0006019424
8x12,0.9986015,0.00084663613,0.0005518577
8x13,0.9980787,0.0012812038,0.0006400885
8x14,0.93870467,0.060539905,0.00075542304
8x15,0.99825525,0.0013669914,0.000377821
8x17,0.9975194,0.0014234171,0.0010572128
8x18,0.99214214,0.0007280589,0.0071297814
8x19,0.7250232,0.0018774482,0.2730994
8x20,0.7207752,0.17660673,0.10261801
8x21,0.5234843,0.0038641456,0.47265154
8x22,0.5704431,0.004440999,0.42511585
8x23,0.60930103,0.0010523134,0.38964662
8x24,0.61986053,0.101782754,0.27835673
8x25,0.2917463,0.19778952,0.5104642
8x26,0.28295532,0.09350441,0.6235403
8x27,0.504098,0.060469225,0.43543282
8x28,0.19424467,0.14225492,0.6635004
8x29,0.17238073,0.0009035284,0.82671577
8x30,0.15228386,0.28179532,0.5659208
8x31,0.22748177,0.089121275,0.683397
8x32,0.20695138,0.0007242357,0.79232436
8x33,0.2635836,0.023730077,0.71268636
8x34,0.044284657,0.14308672,0.8126287
8x35,0.35129026,0.06856733,0.58014244
8x36,0.54934484,0.039336193,0.4113189
8x37,0.25288156,0.10052342,0.646595
8x38,0.35833347,0.054635234,0.58703136
8x39,0.34896573,0.16272575,0.4883085
8x40,0.2253888,0.09151988,0.68309134
8x41,0.0031990015,0.48803183,0.5087691
8x42,0.1692216,0.105900936,0.7248775
8x43,0.2955622,0.24497125,0.45946652
8x44,0.12335395,0.17672838,0.6999176
8x45,0.2325383,0.27094534,0.49651638
8x46,0.19749928,0.020490928,0.7820098
8x47,0.22421438,0.37115166,0.40463397
8x48,0.21248744,0.36504441,0.42246816
8x49,0.20154893,0.36158508,0.436866
9x0,0.9275913,0.0008611979,0.0715475
9x1,0.87791175,0.12059251,0.0014956965
9x2,0.99041873,0.0088123735,0.00076889305
9x3,0.943963,0.054978006,0.001058996
9x4,0.94665444,0.051938638,0.0014069426
9x5,0.9835752,0.0008200416,0.015604707
9x7,0.99760866,0.00084931945,0.001541922
9x8,0.9419172,0.05755035,0.0005325473
9x9,0.9559186,0.043395944,0.00068544137
9x10,0.9925684,0.006786153,0.0006455507
9x11,0.9986393,0.0010351067,0.0003255633
9x12,0.9665552,0.03212683,0.0013179699
9x14,0.99781775,0.0012949385,0.0008872718
9x15,0.9974841,0.0021092559,0.0004066966
9x17,0.98185265,0.012269932,0.005877435
9x18,0.99746615,0.0014863486,0.0010475285
9x19,0.8121819,0.1873638,0.0004543322
9x20,0.65947276,0.18855584,0.15197137
9x21,0.566042,0.15573177,0.2782262
9x22,0.8010697,0.0006703558,0.19825998
9x23,0.6996406,0.00088343525,0.29947597
9x24,0.33614522,0.048194487,0.6156603
9x25,0.41637194,0.0034470875,0.580181
9x26,0.46849656,0.07461501,0.4568884
9x27,0.47868964,0.001143243,0.5201672
9x28,0.2241799,0.0007127478,0.7751073
9x29,0.28967693,0.22002059,0.49030247
9x30,0.3284755,0.14274618,0.52877825
9x31,0.08313714,0.07550297,0.84135985
9x32,0.070557386,0.15588571,0.7735569
9x33,0.18984954,0.0012484583,0.808902
9x34,0.15547514,0.0012667616,0.8432581
9x35,0.07711779,0.2524559,0.67042637
9x36,0.14112791,0.16472037,0.6941517
9x37,0.2048021,0.25565144,0.5395465
9x38,0.046733923,0.07085929,0.8824068
9x39,0.103950806,0.08096483,0.81508434
9x40,0.2767368,0.12719972,0.59606344
9x41,0.1627902,0.17532958,0.66188025
9x42,0.012115466,0.08448968,0.9033949
9x43,0.106355585,0.37386876,0.5197757
9x44,0.20025654,0.13908735,0.6606561
9x45,0.14243592,0.15969932,0.6978648
9x46,0.13024335,0.3461947,0.52356195
9x47,0.09868048,0.20722543,0.6940941
9x48,0.11310118,0.19303697,0.6938619
9x49,0.18971138,0.09764356,0.71264505
10x0,0.9374069,0.0039489814,0.05864411
10x1,0.98797476,0.011603308,0.00042187725
10x2,0.978517,0.0017498996,0.019733096
10x3,0.9982385,0.0012194294,0.00054199586
10x4,0.99845463,0.00094115426,0.0006041735
10x5,0.99733484,0.002263382,0.00040175696
10x6,0.99811536,0.0016250166,0.0002596205
10x7,0.9849899,0.014618198,0.00039191614
10x8,0.99661505,0.00289272,0.0004922651
10x9,0.9921136,0.006126424,0.0017599948
10x11,0.9900031,0.0014962439,0.008500578
10x12,0.99640447,0.0020101795,0.0015853605
10x13,0.99859047,0.0010113303,0.0003982304
10x14,0.99872977,0.0007786251,0.00049160694
10x15,0.98564917,0.013937387,0.0004134679
10x16,0.996324,0.0020410013,0.0016349799
10x17,0.9970432,0.002131979,0.00082479266
10x18,0.9984343,0.0011611759,0.0004045542
10x19,0.99861634,0.0010625231,0.00032104243
10x20,0.81779087,0.0024080593,0.1798011
10x21,0.64762074,0.067427926,0.28495124
10x22,0.5184962,0.0011906916,0.48031312
10x23,0.44454977,0.07109781,0.48435244
10x24,0.35993707,0.0028022048,0.63726074
10x25,0.24162729,0.08412142,0.6742513
10x26,0.23442994,0.039304607,0.7262655
10x27,0.27138016,0.0006686356,0.72795117
10x28,0.19812483,0.0007684551,0.8011067
10x29,0.20528065,0.03461926,0.76010007
10x30,0.032879032,0.06552478,0.9015962
10x31,0.21707878,0.06381748,0.71910375
10x32,0.08143028,0.06753354,0.8510362
10x33,0.6014229,0.03711486,0.3614622
10x34,0.14561047,0.0011091707,0.85328037
10x35,0.103603356,0.001412285,0.89498436
10x36,0.30993673,0.0021954458,0.6878678
10x37,0.4212233,0.0768441,0.5019326
10x38,0.19746532,0.17086004,0.63167465
10x39,0.11279413,0.1381976,0.7490082
10x40,0.16787687,0.19277088,0.6393522
10x41,0.2247509,0.048210565,0.7270385
10x42,0.19055392,0.22927855,0.5801676
10x43,0.26441458,0.2355472,0.5000382
10x44,0.12579887,0.40698493,0.46721625
10x45,0.09140312,0.2300963,0.6785006
10x46,0.2906631,0.18759213,0.5217448
10x47,0.21370387,0.12286457,0.6634316
10x48,0.07663756,0.3058827,0.6174798
10x49,0.14733958,0.3625547,0.4901057
11x0,0.76928216,0.09620527,0.13451256
11x1,0.78352773,0.0028826967,0.21358955
11x2,0.9983133,0.0011508728,0.00053581013
11x3,0.99894184,0.0005491805,0.0005090601
11x4,0.99835247,0.0011188276,0.00052870205
11x5,0.9969349,0.0018766983,0.001188393
11x6,0.9989074,0.0007737164,0.00031883764
11x7,0.95938694,0.03984579,0.00076713675
11x8,0.99829173,0.001368295,0.00034001085
11x9,0.9951856,0.0043543736,0.0004600093
11x10,0.998897,0.00070928666,0.00039366016
11x11,0.9952769,0.0031220284,0.0016010343
11x12,0.9969532,0.0024873605,0.00055945036
11x13,0.9974357,0.0022314747,0.00033283205
11x14,0.9971843,0.0017479445,0.0010677414
11x15,0.9966681,0.0026583928,0.00067356636
11x16,0.9972304,0.0021055983,0.0006639989
11x17,0.9750783,0.0007176003,0.024204105
11x18,0.998777,0.0007612126,0.0004618274
11x19,0.8283374,0.0046272688,0.16703536
11x20,0.5979204,0.00059775903,0.40148184
11x21,0.79791594,0.038506962,0.16357717
11x22,0.7110971,0.05989264,0.22901022
11x23,0.51825637,0.0006720051,0.48107165
11x24,0.34471962,0.002212488,0.65306795
11x25,0.355894,0.016732376,0.62737364
11x26,0.19303033,0.0005180898,0.80645156
11x27,0.20841862,0.006396842,0.78518456
11x28,0.34770548,0.019131783,0.63316274
11x29,0.27136314,0.14047448,0.58816236
11x30,0.0042265905,0.15983662,0.8359368
11x31,0.18811288,0.029631503,0.7822556
11x32,0.352014,0.07796827,0.57001776
11x33,0.13315146,0.039476406,0.82737213
11x34,0.056772616,0.0010440716,0.94218326
11x35,0.007108916,0.14385718,0.8490339
11x36,0.14303999,0.0161482,0.84081185
11x37,0.1260783,0.17488214,0.6990396
11x38,0.19601667,0.1993134,0.6046699
11x39,0.2388542,0.13228251,0.6288633
11x40,0.018832687,0.2750928,0.70607454
11x41,0.27922016,0.1530352,0.5677446
11x42,0.13183686,0.09854865,0.7696145
11x43,0.22044395,0.21966231,0.5598937
11x44,0.1576791,0.20318194,0.639139
11x45,0.31809482,0.07444895,0.6074562
11x46,0.034220047,0.43851137,0.5272686
11x47,0.21868826,0.25851113,0.5228006
11x48,0.19294006,0.30322415,0.50383586
11x49,0.13619326,0.38524646,0.4785603
12x0,0.80071574,0.050833594,0.14845066
12x1,0.8307888,0.08270289,0.08650833
12x2,0.99850035,0.0011734081,0.0003262412
12x3,0.99756145,0.002094876,0.00034366825
12x4,0.99806136,0.0013985393,0.0005401044
12x5,0.9990204,0.0006342383,0.00034538802
12x6,0.8676267,0.13183041,0.0005428748
12x8,0.9952494,0.0043908954,0.00035981898
12x9,0.99808645,0.0009152563,0.000998286
12x10,0.99824804,0.0012852662,0.00046665545
12x11,0.99602014,0.003311104,0.00066873524
12x12,0.9963679,0.002869587,0.0007625263
12x13,0.9970715,0.0023114,0.0006171069
12x14,0.9985339,0.00073526014,0.00073078595
12x15,0.9974945,0.0018404234,0.0006651471
12x16,0.9956386,0.0035422957,0.0008191017
12x17,0.99846613,0.0011952013,0.00033871992
12x18,0.98749524,0.011673176,0.00083156413
12x19,0.89770466,0.0021152222,0.100180164
12x20,0.76836646,0.012919043,0.21871454
12x21,0.55154556,0.16552636,0.28292808
12x22,0.52619815,0.112749085,0.36105278
12x23,0.4570991,0.09729023,0.4456106
12x24,0.2618225,0.0013986231,0.7367789
12x25,0.076243006,0.0008122213,0.92294484
12x26,0.3058033,0.001039635,0.69315714
12x27,0.23992032,0.0756613,0.6844184
12x28,0.0009434318,0.067914724,0.93114185
12x29,0.19261897,0.012398275,0.7949828
12x30,0.0006242747,0.0002751373,0.99910057
12x31,0.07525366,0.002173213,0.92257315
12x32,0.18605407,0.0013960551,0.8125499
12x33,0.17879637,0.120499834,0.7007038
12x34,0.015666502,0.23787671,0.7464568
12x35,0.0012265642,0.37167323,0.6271002
12x36,0.12660767,0.08934964,0.7840427
12x37,0.3582985,0.015093485,0.6266081
12x38,0.16072538,0.15386601,0.68540865
12x39,0.13576448,0.0024830517,0.86175245
12x40,0.22066484,0.2771042,0.5022309
12x41,0.1253813,0.12042049,0.75419813
12x42,0.07798344,0.29950947,0.62250704
12x43,0.32071027,0.23585807,0.44343165
12x44,0.1073772,0.32102785,0.57159495
12x45,0.23253107,0.22785708,0.5396119
12x46,0.036663316,0.51230556,0.45103115
12x47,0.05332962,0.32782313,0.61884725
12x48,0.16836905,0.3053336,0.5262974
12x49,0.25724015,0.2379421,0.5048177
13x0,0.8442861,0.10296135,0.05275254
13x1,0.9944386,0.005311328,0.00025013147
13x2,0.9878164,0.011841108,0.00034247237
13x3,0.99844295,0.00077231234,0.0007847617
13x4,0.9778148,0.021966288,0.00021889852
13x5,0.99852866,0.0012515623,0.00021982867
13x6,0.9854859,0.014245665,0.00026841197
13x7,0.992917,0.0052130558,0.0018699935
13x8,0.98564947,0.013956959,0.0003935156
13x9,0.9981546,0.0010251505,0.0008203447
13x10,0.9963613,0.0025595059,0.0010791501
13x11,0.9321721,0.06721829,0.00060962467
13x12,0.9984588,0.001270126,0.0002710864
13x13,0.99889785,0.00063468347,0.00046755877
13x14,0.9882372,0.011397816,0.0003649344
13x15,0.9940879,0.0039408295,0.0019713454
13x16,0.9440901,0.055604823,0.00030509607
13x17,0.9950355,0.0046787253,0.00028580774
13x18,0.978621,0.0025321634,0.018846817
13x19,0.7982158,0.0009971411,0.20078707
13x20,0.72529113,0.0014309861,0.27327788
13x21,0.5939899,0.0016636094,0.40434647
13x22,0.3599949,0.04006414,0.59994096
13x23,0.41574767,0.0010802997,0.583172
13x24,0.19817679,0.10888228,0.6929409
13x25,0.2838669,0.14635177,0.56978136
13x26,0.047180496,0.0018925648,0.9509269
13x27,0.00046250783,0.0003187691,0.9992187
13x28,0.00057579356,0.00042425588,0.99899995
13x29,0.0003871838,0.00030881685,0.99930394
13x30,0.00042365098,0.00023059995,0.9993457
13x31,0.0006296946,0.00036253387,0.9990078
13x32,0.00058064156,0.00047340384,0.99894595
13x33,0.0012281142,0.0029430906,0.9958288
13x34,0.029195806,0.0009761444,0.96982807
13x35,0.12419747,0.054466005,0.82133657
13x36,0.1625821,0.22450632,0.6129116
13x37,0.0005374914,0.00037192408,0.99909055
13x38,0.14757,0.13430466,0.71812534
13x39,0.33336696,0.08592207,0.58071095
13x40,0.18751161,0.21498285,0.5975055
13x41,0.13749284,0.13307956,0.7294276
13x42,0.27378172,0.20357746,0.5226408
13x43,0.34077486,0.055940066,0.6032851
13x44,0.24735378,0.31747833,0.43516785
13x45,0.21174924,0.2400313,0.54821944
13x46,0.31816006,0.11073918,0.5711007
13x47,0.10805752,0.32946956,0.5624729
13x48,0.081492,0.57646686,0.3420412
13x49,0.09170934,0.32434884,0.5839418
14x0,0.8264844,0.114583686,0.058931906
14x1,0.7753038,0.018412076,0.20628417
14x2,0.99852,0.0008937189,0.000586297
14x3,0.996191,0.0015275177,0.0022814437
14x4,0.9958293,0.0035142363,0.0006564553
14x5,0.99877405,0.00066295214,0.00056292803
14x6,0.95681363,0.04291066,0.00027567788
14x7,0.9969286,0.0025723926,0.00049910037
14x8,0.9971154,0.002545829,0.0003387554
14x9,0.9967074,0.00258974,0.00070287776
14x10,0.9976874,0.0017975252,0.0005150577
14x11,0.9984443,0.0011758056,0.0003799545
14x12,0.99544686,0.004316072,0.00023705699
14x13,0.9861676,0.013343562,0.0004888424
14x14,0.99843967,0.00061189965,0.00094851165
14x15,0.9981186,0.0014049765,0.0004764495
14x16,0.99898666,0.00075257686,0.00026079974
14x17,0.99284565,0.006793288,0.0003610244
14x18,0.99884593,0.0008473708,0.0003066932
14x19,0.9440505,0.0014655545,0.05448393
14x20,0.7623407,0.0016141369,0.23604517
14x21,0.38732943,0.0007143081,0.61195636
14x22,0.30915973,0.111668095,0.5791722
14x23,0.24306381,0.001856124,0.75508004
14x24,0.060628667,0.031025559,0.90834576
14x25,0.0006633476,0.00044140278,0.9988952
14x26,0.00047320037,0.0002221322,0.99930465
14x27,0.00046200634,0.0002852068,0.9992528
14x28,0.00048068163,0.000340384,0.99917895
14x29,0.00060028594,0.00039006918,0.9990096
14x30,0.00049126707,0.00042170344,0.99908704
14x31,0.0005484962,0.00041345917,0.999038
14x32,0.0002311493,0.00015816379,0.99961066
14x33,0.0015350851,0.004394441,0.9940705
14x34,0.00082242046,0.0023029875,0.99687463
14x35,0.00052650645,0.00050907047,0.99896437
14x36,0.060198903,0.007067697,0.9327334
14x37,0.035504192,0.00046721037,0.9640286
14x38,0.015445229,0.19440746,0.79014736
14x39,0.10590696,0.029291295,0.86480176
14x40,0.21659413,0.10956599,0.67383987
14x41,0.26908347,0.22216888,0.50874764
14x42,0.25499243,0.10035621,0.6446513
14x43,0.1461121,0.16463487,0.689253
14x44,0.112089455,0.17381829,0.71409225
14x45,0.23801118,0.019833466,0.7421553
14x46,0.18811359,0.21064073,0.6012457
14x47,0.25227857,0.17329228,0.5744292
14x48,0.2013546,0.49145305,0.30719236
14x49,0.044923645,0.28898877,0.66608757
15x0,0.70686066,0.29204655,0.0010927524
15x1,0.68993664,0.16446576,0.14559762
15x2,0.83976144,0.0013374554,0.15890105
15x3,0.9968325,0.0027763534,0.00039113133
15x4,0.9784461,0.0037157035,0.01783816
15x5,0.9973604,0.0018401359,0.0007994465
15x6,0.9988956,0.00063652627,0.00046782673
15x7,0.9981099,0.0015960329,0.00029402925
15x8,0.9990368,0.0005140901,0.00044910097
15x9,0.9989387,0.00075148814,0.00030984392
15x10,0.9991038,0.0005068938,0.00038932695
15x12,0.9934452,0.006327321,0.00022743917
15x13,0.99866986,0.00094276125,0.00038732355
15x14,0.9111222,0.088412225,0.0004655581
15x16,0.9959125,0.0030645702,0.0010230032
15x17,0.998432,0.0012515646,0.00031640785
15x18,0.6752483,0.1784396,0.14631213
15x19,0.7096589,0.032268967,0.25807205
15x20,0.5685157,0.0007737721,0.43071055
15x21,0.3324594,0.06568215,0.60185844
15x22,0.2213814,0.12007112,0.65854746
15x23,0.15509549,0.0020859207,0.8428186
15x24,0.0012252724,0.0006314987,0.9981432
15x25,0.000282229,0.00024814607,0.99946964
15x26,0.0007684699,0.0005850945,0.99864644
15x27,0.000960347,0.0039570946,0.99508256
15x28,0.00034571133,0.00047981285,0.9991744
15x29,0.00044691935,0.00033864015,0.9992144
15x30,0.0004451915,0.0003427395,0.9992121
15x31,0.00070613227,0.0004098682,0.99888396
15x32,0.0005856132,0.000539392,0.998875
15x33,0.00039340273,0.00044258728,0.999164
15x34,0.0005654967,0.0004586994,0.9989758
15x35,0.00037580493,0.00021856002,0.9994056
15x36,0.0006001393,0.0009839446,0.99841595
15x37,0.0007243102,0.0006034991,0.9986722
15x38,0.0005112,0.0004041945,0.99908465
15x39,0.0719079,0.0654702,0.8626219
15x40,0.08350647,0.110902324,0.8055912
15x41,0.033567626,0.15709731,0.8093351
15x42,0.2297512,0.031554252,0.73869455
15x43,0.116968326,0.23026042,0.6527713
15x44,0.095551334,0.3871718,0.51727694
15x45,0.13445927,0.127585,0.73795575
15x46,0.23094672,0.2045696,0.56448364
15x47,0.06291793,0.22705609,0.710026
15x48,0.031483173,0.23734465,0.73117214
15x49,0.23440965,0.15866454,0.60692585
16x0,0.8780027,0.001977173,0.12002011
16x1,0.90443563,0.0028854765,0.09267893
16x2,0.8931675,0.03874924,0.06808333
16x3,0.74603176,0.1089414,0.14502682
16x4,0.95172197,0.04789277,0.0003852876
16x5,0.9985733,0.0009453387,0.00048135754
16x6,0.9968655,0.0026644787,0.00047000256
16x7,0.9852866,0.014144514,0.00056895096
16x8,0.99405545,0.00558502,0.0003595626
16x9,0.99805474,0.0012828788,0.00066236214
16x10,0.96887755,0.030520767,0.00060166843
16x12,0.9964953,0.0030534817,0.00045118725
16x13,0.9987659,0.00079450593,0.00043958906
16x14,0.992174,0.001212635,0.0066134273
16x17,0.65411645,0.0527608,0.29312268
16x18,0.7342677,0.03315764,0.2325747
16x19,0.500862,0.0016402856,0.4974977
16x20,0.56689525,0.017204072,0.4159007
16x21,0.32287621,0.001186761,0.67593706
16x22,0.22941564,0.19385366,0.5767308
16x23,0.03269317,0.00056715665,0.9667397
16x24,0.00030320388,0.00019434508,0.9995025
16x25,0.00079201016,0.00057581806,0.99863213
16x26,0.0003943887,0.00031117775,0.9992944
16x27,0.0036470967,0.006091386,0.9902615
16x28,0.00037321454,0.00026503621,0.99936175
16x29,0.00036548462,0.00018653755,0.99944794
16x30,0.00038146533,0.0007053028,0.9989132
16x31,0.00072180876,0.00025253723,0.99902564
16x32,0.00051382114,0.0005625401,0.99892366
16x33,0.00047477128,0.00037938185,0.9991458
16x34,0.0006057835,0.0005793203,0.9988149
16x35,0.0005310611,0.00033430196,0.99913466
16x36,0.0005810525,0.00045858094,0.9989603
16x37,0.08137736,0.0069842744,0.9116384
16x38,0.0032525156,0.20802513,0.7887224
16x39,0.056605093,0.00046326025,0.94293165
16x40,0.040588934,0.29750267,0.6619083
16x41,0.06317745,0.020936484,0.91588604
16x42,0.091685876,0.3506555,0.5576587
16x43,0.10970902,0.092493266,0.79779774
16x44,0.25300503,0.093758635,0.6532363
16x45,0.14587016,0.22827801,0.6258518
16x46,0.23212121,0.1430255,0.62485325
16x47,0.13741344,0.18136285,0.6812237
16x48,0.039216418,0.29441422,0.6663694
16x49,0.1778732,0.28670418,0.5354226
17x0,0.8512109,0.005337912,0.14345115
17x1,0.6241641,0.18107963,0.19475627
17x2,0.7670303,0.113971636,0.118998036
17x3,0.99467015,0.00480229,0.0005274896
17x4,0.76002455,0.06996854,0.17000692
17x6,0.99468255,0.004860606,0.00045694062
17x7,0.9977774,0.0016326018,0.00058995676
17x8,0.99795157,0.0012596378,0.0007887671
17x9,0.99579155,0.00096294493,0.0032454957
17x10,0.9963023,0.003323567,0.0003741468
17x11,0.9969313,0.0007746043,0.0022940545
17x12,0.99118,0.008256861,0.0005632141
17x13,0.9981121,0.0014868493,0.00040109348
17x14,0.97920775,0.0055751624,0.015217048
17x15,0.99802506,0.0009833769,0.0009915218
17x16,0.80728847,0.0009503461,0.1917612
17x17,0.7095884,0.0027857523,0.2876259
17x18,0.46691555,0.10128821,0.43179625
17x19,0.5930308,0.002155254,0.4048139
17x20,0.40738007,0.003884086,0.5887359
17x21,0.16889282,0.18162006,0.6494871
17x22,0.29629472,0.11047896,0.5932263
17x23,0.0009629186,0.0005647209,0.9984724
17x24,0.00043273062,0.0004391097,0.99912816
17x25,0.0004369735,0.00048120087,0.9990818
17x26,0.00026669895,0.00035356777,0.99937975
17x27,0.00034546648,0.00020903538,0.9994455
17x28,0.00041690248,0.0003029622,0.9992802
17x29,0.0004142592,0.00023903965,0.9993467
17x30,0.00028097798,0.00030920887,0.9994098
17x31,0.0003045733,0.00029615013,0.99939924
17x32,0.00043508463,0.0004425936,0.9991223
17x33,0.0007229744,0.00033108325,0.9989459
17x34,0.0005040853,0.0004333487,0.9990626
17x35,0.0007629166,0.00047565272,0.9987614
17x36,0.0006281789,0.00034579067,0.999026
17x37,0.00024992132,0.0003914284,0.99935865
17x38,0.16591042,0.073469765,0.7606198
17x39,0.20837606,0.00045745412,0.7911665
17x40,0.11593615,0.1051443,0.7789196
17x41,0.11208803,0.19292909,0.69498295
17x42,0.17283793,0.120757334,0.70640475
17x43,0.045266025,0.28121027,0.67352366
17x44,0.25815514,0.09886243,0.6429824
17x45,0.33649635,0.2588403,0.40466335
17x46,0.13804373,0.11382741,0.7481289
17x47,0.29512966,0.14799863,0.5568717
17x48,0.24516727,0.25905776,0.49577498
17x49,0.37177613,0.2732031,0.35502076
18x0,0.6195475,0.19562899,0.18482351
18x1,0.6957883,0.00087156123,0.30334008
18x2,0.62248266,0.019877777,0.35763958
18x3,0.82371193,0.043122943,0.13316512
18x4,0.99784774,0.0009950087,0.0011572732
18x5,0.93571085,0.063765086,0.0005240777
18x6,0.99660754,0.0020941645,0.0012982935
18x7,0.9989815,0.000494765,0.00052374054
18x8,0.9990963,0.00063428935,0.00026938005
18x9,0.9972254,0.0022692478,0.0005053912
18x10,0.9966185,0.0007378349,0.0026436667
18x11,0.98308516,0.015810803,0.0011039814
18x12,0.9852459,0.014273331,0.000480793
18x13,0.9964759,0.0018022564,0.0017218996
18x14,0.9984592,0.00089791714,0.0006428441
18x15,0.9389899,0.060472548,0.0005375856
18x16,0.74921596,0.12237415,0.12840995
18x17,0.818541,0.00037417863,0.18108484
18x18,0.4453895,0.37470436,0.17990611
18x19,0.41021895,0.009149164,0.58063185
18x20,0.32474473,0.001226669,0.6740286
18x21,0.25464502,0.0007556494,0.74459934
18x22,0.12514219,0.52806836,0.34678942
18x23,0.00040343197,0.00032798335,0.9992686
18x24,0.00034947856,0.0005088397,0.9991417
18x25,0.0019468553,0.012117913,0.9859353
18x26,0.0005249811,0.00036096195,0.99911404
18x27,0.010254068,0.006565686,0.9831803
18x28,0.0007906736,0.0020182305,0.99719113
18x29,0.0006607258,0.00033099815,0.99900824
18x30,0.00023185064,0.00036130717,0.9994069
18x31,0.0010614594,0.0004571095,0.99848145
18x32,0.00026144626,0.0002931494,0.9994454
18x33,0.00050549186,0.0011468658,0.99834764
18x34,0.00075626106,0.0005173026,0.99872637
18x35,0.00042028463,0.00041957299,0.9991602
18x36,0.00033212424,0.00019582757,0.9994721
18x37,0.00027067395,0.00021490872,0.9995144
18x38,0.001768751,0.077352665,0.9208785
18x39,0.18802707,0.17684337,0.6351296
18x40,0.010348129,0.1127883,0.8768636
18x41,0.0010966936,0.18775672,0.81114656
18x42,0.06498051,0.26672605,0.6682934
18x43,0.19343857,0.061850637,0.74471074
18x44,0.31097114,0.063881345,0.6251475
18x45,0.15848659,0.20399638,0.63751704
18x46,0.20463845,0.24193452,0.55342704
18x47,0.1753814,0.385405,0.43921357
18x48,0.08922171,0.2123714,0.69840693
18x49,0.12574686,0.3555222,0.51873094
19x0,0.76966876,0.17327747,0.057053775
19x1,0.77615327,0.16728373,0.056563005
19x2,0.81829476,0.09145683,0.0902484
19x3,0.63974255,0.35964033,0.00061707926
19x4,0.7345383,0.17515005,0.09031158
19x5,0.8398156,0.13774353,0.022440882
19x6,0.73809165,0.13590829,0.12600006
19x7,0.6842366,0.18170917,0.13405421
19x8,0.89942384,0.0023456223,0.09823052
19x9,0.7468357,0.17723912,0.07592515
19x10,0.9729504,0.026630094,0.00041949181
19x11,0.9023294,0.09708392,0.0005866659
19x12,0.96006334,0.039630886,0.0003057717
19x13,0.81226933,0.13589624,0.05183439
19x14,0.7949507,0.06283919,0.14221014
19x15,0.92162335,0.0005457731,0.077830866
19x16,0.66102564,0.11961382,0.21936059
19x17,0.7616069,0.0685827,0.16981043
19x18,0.35054642,0.056765866,0.5926877
19x19,0.6624276,0.09007728,0.24749517
19x20,0.3287229,0.0018329329,0.66944414
19x21,0.3525563,0.09662977,0.5508139
19x22,0.13763118,0.11095408,0.7514148
19x23,0.00046680192,0.00050107203,0.99903214
19x24,0.0004772207,0.0003518738,0.99917096
19x25,0.0009139044,0.0002922777,0.9987938
19x26,0.00041388458,0.00040823198,0.99917793
19x27,0.00039205764,0.00052957196,0.9990784
19x28,0.0008393301,0.0005116298,0.998649
19x29,0.00037017552,0.000266948,0.9993628
19x30,0.0005082592,0.00037028268,0.9991215
19x31,0.00046368473,0.00035682146,0.9991795
19x32,0.0007357508,0.00057482766,0.9986894
19x33,0.0005813459,0.000283548,0.9991351
19x34,0.00026758114,0.00019733689,0.999535
19x35,0.00032389574,0.00026601905,0.9994101
19x36,0.0003936642,0.0008866556,0.9987197
19x37,0.0014164516,0.003119137,0.99546444
19x38,0.06641932,0.17211933,0.7614614
19x39,0.07753394,0.020677852,0.9017882
19x40,0.12470131,0.14261131,0.7326874
19x41,0.1210027,0.40401703,0.47498024
19x42,0.0013654667,0.24499905,0.75363547
19x43,0.24807993,0.27668077,0.4752393
19x44,0.04379477,0.07530504,0.8809002
19x45,0.13651182,0.35459864,0.50888956
19x46,0.0062429626,0.28986907,0.703888
19x47,0.2706346,0.19872007,0.5306453
19x48,0.21149603,0.23730251,0.55120146
19x49,0.25230387,0.26375088,0.48394522
20x0,0.68775624,0.20728074,0.10496301
20x1,0.65755314,0.13826442,0.20418248
20x2,0.4498754,0.155354,0.3947706
20x3,0.76447576,0.16356802,0.071956225
20x4,0.8920213,0.0013490414,0.106629655
20x5,0.8326515,0.16694382,0.00040478507
20x6,0.9977091,0.0012446204,0.0010463011
20x7,0.8178211,0.18162036,0.00055858755
20x8,0.819521,0.08049912,0.09997983
20x9,0.71638113,0.09459583,0.18902302
20x10,0.8596869,0.0068968977,0.1334162
20x11,0.6288648,0.3706402,0.0004950298
20x12,0.7625509,0.08126761,0.15618151
20x13,0.63317794,0.16798809,0.19883391
20x14,0.7011242,0.006363011,0.29251283
20x15,0.48002303,0.14372358,0.37625334
20x16,0.49936435,0.07676256,0.42387307
20x17,0.58974236,0.0024086577,0.4078489
20x18,0.4630752,0.046454396,0.49047044
20x19,0.52715087,0.0010551002,0.47179407
20x20,0.13876829,0.10405359,0.7571781
20x21,0.14488538,0.13404928,0.7210654
20x22,0.0004018215,0.00042255962,0.9991756
20x23,0.0020782773,0.009227366,0.98869437
20x24,0.0008579042,0.000499096,0.998643
20x25,0.0006722261,0.00057936227,0.9987484
20x26,0.0005575499,0.00031875737,0.9991237
20x27,0.00032117515,0.0002809176,0.99939793
20x28,0.0005942763,0.0004927492,0.998913
20x29,0.008867485,0.0024522173,0.9886803
20x30,0.00024205203,0.00020874543,0.9995492
20x31,0.00098935,0.0010644863,0.9979462
20x32,0.00038438814,0.00043125325,0.99918437
20x33,0.0005170702,0.001178605,0.9983043
20x34,0.0009642342,0.0012361907,0.9977996
20x35,0.0009297557,0.001305773,0.99776447
20x36,0.00066279736,0.0005211093,0.9988161
20x37,0.0042787977,0.00067715906,0.995044
20x38,0.00050495076,0.0004048429,0.9990902
20x39,0.14523755,0.04405826,0.8107042
20x40,0.037324388,0.0008099876,0.9618656
20x41,0.12893693,0.19315183,0.6779112
20x42,0.31906664,0.25129405,0.42963928
20x43,0.0559923,0.11088069,0.833127
20x44,0.08651982,0.241551,0.6719291
20x45,0.18074177,0.16715772,0.6521005
20x46,0.21538599,0.10212847,0.6824855
20x47,0.06213855,0.16935597,0.7685055
20x48,0.3809941,0.21235904,0.40664682
20x49,0.09179146,0.37265998,0.53554857
21x0,0.44732225,0.30288735,0.24979039
21x1,0.5977438,0.035865225,0.36639088
21x2,0.61220294,0.21806338,0.16973367
21x3,0.72480756,0.087186806,0.18800567
21x4,0.5801069,0.16501336,0.2548797
21x5,0.74893135,0.026505554,0.2245631
21x6,0.8013064,0.0016401393,0.19705342
21x7,0.76393354,0.1327067,0.10335978
21x8,0.92971027,0.0014707408,0.068818994
21x9,0.7099744,0.032952167,0.2570735
21x10,0.5295184,0.25817105,0.21231057
21x11,0.79563814,0.013111968,0.1912499
21x12,0.7361208,0.04430907,0.21957012
21x13,0.5373635,0.03398207,0.42865437
21x14,0.63029385,0.12305741,0.24664877
21x15,0.3417672,0.5449244,0.11330843
21x16,0.43319935,0.1400029,0.42679778
21x17,0.32802305,0.35649878,0.3154782
21x18,0.20878766,0.32979292,0.46141943
21x19,0.30866805,0.0008131227,0.69051886
21x20,0.23666568,0.27420673,0.48912755
21x21,0.10234432,0.001069089,0.8965866
21x22,0.27606675,0.0010896991,0.7228435
21x23,0.000474971,0.00040533673,0.9991197
21x24,0.0006388698,0.00042167195,0.99893945
21x25,0.00053863,0.0003382938,0.99912304
21x26,0.0020866601,0.0004286299,0.9974847
21x27,0.0003506223,0.00032976194,0.9993196
21x28,0.0004644197,0.0004192904,0.9991163
21x29,0.0051940074,0.004574845,0.9902311
21x30,0.00042057794,0.00034080746,0.9992386
21x31,0.00064920954,0.0003292508,0.9990216
21x32,0.0007847735,0.00054526306,0.9986699
21x33,0.00036651792,0.00042633346,0.99920714
21x34,0.00032211427,0.0004351373,0.9992428
21x35,0.0005727731,0.0003128192,0.9991144
21x36,0.0003708912,0.0003111052,0.99931794
21x37,0.0005166984,0.00058153365,0.9989017
21x38,0.029839084,0.020712765,0.9494481
21x39,0.0009544455,0.03321572,0.9658298
21x40,0.284635,0.020236932,0.695128
21x41,0.21669817,0.15358986,0.629712
21x42,0.1343869,0.1265967,0.7390164
21x43,0.12201756,0.44607294,0.4319095
21x44,0.13676699,0.100596085,0.76263696
21x45,0.042376548,0.33014485,0.6274786
21x46,0.12378739,0.31952262,0.55669
21x47,0.044442102,0.31859615,0.6369617
21x48,0.054154664,0.31279257,0.63305277
21x49,0.1991437,0.1835592,0.6172971
22x0,0.8125273,0.16509175,0.022380974
22x1,0.76520115,0.1137975,0.121001296
22x2,0.6017965,0.17829533,0.21990813
22x3,0.56312174,0.037243698,0.39963457
22x4,0.6152888,0.2793612,0.10535002
22x5,0.6557923,0.17659172,0.16761602
22x6,0.4854057,0.27436167,0.24023266
22x7,0.7216067,0.1594895,0.1189038
22x8,0.7560533,0.027165646,0.21678102
22x9,0.56047535,0.084619515,0.35490516
22x10,0.7071705,0.04640963,0.24641988
22x11,0.552509,0.1906091,0.2568819
22x12,0.6263662,0.084969416,0.28866437
22x13,0.50316066,0.24479249,0.2520469
22x14,0.38563457,0.30824733,0.3061181
22x15,0.5870586,0.009856253,0.4030851
22x16,0.5034925,0.18670945,0.30979803
22x17,0.4207405,0.23072545,0.34853405
22x18,0.4813081,0.069664136,0.4490278
22x19,0.16626547,0.33497953,0.498755
22x20,0.07671529,0.09076664,0.8325181
22x21,0.23565283,0.22404028,0.5403068
22x22,0.00032345334,0.00024831097,0.9994282
22x23,0.0005516893,0.0005987262,0.99884963
22x24,0.00038076952,0.00027122718,0.999348
22x25,0.00025469367,0.0002735805,0.9994718
22x26,0.000521951,0.0013447843,0.99813324
22x27,0.0013363676,0.010804784,0.9878589
22x28,0.0026080164,0.0072955634,0.9900964
22x29,0.0005008602,0.0004217094,0.99907744
22x30,0.0005574698,0.000544623,0.9988979
22x31,0.0026443223,0.0076179532,0.9897377
22x32,0.00031744398,0.00021524049,0.9994674
22x33,0.00035767927,0.00023751002,0.9994048
22x34,0.0008549853,0.0005514673,0.99859357
22x35,0.0007551716,0.0006273755,0.9986174
22x36,0.0004354184,0.00038224005,0.9991823
22x37,0.0008254774,0.0011873702,0.9979872
22x38,0.0730124,0.002519608,0.92446804
22x39,0.0027107787,0.09347353,0.9038157
22x40,0.23090614,0.10884376,0.6602501
22x41,0.0067250575,0.34360555,0.6496694
22x42,0.029647995,0.21212767,0.75822437
22x43,0.083161555,0.12219385,0.79464453
22x44,0.2826625,0.2805131,0.43682435
22x45,0.12720579,0.33781517,0.53497905
22x46,0.2093186,0.27371818,0.51696324
22x47,0.003609489,0.5944559,0.40193462
22x48,0.15694353,0.37473738,0.4683191
22x49,0.07105795,0.60491467,0.32402742
23x0,0.73460454,0.122267924,0.14312753
23x1,0.7719034,0.13563429,0.09246239
23x2,0.63911086,0.027103148,0.333786
23x3,0.6305811,0.2121,0.15731892
23x4,0.48222864,0.16424547,0.35352594
23x5,0.6685794,0.17050235,0.16091822
23x6,0.60446155,0.108680554,0.28685784
23x7,0.66059065,0.061318,0.27809134
23x8,0.5934808,0.08650179,0.3200174
23x9,0.39356464,0.14816065,0.45827472
23x10,0.4928246,0.1650685,0.34210685
23x11,0.77390033,0.16045405,0.06564566
23x12,0.55789965,0.2927292,0.14937112
23x13,0.64176434,0.07897397,0.27926174
23x14,0.40540487,0.3866703,0.20792481
23x15,0.3726883,0.4455186,0.1817931
23x16,0.2092619,0.40181348,0.38892457
23x17,0.35884964,0.29542884,0.34572154
23x18,0.34813794,0.18877731,0.4630848
23x19,0.48175266,0.10010574,0.41814163
23x20,0.31237692,0.06641884,0.62120426
23x21,0.28316066,0.0027761022,0.7140632
23x22,0.10389808,0.01915389,0.876948
23x23,0.00049632404,0.0008454349,0.9986582
23x24,0.0004203208,0.0006158148,0.9989639
23x25,0.0022840716,0.00515155,0.9925643
23x26,0.0008481621,0.0007973213,0.9983545
23x27,0.00033812082,0.00034736778,0.99931455
23x28,0.0004349629,0.0006289356,0.9989361
23x29,0.00047567865,0.00023361103,0.99929076
23x30,0.0008926786,0.0011046423,0.9980027
23x31,0.0011331975,0.008559764,0.9903071
23x32,0.00089729176,0.00044869396,0.99865395
23x33,0.0005280262,0.00045787753,0.9990141
23x34,0.00536949,0.0050789905,0.9895515
23x35,0.000409739,0.00026133234,0.9993289
23x36,0.0004391003,0.0005057599,0.99905515
23x37,0.00054542493,0.00093903224,0.9985155
23x38,0.10841535,0.059108824,0.83247584
23x39,0.2283406,0.06751813,0.7041413
23x40,0.083905555,0.14658906,0.7695054
23x41,0.0013539587,0.424628,0.57401806
23x42,0.2183653,0.33996588,0.44166884
23x43,0.10008183,0.4463481,0.4535701
23x44,0.24004246,0.16763304,0.5923245
23x45,0.29581198,0.34066826,0.36351976
23x46,0.027660947,0.29226694,0.6800721
23x47,0.056182433,0.3446556,0.599162
23x48,0.06688307,0.31584862,0.6172684
23x49,0.28469214,0.3281012,0.38720664
24x0,0.4084604,0.3488153,0.24272433
24x1,0.6399284,0.12974365,0.23032793
24x2,0.7341098,0.13609196,0.12979819
24x3,0.6657559,0.20644382,0.12780024
24x4,0.48155797,0.14259312,0.3758489
24x5,0.6719582,0.07501407,0.25302777
24x6,0.67352146,0.19386272,0.13261585
24x7,0.48249978,0.18660842,0.33089185
24x8,0.5925925,0.20712413,0.20028336
24x9,0.737686,0.19080617,0.07150782
24x10,0.6365434,0.23331054,0.13014606
24x11,0.7282115,0.11073978,0.16104873
24x12,0.86804223,0.018631969,0.11332586
24x13,0.5683082,0.07827425,0.35341758
24x14,0.3585349,0.3438412,0.29762393
24x15,0.39682785,0.3640168,0.2391553
24x16,0.6659102,0.18051732,0.15357251
24x17,0.24210422,0.29767784,0.4602179
24x18,0.10559348,0.44639483,0.44801167
24x19,0.33344987,0.10683524,0.55971485
24x20,0.0968395,0.23116581,0.6719947
24x21,0.243719,0.2541991,0.50208193
24x22,0.2997089,0.0025276071,0.69776356
24x23,0.17359872,0.09850065,0.7279006
24x24,0.00034419462,0.000214621,0.9994412
24x25,0.0005960641,0.00067984365,0.9987241
24x26,0.00093616964,0.0004903589,0.9985734
24x27,0.0004184525,0.00046635946,0.99911517
24x28,0.00073517545,0.0005493978,0.9987154
24x29,0.0003660062,0.00039719642,0.9992368
24x30,0.0007244927,0.0006379835,0.99863756
24x31,0.00088659377,0.0007944991,0.9983189
24x32,0.000517307,0.00036440918,0.9991183
24x33,0.000429982,0.0004915791,0.99907845
24x34,0.0003321549,0.0002087404,0.9994591
24x35,0.0005907023,0.0005373058,0.99887204
24x36,0.00064182,0.00085842743,0.99849975
24x37,0.115526296,0.22431637,0.6601573
24x38,0.09845672,0.2448292,0.6567141
24x39,0.25215915,0.011101868,0.736739
24x40,0.1039298,0.35661405,0.5394562
24x41,0.12169367,0.23778772,0.6405186
24x42,0.06069557,0.28699464,0.65230983
24x43,0.09779852,0.531377,0.37082446
24x44,0.2877424,0.3331434,0.37911415
24x45,0.2022867,0.37819034,0.41952297
24x46,0.27421138,0.3049134,0.42087528
24x47,0.24696578,0.48927554,0.26375863
24x48,0.15709591,0.20670024,0.6362039
24x49,0.093855426,0.30274582,0.6033988
25x0,0.45911255,0.10704985,0.43383756
25x1,0.65477175,0.14252447,0.20270388
25x2,0.3507875,0.30061042,0.34860206
25x3,0.8035403,0.054850105,0.14160962
25x4,0.7058242,0.12561323,0.16856253
25x5,0.36994356,0.27814654,0.3519099
25x6,0.6492475,0.16536814,0.18538433
25x7,0.57499546,0.20594455,0.21906
25x8,0.66141146,0.10728186,0.23130673
25x9,0.37883285,0.39239845,0.22876874
25x10,0.48382437,0.34457806,0.17159761
25x11,0.37387836,0.3273407,0.29878098
25x12,0.52490294,0.35738662,0.11771044
25x13,0.27596053,0.305028,0.41901147
25x14,0.2650989,0.31009874,0.42480233
25x15,0.33693555,0.47071838,0.19234596
25x16,0.6697251,0.19957948,0.13069537
25x17,0.3389619,0.18808216,0.47295597
25x18,0.4140669,0.28628144,0.2996517
25x19,0.31099704,0.19730847,0.4916945
25x20,0.24500334,0.22099312,0.53400356
25x21,0.27336234,0.1120636,0.614574
25x22,0.13353236,0.08111405,0.7853536
25x23,0.0009440652,0.29439566,0.7046603
25x24,0.00032812578,0.00029914622,0.9993728
25x25,0.00054370397,0.00032424188,0.9991321
25x26,0.00036305562,0.00021228637,0.9994247
25x27,0.0006717506,0.0007383867,0.9985899
25x28,0.0011921208,0.0005445076,0.9982634
25x29,0.0005064684,0.00024725014,0.99924624
25x30,0.0006582532,0.00041582104,0.9989259
25x31,0.0011884903,0.00071442954,0.9980971
25x32,0.0016250843,0.0021621934,0.9962127
25x33,0.0009500393,0.0003400044,0.99871
25x34,0.0058745015,0.0010617435,0.9930638
25x35,0.00046010705,0.00039412003,0.99914575
25x36,0.0005194521,0.00042434016,0.9990562
25x37,0.045747895,0.13653465,0.81771743
25x38,0.005731496,0.15259643,0.8416721
25x39,0.0039119283,0.49543592,0.5006522
25x40,0.0012231409,0.25036576,0.7484111
25x41,0.07269283,0.35609823,0.57120895
25x42,0.008402721,0.35997248,0.63162476
25x43,0.14896083,0.5166733,0.33436584
25x44,0.030269668,0.6323892,0.3373412
25x45,0.061709642,0.3290876,0.6092028
25x46,0.18086441,0.24608476,0.57305086
25x47,0.057053756,0.45771155,0.48523474
25x48,0.24162488,0.4808482,0.2775269
25x49,0.08814105,0.2560603,0.6557987
26x0,0.43387517,0.33447245,0.23165232
26x1,0.4685471,0.29963264,0.23182027
26x2,0.29474604,0.32790166,0.3773523
26x3,0.6276313,0.22864081,0.14372784
26x4,0.5856706,0.17584288,0.23848651
26x5,0.41562912,0.45344663,0.13092433
26x6,0.6600394,0.22163917,0.11832143
26x7,0.38714015,0.25081703,0.3620428
26x8,0.4805002,0.17436047,0.3451393
26x9,0.44106275,0.29784107,0.2610962
26x10,0.39653823,0.20892426,0.3945375
26x11,0.53138,0.15376875,0.31485128
26x12,0.35657823,0.2535911,0.38983065
26x13,0.22157636,0.5289326,0.24949111
26x14,0.26698628,0.19269879,0.5403149
26x15,0.31954044,0.18126516,0.49919438
26x16,0.38020852,0.46784735,0.15194415
26x17,0.19422075,0.16330655,0.6424727
26x18,0.20698147,0.12634027,0.66667825
26x19,0.04092094,0.28295895,0.6761201
26x20,0.5942537,0.057797916,0.34794837
26x21,0.43570322,0.09093944,0.47335735
26x22,0.11876952,0.13533641,0.7458941
26x23,0.0027589502,0.08446531,0.9127757
26x24,0.5219858,0.0006577724,0.47735643
26x25,0.0003563687,0.0002615187,0.9993821
26x26,0.0005290001,0.00045097302,0.99902004
26x27,0.00041239298,0.00038381232,0.9992038
26x28,0.00039375783,0.00031207205,0.9992942
26x29,0.0002701675,0.00035000782,0.9993798
26x30,0.00033063276,0.0003224282,0.9993469
26x31,0.00036159568,0.0003630675,0.9992753
26x32,0.00050188333,0.00032229014,0.9991758
26x33,0.0010322798,0.00072452944,0.9982432
26x34,0.00073424797,0.0009412946,0.99832445
26x35,0.0020957976,0.00216993,0.9957343
26x36,0.001588559,0.22437978,0.77403164
26x37,0.04492938,0.20186996,0.75320065
26x38,0.13533534,0.3159721,0.5486925
26x39,0.43250152,0.15580069,0.41169783
26x40,0.0013937231,0.30282587,0.6957804
26x41,0.0065548946,0.45341915,0.54002595
26x42,0.08353298,0.41105184,0.50541514
26x43,0.158746,0.26243994,0.5788141
26x44,0.2728092,0.30630213,0.4208887
26x45,0.06446105,0.5062988,0.42924017
26x46,0.0386812,0.37544054,0.58587825
26x47,0.12822711,0.2650504,0.6067225
26x48,0.090839945,0.5131723,0.39598775
26x49,0.60609674,0.23400456,0.15989871
27x0,0.41816926,0.2678011,0.3140297
27x1,0.61380494,0.15056905,0.23562601
27x2,0.44912514,0.3151218,0.23575303
27x3,0.43370828,0.48433918,0.081952475
27x4,0.5120331,0.020533979,0.4674329
27x5,0.5970142,0.25193462,0.1510512
27x6,0.5420107,0.23810458,0.21988474
27x7,0.30364543,0.24244004,0.45391455
27x8,0.3709695,0.2715412,0.3574893
27x9,0.36172658,0.39476767,0.24350576
27x10,0.38760015,0.40413493,0.20826492
27x11,0.53539586,0.26554275,0.1990614
27x12,0.20078918,0.50186205,0.29734877
27x13,0.4965708,0.32765174,0.17577744
27x14,0.37524593,0.40417382,0.2205802
27x15,0.2741736,0.43665892,0.28916755
27x16,0.23965283,0.49219993,0.26814726
27x17,0.48987398,0.2257275,0.28439853
27x18,0.22361588,0.20703335,0.5693508
27x19,0.24551664,0.303337,0.45114633
27x20,0.17413309,0.36431882,0.46154815
27x21,0.2094036,0.3359866,0.45460984
27x22,0.23261315,0.08560711,0.68177974
27x23,0.17070423,0.23562518,0.59367055
27x24,0.002493583,0.03617805,0.9613284
27x25,0.137085,0.004343968,0.85857105
27x26,0.00088338915,0.113450855,0.8856657
27x27,0.00044781363,0.0014562255,0.998096
27x28,0.00035010796,0.0003470991,0.99930274
27x29,0.00076294295,0.0002558674,0.9989811
27x30,0.00077426765,0.0014747219,0.99775106
27x31,0.000440461,0.00070979685,0.99884975
27x32,0.00039759272,0.00019929324,0.9994031
27x33,0.00070293417,0.00044705402,0.99885005
27x34,0.029270329,0.24438497,0.72634465
27x35,0.008995176,0.10572991,0.88527495
27x36,0.0011233679,0.11906784,0.8798088
27x37,0.001122933,0.17317747,0.8256996
27x38,0.0025244958,0.40367296,0.5938025
27x39,0.021236641,0.2659971,0.7127663
27x40,0.041614395,0.3249949,0.6333907
27x41,0.20910388,0.3036821,0.487214
27x42,0.020671928,0.36083806,0.61849
27x43,0.001984813,0.5241367,0.47387844
27x44,0.17161329,0.42107466,0.40731204
27x45,0.31096065,0.4386103,0.25042906
27x46,0.07236204,0.55334544,0.37429255
27x47,0.078691155,0.44952366,0.4717852
27x48,0.029862532,0.5323642,0.43777323
27x49,0.13005187,0.50810266,0.3618454
28x0,0.33832428,0.43662792,0.22504772
28x1,0.3670438,0.2688276,0.36412865
28x2,0.2985338,0.46940628,0.23205993
28x3,0.4305343,0.38598654,0.18347919
28x4,0.3256518,0.61195517,0.06239306
28x5,0.45209962,0.40695244,0.1409479
28x6,0.36361328,0.3943341,0.24205257
28x7,0.31749967,0.49299031,0.18951008
28x8,0.57170945,0.23505871,0.1932318
28x9,0.37907997,0.29490122,0.32601875
28x10,0.43879518,0.24940254,0.31180227
28x11,0.54691917,0.115020506,0.33806032
28x12,0.39642027,0.39766932,0.20591035
28x13,0.13290037,0.47599542,0.39110425
28x14,0.45983997,0.30069932,0.23946074
28x15,0.58606267,0.12395381,0.28998354
28x16,0.22789218,0.24230118,0.5298067
28x17,0.26998395,0.40870583,0.32131022
28x18,0.09895591,0.3647802,0.5362639
28x19,0.21392642,0.21981898,0.5662546
28x20,0.20308591,0.283006,0.5139081
28x21,0.3693445,0.24623385,0.38442165
28x22,0.122998156,0.36314657,0.5138552
28x23,0.21080479,0.12579173,0.66340345
28x24,0.14096947,0.23033662,0.6286939
28x25,0.0018176138,0.2100347,0.7881476
28x26,0.069066286,0.11184361,0.8190901
28x27,0.0012158365,0.08993058,0.9088536
28x28,0.13685764,0.25956094,0.6035814
28x29,0.000577731,0.00034169518,0.9990806
28x30,0.00094815117,0.00063035137,0.99842155
28x31,0.0032144375,0.082517594,0.914268
28x32,0.027421972,0.27110517,0.7014728
28x33,0.04970169,0.24069627,0.7096021
28x34,0.16019478,0.16174895,0.6780563
28x35,0.10953517,0.2029579,0.6875069
28x36,0.062081877,0.3268307,0.61108744
28x37,0.0033530272,0.37191007,0.62473696
28x38,0.17265432,0.34489274,0.4824529
28x39,0.1285323,0.21880524,0.65266246
28x40,0.11444366,0.3877011,0.49785525
28x41,0.13921149,0.43716353,0.423625
28x42,0.066626355,0.5950623,0.3383113
28x43,0.0011442051,0.37878194,0.62007385
28x44,0.09805891,0.5419306,0.36001045
28x45,0.0074536274,0.40826494,0.58428144
28x46,0.047242705,0.6969329,0.25582436
28x47,0.12917131,0.68963784,0.18119082
28x48,0.0981167,0.7082316,0.19365163
28x49,0.3730667,0.4066527,0.22028065
29x0,0.5569787,0.33745977,0.10556156
29x1,0.55184674,0.257542,0.19061129
29x2,0.46666294,0.18225792,0.35107914
29x3,0.7350695,0.17206518,0.09286528
29x4,0.29890904,0.56016386,0.14092712
29x5,0.430802,0.42740512,0.14179291
29x6,0.25600728,0.36465943,0.37933326
29x7,0.53743327,0.19780487,0.2647619
29x8,0.5743557,0.23393975,0.1917045
29x9,0.49236238,0.3256086,0.18202905
29x10,0.36605006,0.4417698,0.19218011
29x11,0.25668344,0.3136451,0.4296715
29x12,0.5323712,0.32042125,0.14720751
29x13,0.30172303,0.36537626,0.33290067
29x14,0.41641846,0.45065144,0.13293011
29x15,0.34359857,0.37457108,0.28183028
29x16,0.19301994,0.5556853,0.25129482
29x17,0.2967076,0.38053483,0.3227575
29x18,0.1226666,0.5610779,0.3162555
29x19,0.12995543,0.6114964,0.2585482
29x20,0.1449228,0.37805992,0.4770173
29x21,0.20503831,0.45750841,0.3374533
29x22,0.112313636,0.23266776,0.6550186
29x23,0.41396272,0.23780267,0.3482346
29x24,0.2921255,0.38575682,0.3221177
29x25,0.0659736,0.3851101,0.5489163
29x26,0.0021300558,0.15835397,0.8395159
29x27,0.0009807921,0.36446384,0.6345554
29x28,0.07084988,0.24176998,0.68738014
29x29,0.008366506,0.07020695,0.9214266
29x30,0.0007310682,0.08925305,0.9100159
29x31,0.0006165251,0.014047436,0.98533607
29x32,0.2041395,0.10718639,0.6886741
29x33,0.12588763,0.22268642,0.65142596
29x34,0.004812805,0.37890828,0.6162789
29x35,0.055580124,0.27933645,0.6650834
29x36,0.2510352,0.24304874,0.5059161
29x37,0.0018996872,0.40117216,0.5969281
29x38,0.0016167138,0.26896822,0.72941506
29x39,0.00159045,0.37320116,0.62520844
29x40,0.0018679297,0.5688947,0.42923737
29x41,0.061407663,0.5419567,0.39663556
29x42,0.055368744,0.5289542,0.41567704
29x43,0.05167983,0.53583336,0.41248685
29x44,0.015192629,0.649529,0.3352784
29x45,0.13218781,0.5269315,0.34088066
29x46,0.3545678,0.32327878,0.32215348
29x47,0.14015464,0.42923146,0.4306139
29x48,0.35838017,0.365754,0.27586585
29x49,0.23262283,0.55736077,0.21001637
30x0,0.43164957,0.2540538,0.31429663
30x1,0.58593327,0.24947819,0.16458854
30x2,0.33335567,0.12666754,0.5399768
30x3,0.38850152,0.416293,0.19520552
30x4,0.27807847,0.5636365,0.15828502
30x5,0.3915768,0.3573944,0.25102884
30x6,0.313971,0.53426105,0.151768
30x7,0.30128932,0.5326571,0.16605355
30x8,0.43443254,0.21105519,0.35451224
30x9,0.22756806,0.39467722,0.37775478
30x10,0.5233664,0.28896144,0.18767221
30x11,0.42077452,0.31716532,0.2620601
30x12,0.31842744,0.46832162,0.21325096
30x13,0.42557684,0.38602018,0.18840292
30x14,0.16040435,0.49296322,0.34663245
30x15,0.14272957,0.29949892,0.55777156
30x16,0.14333421,0.65578204,0.2008838
30x17,0.22793105,0.3407585,0.4313105
30x18,0.03390163,0.64916235,0.316936
30x19,0.59778035,0.23292865,0.169291
30x20,0.07526832,0.6358071,0.2889246
30x21,0.14196815,0.5944514,0.26358038
30x22,0.27062443,0.2547606,0.474615
30x23,0.05670875,0.47185245,0.47143877
30x24,0.14931834,0.32311752,0.52756417
30x25,0.21641186,0.54501116,0.23857695
30x26,0.3614385,0.14076275,0.49779877
30x27,0.15942174,0.38641784,0.45416042
30x28,0.30357453,0.32220754,0.37421787
30x29,0.058182135,0.24872088,0.69309694
30x30,0.2323858,0.35755625,0.41005793
30x31,0.041611515,0.2240538,0.73433465
30x32,0.056036733,0.4503411,0.49362218
30x33,0.15674433,0.37916988,0.4640858
30x34,0.004162169,0.5786455,0.41719228
30x35,0.0020720533,0.484754,0.51317394
30x36,0.077338666,0.29008818,0.6325731
30x37,0.08585769,0.2812965,0.6328458
30x38,0.001537547,0.6795607,0.31890175
30x39,0.2836986,0.31396148,0.40233997
30x40,0.14351027,0.49668175,0.35980797
30x41,0.49951053,0.35144892,0.14904062
30x42,0.15594724,0.56140083,0.28265196
30x43,0.16910866,0.374617,0.45627433
30x44,0.10322364,0.6018477,0.29492864
30x45,0.05167589,0.7043412,0.24398288
30x46,0.119176425,0.46959132,0.4112322
30x47,0.08273991,0.48410195,0.4331582
30x48,0.10496805,0.6418232,0.2532088
30x49,0.18967435,0.49301594,0.3173098
31x0,0.42513755,0.13120148,0.44366103
31x1,0.5573686,0.23581274,0.20681868
31x2,0.45863232,0.39130992,0.15005776
31x3,0.2897234,0.4098532,0.30042338
31x4,0.35826528,0.35363695,0.2880978
31x5,0.5327484,0.21423322,0.25301838
31x6,0.23786658,0.4933772,0.26875624
31x7,0.49870846,0.37315837,0.1281332
31x8,0.17754325,0.46902874,0.35342804
31x9,0.47520676,0.30125338,0.22353983
31x10,0.30545112,0.47533762,0.21921122
31x11,0.27444303,0.3457821,0.37977487
31x12,0.49366006,0.27403548,0.23230448
31x13,0.45337188,0.40615976,0.14046836
31x14,0.11136796,0.5979213,0.29071078
31x15,0.13266967,0.49051473,0.37681556
31x16,0.17140986,0.41112375,0.41746637
31x17,0.10317986,0.6455267,0.25129345
31x18,0.041731272,0.51405835,0.4442104
31x19,0.20811902,0.4165451,0.37533587
31x20,0.019568412,0.52020615,0.4602254
31x21,0.283998,0.3919668,0.3240352
31x22,0.18707146,0.49127838,0.32165024
31x23,0.10174249,0.5855962,0.31266123
31x24,0.16048855,0.5780432,0.26146823
31x25,0.001261937,0.51041645,0.48832163
31x26,0.1585084,0.42203745,0.41945416
31x27,0.22766401,0.49941793,0.27291808
31x28,0.15951347,0.44785073,0.3926358
31x29,0.09659998,0.33582142,0.5675786
31x30,0.0012408006,0.75766873,0.24109046
31x31,0.081968956,0.40551063,0.5125204
31x32,0.045109957,0.34889653,0.60599345
31x33,0.19251132,0.44195306,0.36553556
31x34,0.10285347,0.45439845,0.44274804
31x35,0.0022794118,0.38149217,0.61622846
31x36,0.0016856418,0.76376176,0.23455262
31x37,0.0050924644,0.7008043,0.2941032
31x38,0.053399935,0.678993,0.2676071
31x39,0.0008638706,0.5000499,0.49908626
31x40,0.13092381,0.61465675,0.25441945
31x41,0.070606194,0.4190472,0.51034665
31x42,0.002629142,0.878921,0.118449874
31x43,0.17123407,0.62269175,0.20607418
31x44,0.0015782095,0.7090221,0.2893997
31x45,0.0059799193,0.8002422,0.19377789
31x46,0.12589121,0.681781,0.19232775
31x47,0.05161531,0.55426085,0.39412388
31x48,0.3409742,0.35538954,0.30363622
31x49,0.19996062,0.5513031,0.24873635
32x0,0.23685053,0.38650513,0.3766443
32x1,0.34638354,0.16846499,0.4851515
32x2,0.5264837,0.2698908,0.20362553
32x3,0.5253641,0.24896246,0.22567345
32x4,0.22699974,0.31611246,0.45688775
32x5,0.22970524,0.5374554,0.23283935
32x6,0.35926458,0.405897,0.23483841
32x7,0.13794205,0.6192393,0.24281867
32x8,0.3848737,0.48174766,0.13337864
32x9,0.21028577,0.50543886,0.28427535
32x10,0.4485222,0.3200726,0.23140526
32x11,0.35772374,0.46758294,0.17469333
32x12,0.057419255,0.51561123,0.42696947
32x13,0.1395064,0.53410625,0.3263873
32x14,0.20258664,0.73761976,0.059793558
32x15,0.16475663,0.6354589,0.19978453
32x16,0.175342,0.58546215,0.23919581
32x17,0.036318667,0.7947395,0.16894184
32x18,0.23810707,0.66481245,0.09708055
32x19,0.008799628,0.76033425,0.23086612
32x20,0.068488434,0.79812443,0.13338713
32x21,0.0029258355,0.7805633,0.21651082
32x22,0.2201661,0.54861027,0.2312236
32x23,0.29267478,0.47918028,0.22814493
32x24,0.16152152,0.4539719,0.38450655
32x25,0.28796834,0.3669564,0.34507516
32x26,0.002054645,0.79489857,0.20304678
32x27,0.0021406545,0.6802286,0.3176307
32x28,0.09112576,0.6190312,0.28984308
32x29,0.0083474,0.57188976,0.41976285
32x30,0.093323655,0.49985301,0.40682337
32x31,0.066112176,0.39126915,0.5426187
32x32,0.03101296,0.669291,0.29969594
32x33,0.05275143,0.39168498,0.5555637
32x34,0.050501715,0.63689417,0.31260416
32x35,0.17391172,0.50551665,0.32057166
32x36,0.30924058,0.5212113,0.16954811
32x37,0.001893642,0.67160064,0.32650572
32x38,0.12306294,0.46682262,0.4101145
32x39,0.23539308,0.47056195,0.29404494
32x40,0.0737435,0.7270011,0.19925545
32x41,0.12459717,0.50288945,0.37251344
32x42,0.15090531,0.6179591,0.23113562
32x43,0.008845659,0.77891254,0.21224186
32x44,0.08755888,0.6296995,0.28274167
32x45,0.010558429,0.795372,0.19406958
32x46,0.19927558,0.5777135,0.22301093
32x47,0.18484196,0.61373806,0.20141996
32x48,0.12724084,0.55648357,0.3162756
32x49,0.009776817,0.7406951,0.24952805
33x0,0.5109949,0.15477228,0.33423278
33x1,0.25448322,0.2505006,0.49501625
33x2,0.27917442,0.39402756,0.32679802
33x3,0.35008216,0.3211192,0.32879868
33x4,0.2818306,0.5667349,0.15143451
33x5,0.5751745,0.2363202,0.18850537
33x6,0.16643845,0.5317549,0.30180663
33x7,0.24693672,0.5569944,0.1960689
33x8,0.1749662,0.56398386,0.26104996
33x9,0.32915324,0.5097835,0.16106322
33x10,0.21272126,0.5671115,0.22016723
33x11,0.17974414,0.43920708,0.38104883
33x12,0.0201305,0.5448781,0.43499133
33x13,0.029146252,0.73088247,0.23997134
33x14,0.40135568,0.45689115,0.14175315
33x15,0.26213047,0.5099656,0.22790393
33x16,0.16704553,0.7267382,0.106216274
33x17,0.0022191487,0.7464157,0.2513652
33x18,0.03115927,0.71115965,0.25768107
33x19,0.007304597,0.78277504,0.20992035
33x20,0.14200732,0.66692984,0.19106287
33x21,0.05144038,0.6507575,0.29780212
33x22,0.0021597994,0.8181857,0.17965455
33x23,0.23501682,0.5639619,0.20102116
33x24,0.044385042,0.9024602,0.053154733
33x25,0.014041996,0.7227559,0.26320213
33x26,0.008305807,0.79751813,0.19417602
33x27,0.1668063,0.7164466,0.11674719
33x28,0.017355658,0.7153893,0.267255
33x29,0.049427558,0.7310903,0.21948206
33x30,0.20050234,0.60371965,0.195778
33x31,0.21104258,0.52380514,0.2651523
33x32,0.16020559,0.60393035,0.235864
33x33,0.031339813,0.65492374,0.3137364
33x34,0.0015704207,0.63892174,0.3595079
33x35,0.09070037,0.3494791,0.55982053
33x36,0.07097657,0.7311494,0.19787404
33x37,0.0041728984,0.68287826,0.31294882
33x38,0.116385125,0.8335376,0.05007731
33x39,0.1126828,0.5445767,0.34274048
33x40,0.083157584,0.6769131,0.2399293
33x41,0.17233655,0.6137555,0.21390782
33x42,0.038514946,0.85447234,0.107012756
33x43,0.0015738982,0.68118274,0.3172434
33x44,0.14502718,0.7252757,0.12969714
33x45,0.010514639,0.80741,0.1820753
33x46,0.11316617,0.53257126,0.35426265
33x47,0.10006777,0.6602954,0.2396368
33x48,0.10800636,0.57314193,0.31885174
33x49,0.24900104,0.4212966,0.32970244
34x0,0.33644393,0.38315296,0.28040308
34x1,0.35834372,0.2616894,0.37996686
34x2,0.44243443,0.28392524,0.2736403
34x3,0.23302029,0.43731797,0.32966182
34x4,0.36690018,0.46361992,0.16947988
34x5,0.3643728,0.27881137,0.35681581
34x6,0.32094553,0.4328842,0.24617028
34x7,0.47108823,0.29696947,0.23194227
34x8,0.26000217,0.5186118,0.22138608
34x9,0.24817133,0.49837187,0.25345686
34x10,0.16727474,0.6390781,0.19364718
34x11,0.0844013,0.593083,0.32251558
34x12,0.14198488,0.5592964,0.2987187
34x13,0.147768,0.6013512,0.2508808
34x14,0.017214157,0.7008558,0.2819301
34x15,0.19046405,0.61379945,0.19573648
34x16,0.24946144,0.66678506,0.08375345
34x17,0.019990902,0.86851996,0.11148924
34x18,0.07939948,0.7989092,0.12169133
34x19,0.006958613,0.78684145,0.20619994
34x20,0.0015220632,0.8744917,0.123986214
34x21,0.00889082,0.90168124,0.08942796
34x22,0.1641321,0.76057655,0.07529134
34x23,0.14327067,0.85558414,0.0011451887
34x24,0.06278962,0.89298064,0.04422975
34x25,0.2891085,0.5294079,0.18148357
34x26,0.018836973,0.9142739,0.06688908
34x27,0.33638728,0.6293587,0.034254134
34x28,0.0016520626,0.7339553,0.26439267
34x29,0.06908912,0.83729786,0.09361301
34x30,0.0039433194,0.73176736,0.26428932
34x31,0.038847264,0.8733488,0.08780394
34x32,0.1438285,0.7740436,0.082127884
34x33,0.053068526,0.7988791,0.14805236
34x34,0.002693204,0.7221233,0.2751835
34x35,0.034265026,0.8495548,0.11618027
34x36,0.1761177,0.82336426,0.0005180788
34x37,0.0032865868,0.88425493,0.112458505
34x38,0.1962638,0.80123556,0.0025006775
34x39,0.18923321,0.6607941,0.14997274
34x40,0.23480871,0.68345106,0.081740215
34x41,0.006351395,0.9931743,0.0004742228
34x42,0.0068528196,0.680663,0.31248415
34x43,0.0013531722,0.9058206,0.09282619
34x44,0.026206322,0.7781661,0.19562754
34x45,0.10164796,0.7849084,0.113443576
34x46,0.21283235,0.6732853,0.11388235
34x47,0.047364138,0.6324676,0.32016823
34x48,0.19078797,0.5709086,0.23830344
34x49,0.0021320407,0.583858,0.41400993
35x0,0.15820588,0.52485186,0.3169423
35x1,0.2827319,0.21055415,0.506714
35x2,0.24304084,0.4144647,0.34249446
35x3,0.5448301,0.32036546,0.13480441
35x4,0.35941064,0.464126,0.17646337
35x5,0.5368593,0.23693946,0.22620124
35x6,0.22367837,0.3242293,0.45209235
35x7,0.2389368,0.47300208,0.28806117
35x8,0.22492735,0.46847337,0.30659935
35x9,0.46646637,0.37586617,0.15766747
35x10,0.27772382,0.24915186,0.4731243
35x11,0.23992683,0.4054886,0.35458457
35x12,0.20057043,0.58226895,0.21716063
35x13,0.18714622,0.6288944,0.18395932
35x14,0.0029962359,0.73045653,0.26654726
35x15,0.25647542,0.6937346,0.049789935
35x16,0.12926593,0.51647997,0.3542541
35x17,0.048338264,0.8339161,0.1177456
35x18,0.03944007,0.96001214,0.0005478852
35x19,0.0016209028,0.9975082,0.0008708748
35x20,0.0024665769,0.9963393,0.0011941221
35x21,0.0052493424,0.99359727,0.0011533693
35x22,0.014641556,0.9846413,0.00071709155
35x23,0.001060472,0.99790555,0.0010339406
35x24,0.003339177,0.99617195,0.000488832
35x25,0.0027605284,0.9966924,0.000547021
35x26,0.02929489,0.9681662,0.002538957
35x27,0.001997747,0.9973847,0.0006174904
35x28,0.0027432495,0.99648845,0.00076830183
35x29,0.009227304,0.9899602,0.0008124563
35x30,0.0011317463,0.9984271,0.00044122926
35x31,0.0017052036,0.9977401,0.00055464543
35x32,0.03845866,0.96120846,0.00033290044
35x33,0.00792684,0.99184704,0.00022616082
35x34,0.0011373498,0.9985201,0.00034260788
35x35,0.0018669334,0.9970636,0.0010694646
35x36,0.0016705145,0.9978546,0.00047490722
35x37,0.019761126,0.97971636,0.0005225509
35x38,0.0032260711,0.99618614,0.00058776804
35x39,0.0075611407,0.9919981,0.00044082417
35x40,0.002747726,0.9828512,0.014401061
35x41,0.004861946,0.9945093,0.00062875415
35x42,0.0017287228,0.9977361,0.0005352629
35x43,0.001023222,0.998394,0.0005827428
35x44,0.16309962,0.7053794,0.13152099
35x45,0.004570575,0.8285948,0.16683462
35x46,0.0008817276,0.80743355,0.19168477
35x47,0.00983157,0.73342794,0.2567405
35x48,0.005322769,0.8414113,0.15326595
35x49,0.0728582,0.5743954,0.35274643
36x0,0.26766205,0.45796552,0.2743724
36x1,0.17643009,0.6240261,0.19954379
36x2,0.56857455,0.22946577,0.20195965
36x3,0.29798082,0.27321848,0.42880073
36x4,0.320327,0.39037457,0.2892984
36x5,0.19188662,0.45515448,0.352959
36x6,0.21785894,0.5371198,0.24502122
36x7,0.27143475,0.40353844,0.32502684
36x8,0.20252459,0.45770797,0.33976737
36x9,0.32539207,0.3543066,0.32030138
36x10,0.10286403,0.6313785,0.26575744
36x11,0.24801786,0.57592356,0.17605849
36x12,0.26477024,0.512431,0.22279873
36x13,0.12194517,0.73700696,0.1410478
36x14,0.119614534,0.84633774,0.034047697
36x15,0.22182108,0.57017237,0.20800659
36x16,0.0012075853,0.726041,0.27275136
36x17,0.12370645,0.87557846,0.00071508955
36x18,0.004536244,0.9950804,0.00038339192
36x19,0.0018117457,0.99705815,0.001130122
36x20,0.002707864,0.9967421,0.000550007
36x21,0.0021347487,0.9969874,0.00087785575
36x22,0.032186646,0.9672304,0.0005829451
36x23,0.01240035,0.9865824,0.0010171642
36x24,0.0070093037,0.9921583,0.0008323961
36x25,0.0031832105,0.99643874,0.00037802034
36x26,0.01890864,0.9805288,0.00056253176
36x27,0.05181138,0.9476033,0.00058536435
36x28,0.0411654,0.9584147,0.00041990468
36x29,0.0052277846,0.9799544,0.014817748
36x30,0.002147011,0.99745744,0.00039559088
36x31,0.0020905975,0.99721223,0.00069719035
36x32,0.0052635246,0.9943272,0.00040930152
36x33,0.0013858546,0.9980775,0.00053667504
36x34,0.02612629,0.9723266,0.0015471193
36x35,0.0020767285,0.99749947,0.0004238239
36x36,0.011770291,0.9843332,0.0038964727
36x37,0.0039241984,0.99581015,0.00026568834
36x38,0.0030666855,0.99638456,0.00054876384
36x39,0.011355801,0.98083264,0.007811568
36x40,0.0037663085,0.9945063,0.0017273502
36x41,0.04031535,0.95937824,0.00030638836
36x42,0.007124887,0.9925082,0.00036692643
36x43,0.08714707,0.7119348,0.20091818
36x44,0.006723167,0.8601399,0.1331369
36x45,0.018640742,0.6011784,0.38018084
36x46,0.080486156,0.65116954,0.2683443
36x47,0.0122295655,0.73817515,0.24959533
36x48,0.0015625333,0.8559847,0.14245275
36x49,0.14101663,0.7233178,0.1356656
37x0,0.51751536,0.31701395,0.16547073
37x1,0.28883743,0.46647134,0.24469128
37x2,0.3270952,0.5025594,0.17034538
37x3,0.2338096,0.5626215,0.20356895
37x4,0.29232916,0.5825995,0.12507124
37x5,0.36912566,0.26012632,0.37074804
37x6,0.2514929,0.49095896,0.25754812
37x7,0.3785621,0.40695116,0.21448673
37x8,0.2658682,0.48242158,0.25171024
37x9,0.14658277,0.5032702,0.35014707
37x10,0.21568425,0.4099087,0.37440705
37x11,0.041260336,0.6880361,0.27070355
37x12,0.2591682,0.62445307,0.11637871
37x13,0.17611285,0.62667966,0.19720745
37x14,0.18313463,0.64395595,0.17290947
37x15,0.17516789,0.73869115,0.08614098
37x16,0.0035731224,0.82679355,0.16963333
37x17,0.0109024,0.78092986,0.2081677
37x18,0.0017182468,0.9978561,0.0004256357
37x19,0.0018933433,0.99786335,0.00024324983
37x20,0.003835657,0.9956514,0.0005129263
37x21,0.00941217,0.9898191,0.0007686997
37x22,0.06127447,0.93833894,0.000386566
37x23,0.0015972385,0.9979826,0.00042012712
37x24,0.008001939,0.98903316,0.0029648729
37x25,0.0077350144,0.9918808,0.00038424457
37x26,0.0011330129,0.9982188,0.0006481992
37x27,0.0016960289,0.982399,0.015905028
37x28,0.04368342,0.9552741,0.0010425084
37x29,0.0010994705,0.9982258,0.0006748
37x30,0.0058549196,0.99283457,0.0013104809
37x31,0.0041246894,0.9953778,0.0004975497
37x32,0.0019146706,0.99774534,0.00033999412
37x33,0.0018304563,0.9977305,0.00043905425
37x34,0.0020020753,0.9966504,0.0013475121
37x35,0.0021712056,0.99723774,0.0005910515
37x36,0.0031277884,0.9879646,0.008907693
37x37,0.014650643,0.9848837,0.000465615
37x38,0.0012526552,0.9911431,0.0076041515
37x39,0.015387358,0.98386544,0.0007472027
37x40,0.0101514,0.98936963,0.0004789717
37x41,0.016472632,0.98221976,0.0013076453
37x42,0.056960322,0.9425404,0.0004992489
37x43,0.0053617335,0.79993266,0.1947057
37x44,0.06670128,0.93257207,0.0007266301
37x45,0.14059302,0.6866213,0.17278571
37x46,0.0012433577,0.8081733,0.19058329
37x47,0.061841488,0.8053439,0.13281463
37x48,0.031877983,0.8448159,0.12330611
37x49,0.09258482,0.5222023,0.3852129
38x0,0.34806442,0.32060972,0.33132586
38x1,0.41557172,0.3521838,0.23224442
38x2,0.31603768,0.32639062,0.35757172
38x3,0.29334125,0.48447788,0.22218083
38x4,0.38794374,0.30320466,0.30885157
38x5,0.22280172,0.48092854,0.29626977
38x6,0.13670808,0.46977875,0.3935132
38x7,0.5265806,0.25781953,0.21559991
38x8,0.12853433,0.20222424,0.66924137
38x9,0.2989142,0.46139804,0.23968782
38x10,0.28474125,0.3933154,0.32194334
38x11,0.30310336,0.49367115,0.2032255
38x12,0.16995654,0.69118613,0.1388573
38x13,0.44473505,0.45424435,0.10102059
38x14,0.09488642,0.7279333,0.17718029
38x15,0.01956762,0.7948072,0.18562514
38x16,0.121947065,0.6658513,0.21220161
38x17,0.0016521732,0.94251764,0.05583015
38x18,0.002095639,0.9973887,0.0005155718
38x19,0.04409997,0.95465565,0.0012443411
38x20,0.055158783,0.94402444,0.00081677444
38x21,0.003035694,0.9965484,0.00041587502
38x22,0.009362205,0.98999494,0.00064280216
38x23,0.0031215823,0.99601185,0.00086652953
38x24,0.012166146,0.9874563,0.00037757607
38x25,0.1319433,0.8671965,0.00086023984
38x26,0.04215507,0.95752615,0.0003188432
38x27,0.023705905,0.9661507,0.010143409
38x28,0.005421956,0.9669554,0.027622666
38x29,0.0023185532,0.9973918,0.00028968242
38x30,0.0038645389,0.9952859,0.0008495052
38x31,0.0010098201,0.99861526,0.00037489948
38x32,0.032312542,0.9665235,0.0011639097
38x33,0.0798032,0.9167851,0.0034117254
38x34,0.075479165,0.92385906,0.0006618456
38x35,0.010667342,0.98252845,0.0068041566
38x36,0.0034253122,0.9957026,0.0008720517
38x37,0.005498693,0.99408287,0.0004184378
38x38,0.0084893545,0.9873782,0.004132498
38x39,0.0018916546,0.98658425,0.011524067
38x40,0.015398305,0.9842543,0.00034741694
38x41,0.0030516705,0.9965798,0.0003685041
38x42,0.0025488886,0.9940451,0.0034060807
38x43,0.14632092,0.85195565,0.0017234271
38x44,0.028838255,0.8485178,0.12264398
38x45,0.018184591,0.74454933,0.23726602
38x46,0.0015265613,0.9193175,0.079155885
38x47,0.0025379418,0.8556141,0.14184795
38x48,0.0026140232,0.88104886,0.11633712
38x49,0.13983521,0.7886719,0.07149288
39x0,0.38983694,0.39734647,0.21281658
39x1,0.24126332,0.45991364,0.29882306
39x2,0.37519372,0.4685998,0.15620653
39x3,0.31282088,0.4256909,0.26148826
39x4,0.18549526,0.54626685,0.2682379
39x5,0.51327,0.2631265,0.22360352
39x6,0.33930343,0.5450057,0.11569095
39x7,0.31222576,0.38663504,0.30113918
39x8,0.312417,0.6071027,0.08048031
39x9,0.121002726,0.75450605,0.124491245
39x10,0.23217589,0.44921607,0.3186081
39x11,0.22945684,0.5050937,0.26544952
39x12,0.17628841,0.60979503,0.21391656
39x13,0.08847401,0.84699756,0.06452848
39x14,0.18244892,0.71517795,0.10237315
39x15,0.11702961,0.80841964,0.0745507
39x16,0.0014329992,0.92383146,0.07473557
39x17,0.0029531277,0.8827682,0.11427867
39x18,0.0068160533,0.9924183,0.0007655985
39x19,0.019605648,0.9796706,0.0007237727
39x20,0.05565044,0.944027,0.0003226217
39x21,0.004269214,0.99502647,0.00070435455
39x22,0.004898629,0.9944147,0.00068665156
39x23,0.007270838,0.9923242,0.00040509843
39x24,0.056251068,0.94244105,0.001307841
39x25,0.07262177,0.9267535,0.0006247279
39x26,0.047184113,0.95193225,0.0008836343
39x27,0.02675146,0.970588,0.0026604705
39x28,0.0038690262,0.9955663,0.0005646633
39x29,0.0025889226,0.9964065,0.0010044954
39x30,0.016813206,0.98243797,0.0007488587
39x31,0.052328255,0.9340163,0.013655435
39x32,0.088614054,0.91034424,0.0010417138
39x33,0.003907798,0.99561936,0.00047279804
39x34,0.0056301495,0.9866553,0.007714515
39x35,0.001665597,0.9926472,0.0056872196
39x36,0.0015973301,0.9978725,0.0005302057
39x37,0.014079648,0.98461306,0.0013072469
39x38,0.008554086,0.9909512,0.0004947407
39x39,0.0011603988,0.9978004,0.0010391522
39x40,0.05652328,0.94307446,0.0004022717
39x41,0.0009495794,0.99873596,0.00031444788
39x42,0.036070634,0.9622599,0.0016694653
39x43,0.0032358088,0.82347727,0.17328687
39x44,0.0122193815,0.88847584,0.099304765
39x45,0.095187046,0.78494704,0.11986593
39x46,0.0023167678,0.80631167,0.1913715
39x47,0.0024936406,0.7784627,0.21904366
39x48,0.16178478,0.56803197,0.2701833
39x49,0.008621216,0.5876112,0.4037676
40x0,0.21665221,0.45382926,0.3295185
40x1,0.1140723,0.6956709,0.19025682
40x2,0.23883413,0.5714635,0.18970238
40x3,0.056726374,0.6916993,0.25157437
40x4,0.07160691,0.6998397,0.2285534
40x5,0.13689385,0.62525773,0.23784846
40x6,0.29221252,0.46311378,0.24467365
40x7,0.3164022,0.5636411,0.11995673
40x8,0.2033978,0.5034579,0.29314432
40x9,0.13608393,0.62243026,0.24148582
40x10,0.08512579,0.40958598,0.50528824
40x11,0.04887509,0.8424144,0.10871055
40x12,0.09702106,0.6268899,0.27608904
40x13,0.06383618,0.70113873,0.23502503
40x14,0.088022046,0.6761469,0.2358311
40x15,0.30863127,0.579744,0.11162476
40x16,0.0020467208,0.9390523,0.05890095
40x17,0.059748698,0.9267151,0.013536143
40x18,0.0029554833,0.9960391,0.0010054057
40x19,0.039426435,0.9563919,0.004181646
40x20,0.0012067463,0.99735975,0.0014335664
40x21,0.0012122017,0.998257,0.00053087005
40x22,0.04112847,0.95419514,0.0046763844
40x23,0.0021445714,0.9974044,0.00045108263
40x24,0.0026455608,0.9969335,0.00042094575
40x25,0.0027274503,0.9967264,0.0005462008
40x26,0.0018372587,0.9966295,0.0015332662
40x27,0.050181065,0.949276,0.0005429458
40x28,0.0014575893,0.99819344,0.00034897024
40x29,0.009723668,0.9868222,0.0034541527
40x30,0.0054420684,0.98858905,0.005968832
40x31,0.018741174,0.980635,0.000623823
40x32,0.0012946726,0.9957442,0.0029610898
40x33,0.0055127544,0.9937709,0.0007163179
40x34,0.0050870962,0.994349,0.0005638728
40x35,0.007418343,0.9921462,0.00043544528
40x36,0.006175077,0.99349767,0.0003271748
40x37,0.005595114,0.97417176,0.020233177
40x38,0.0026801054,0.995864,0.0014559304
40x39,0.07191735,0.9255892,0.002493409
40x40,0.0014344704,0.9979806,0.00058489246
40x41,0.0020958208,0.9856575,0.0122466795
40x42,0.004204942,0.9950466,0.00074841105
40x43,0.030035194,0.96818095,0.0017838621
40x44,0.119474076,0.6835437,0.19698222
40x45,0.07505746,0.87128234,0.0536602
40x46,0.09022554,0.70262754,0.20714696
40x47,0.08785465,0.817688,0.09445735
40x48,0.09244085,0.6940658,0.21349336
40x49,0.14099601,0.61120826,0.24779578
41x0,0.18800963,0.5153256,0.29666477
41x1,0.33749446,0.4064803,0.25602522
41x2,0.23172475,0.6112327,0.15704258
41x3,0.326725,0.314561,0.35871392
41x4,0.05501144,0.6408381,0.30415052
41x5,0.10818978,0.4487683,0.44304186
41x6,0.30221778,0.5208444,0.17693783
41x7,0.441584,0.27682328,0.2815928
41x8,0.15316257,0.32156157,0.5252758
41x9,0.34215078,0.4723804,0.18546881
41x10,0.19634914,0.6983903,0.10526058
41x11,0.45527294,0.40403363,0.14069347
41x12,0.40748224,0.5451642,0.0473535
41x13,0.08568326,0.6186606,0.2956561
41x14,0.0016375682,0.73955965,0.25880283
41x15,0.2694241,0.6452359,0.08534001
41x16,0.29394832,0.55919164,0.14686008
41x17,0.07732246,0.8166408,0.106036745
41x18,0.0032952398,0.9959987,0.00070609496
41x19,0.014073179,0.98556423,0.00036261333
41x20,0.009873357,0.9880128,0.0021138568
41x21,0.005919795,0.9915167,0.0025634759
41x22,0.0026087642,0.99305487,0.0043363567
41x23,0.0017169021,0.99767244,0.0006106877
41x24,0.0745375,0.9250905,0.00037209463
41x25,0.0012857555,0.998106,0.0006082023
41x26,0.002727599,0.996981,0.00029137387
41x27,0.01968692,0.9789317,0.0013813274
41x28,0.0016484724,0.99772495,0.00062653155
41x29,0.02682443,0.97236216,0.00081339525
41x30,0.047453657,0.9523335,0.00021277569
41x31,0.024387186,0.97459465,0.0010181336
41x32,0.0008405067,0.9987972,0.0003623519
41x33,0.002060887,0.9972509,0.0006882554
41x34,0.0024346227,0.9952987,0.0022667083
41x35,0.0028346593,0.9964002,0.00076519954
41x36,0.0044405935,0.9950285,0.0005309736
41x37,0.0026111982,0.99692094,0.00046783415
41x38,0.008140904,0.9913805,0.00047858644
41x39,0.0213709,0.9769209,0.0017081571
41x40,0.0057097003,0.9587411,0.035549212
41x41,0.0018850027,0.9977183,0.00039670998
41x42,0.04792568,0.95114815,0.0009261947
41x43,0.033779524,0.9657386,0.00048188103
41x44,0.07667482,0.75723547,0.16608979
41x45,0.0022805228,0.7196356,0.2780839
41x46,0.09612355,0.7434825,0.16039403
41x47,0.0030201473,0.7736855,0.22329433
41x48,0.05006078,0.61235064,0.33758855
41x49,0.03933206,0.7444793,0.21618862
42x0,0.46388376,0.2807119,0.2554044
42x1,0.24672574,0.40541485,0.3478594
42x2,0.16696665,0.68209106,0.15094227
42x3,0.2762298,0.32865518,0.39511505
42x4,0.43762717,0.37027115,0.19210163
42x5,0.23238964,0.49004263,0.27756774
42x6,0.36252794,0.49488816,0.14258392
42x7,0.18212767,0.5911285,0.22674385
42x8,0.083604775,0.67095095,0.24544428
42x9,0.45716634,0.41326874,0.12956484
42x10,0.14765699,0.57976824,0.2725748
42x11,0.010890531,0.92890286,0.06020653
42x12,0.20855157,0.73314196,0.05830638
42x13,0.1802301,0.48029757,0.33947232
42x14,0.11776587,0.8215224,0.06071163
42x15,0.17306958,0.7550283,0.07190211
42x16,0.1627527,0.57588893,0.2613583
42x17,0.17804724,0.82131046,0.0006423285
42x18,0.034897313,0.96446157,0.00064115936
42x19,0.005653756,0.9918639,0.0024823174
42x20,0.0030168428,0.9956061,0.0013770292
42x21,0.0012637378,0.99849266,0.00024363567
42x22,0.014179165,0.98519325,0.000627586
42x23,0.0057208105,0.99380344,0.00047572952
42x24,0.0012290651,0.9982671,0.0005038235
42x25,0.0039198664,0.9950594,0.0010207652
42x26,0.0063954545,0.99305767,0.0005469511
42x27,0.08525124,0.91408837,0.0006604271
42x28,0.08512431,0.9105469,0.0043287724
42x29,0.000981429,0.9874818,0.011536789
42x30,0.0026632142,0.9969353,0.0004014917
42x31,0.0021453963,0.9975311,0.00032345127
42x32,0.057028484,0.94115925,0.0018122636
42x33,0.0032933415,0.99587524,0.0008313751
42x34,0.018093327,0.9812431,0.00066354946
42x35,0.030966759,0.9686652,0.00036806634
42x36,0.0033478423,0.9960036,0.0006486255
42x37,0.0018363426,0.9977528,0.0004108217
42x38,0.0028477034,0.9958646,0.0012877764
42x39,0.003932319,0.9949333,0.0011343516
42x40,0.0043913582,0.99506754,0.000541005
42x41,0.0043248404,0.99446124,0.0012139544
42x42,0.024068305,0.95758706,0.018344663
42x43,0.002424352,0.8860771,0.111498505
42x44,0.0025916449,0.8949821,0.1024263
42x45,0.046196837,0.63947743,0.31432572
42x46,0.00885069,0.85122937,0.1399199
42x47,0.09205311,0.79625034,0.11169661
42x48,0.19469027,0.72908074,0.07622899
42x49,0.06662015,0.6497543,0.2836255
43x0,0.21705334,0.64039284,0.1425538
43x1,0.4036111,0.3017628,0.2946261
43x2,0.2280249,0.5250903,0.24688482
43x3,0.38983095,0.3439799,0.2661892
43x4,0.17673348,0.6884091,0.13485743
43x5,0.31470874,0.5183569,0.16693433
43x6,0.41690236,0.39556217,0.18753548
43x7,0.21578233,0.53309894,0.25111875
43x8,0.31655174,0.55070186,0.13274635
43x9,0.05496599,0.69069976,0.2543342
43x10,0.17641993,0.60813695,0.21544313
43x11,0.09324633,0.7528929,0.1538607
43x12,0.35062322,0.48011237,0.1692644
43x13,0.1883175,0.66789013,0.1437924
43x14,0.016900266,0.797796,0.18530375
43x15,0.0047618346,0.8817653,0.113472834
43x16,0.23371463,0.7657424,0.0005429872
43x17,0.048792817,0.94931996,0.0018872
43x18,0.004277749,0.9939785,0.0017438236
43x19,0.0012739444,0.99604803,0.0026780018
43x20,0.0032287496,0.9963042,0.0004669744
43x21,0.019719744,0.9763433,0.003936933
43x22,0.0026027185,0.9962911,0.0011061635
43x23,0.019157533,0.98045665,0.00038582474
43x24,0.0033812134,0.99509186,0.0015269441
43x25,0.029275874,0.9548688,0.01585531
43x26,0.030986285,0.9685686,0.00044512778
43x27,0.050824568,0.94794136,0.0012339954
43x28,0.001504436,0.99772745,0.0007681061
43x29,0.0053064357,0.99402624,0.00066733884
43x30,0.022266848,0.9750503,0.0026828502
43x31,0.0029756252,0.9964269,0.00059751456
43x32,0.0020375757,0.9975608,0.00040166994
43x33,0.0012182225,0.9983443,0.00043751206
43x34,0.0016161159,0.99784094,0.0005429479
43x35,0.10798305,0.8911221,0.0008948253
43x36,0.016585473,0.98276836,0.00064620277
43x37,0.008364527,0.9912146,0.0004208681
43x38,0.0047815074,0.9947005,0.00051801506
43x39,0.018361786,0.9811124,0.000525807
43x40,0.00093004847,0.9987139,0.00035606234
43x41,0.006158547,0.99348384,0.00035753526
43x42,0.0016016647,0.9979875,0.00041084984
43x43,0.18438531,0.8143138,0.0013008487
43x44,0.05813501,0.89585584,0.046009142
43x45,0.0038652113,0.75223917,0.24389559
43x46,0.0027760125,0.82211906,0.17510502
43x47,0.075659014,0.7237067,0.20063427
43x48,0.29575497,0.6369892,0.06725578
43x49,0.03355574,0.7532997,0.21314457
44x0,0.3472972,0.619432,0.03327083
44x1,0.35652986,0.34162268,0.30184752
44x2,0.17974529,0.58982414,0.23043066
44x3,0.20123437,0.40861785,0.39014778
44x4,0.2642361,0.50001097,0.23575288
44x5,0.06799943,0.5824519,0.34954873
44x6,0.16111751,0.79260015,0.046282295
44x7,0.18142447,0.6690286,0.14954703
44x8,0.21070497,0.7378222,0.05147292
44x9,0.12383337,0.60269785,0.27346885
44x10,0.0111168185,0.7618995,0.22698371
44x11,0.21356028,0.5490534,0.23738638
44x12,0.21046405,0.63844377,0.15109226
44x13,0.12465751,0.7616904,0.11365218
44x14,0.114249915,0.5781628,0.30758733
44x15,0.03653132,0.68677896,0.2766897
44x16,0.036628004,0.8155594,0.14781256
44x17,0.08840744,0.74817276,0.16341984
44x18,0.0022840055,0.99726677,0.00044917103
44x19,0.002389962,0.99705213,0.00055799127
44x20,0.0013655922,0.9967138,0.0019206099
44x21,0.0020893863,0.9974774,0.00043318025
44x22,0.011119753,0.988203,0.0006772416
44x23,0.0048148334,0.99471396,0.0004712746
44x24,0.00089478685,0.99876153,0.00034368364
44x25,0.005135134,0.99452657,0.0003383222
44x26,0.014067903,0.98532057,0.0006115461
44x27,0.006639361,0.99232876,0.0010318556
44x28,0.008122098,0.99143064,0.00044721665
44x29,0.028331134,0.9697814,0.0018874413
44x30,0.0021501498,0.9969553,0.00089455093
44x31,0.002668071,0.9968474,0.00048459522
44x32,0.0013640107,0.998078,0.0005580205
44x33,0.008224361,0.98946255,0.0023130237
44x34,0.01728941,0.97458565,0.008124866
44x35,0.012228703,0.9869874,0.00078394904
44x36,0.022174181,0.96042836,0.0173975
44x37,0.0077030626,0.9907578,0.0015390629
44x38,0.0030065067,0.98196316,0.0150303515
44x39,0.0023774977,0.9970472,0.0005754121
44x40,0.0016560528,0.9909749,0.0073690894
44x41,0.0028967676,0.9965211,0.0005821463
44x42,0.017398799,0.9821243,0.00047690608
44x43,0.001543796,0.86871636,0.12973984
44x44,0.088548005,0.859497,0.05195497
44x45,0.11763052,0.8264448,0.055924617
44x46,0.08089199,0.8292469,0.08986109
44x47,0.023231447,0.7944081,0.18236041
44x48,0.0013231912,0.8889912,0.10968558
44x49,0.0032053085,0.7529191,0.24387561
45x0,0.20751947,0.49937937,0.29310116
45x1,0.29631478,0.48668042,0.21700478
45x2,0.38192633,0.47214955,0.14592417
45x3,0.26256186,0.48717186,0.2502663
45x4,0.115961164,0.5044329,0.3796059
45x5,0.38913673,0.49065202,0.12021118
45x6,0.32593134,0.4547627,0.21930598
45x7,0.29220796,0.52828753,0.17950451
45x8,0.3036757,0.5231937,0.17313065
45x9,0.33904845,0.51400596,0.14694561
45x10,0.2665592,0.5024126,0.23102818
45x11,0.09856995,0.84495586,0.056474224
45x12,0.008005243,0.7457425,0.24625231
45x13,0.21155147,0.5332449,0.25520363
45x14,0.32446054,0.6743854,0.0011540026
45x15,0.0022351276,0.87846667,0.11929821
45x16,0.0028043652,0.8188248,0.17837085
45x17,0.12455054,0.8748665,0.00058301113
45x18,0.03220174,0.9653779,0.0024202925
45x19,0.0069276677,0.9882364,0.0048358953
45x20,0.0026124795,0.9809456,0.01644186
45x21,0.026075989,0.94735795,0.026565958
45x22,0.018800452,0.98072827,0.0004712249
45x23,0.0014559252,0.99797416,0.00056991103
45x24,0.0019404205,0.99758625,0.00047329772
45x25,0.075449705,0.9236818,0.00086855254
45x26,0.01120284,0.98622864,0.0025685013
45x27,0.0181834,0.9814481,0.00036850615
45x28,0.0059896456,0.9930456,0.00096474
45x29,0.0045068413,0.9949982,0.00049496675
45x30,0.062139366,0.93723094,0.0006297352
45x31,0.0018494094,0.99689955,0.0012510655
45x32,0.001481096,0.9977953,0.00072363036
45x33,0.0018686975,0.9974725,0.0006588372
45x34,0.0074598077,0.9918625,0.0006777246
45x35,0.009305779,0.99037015,0.00032402662
45x36,0.027951697,0.9713032,0.00074514735
45x37,0.0027748982,0.99623567,0.0009893859
45x38,0.0037545746,0.9959491,0.0002963448
45x39,0.0012765467,0.9982244,0.000499032
45x40,0.017556416,0.9808666,0.0015769681
45x41,0.0023261858,0.99735796,0.00031583896
45x42,0.0019233996,0.99760646,0.00047009884
45x43,0.00194098,0.8630079,0.13505107
45x44,0.053886402,0.8783523,0.06776133
45x45,0.08599498,0.6267347,0.2872704
45x46,0.14167212,0.6588127,0.19951525
45x47,0.21517679,0.59615135,0.18867184
45x48,0.020031366,0.7736882,0.20628045
45x49,0.17206301,0.6605335,0.16740344
46x0,0.094278045,0.44556656,0.46015537
46x1,0.10954817,0.65389675,0.23655513
46x2,0.5629441,0.271872,0.16518389
46x3,0.45180017,0.40138096,0.14681888
46x4,0.29792708,0.56452364,0.13754928
46x5,0.29541025,0.45046252,0.2541272
46x6,0.6179017,0.29919803,0.082900316
46x7,0.15018415,0.51086205,0.3389538
46x8,0.39192683,0.3878799,0.22019325
46x9,0.07508632,0.64750177,0.2774119
46x10,0.20049293,0.3935933,0.4059137
46x11,0.059606224,0.8106116,0.12978211
46x12,0.24251148,0.5108992,0.24658936
46x13,0.07696094,0.6857204,0.23731859
46x14,0.13038765,0.77382106,0.095791295
46x15,0.25777352,0.55752116,0.18470527
46x16,0.121902175,0.73653644,0.14156142
46x17,0.036153726,0.75549406,0.20835218
46x18,0.003909276,0.815096,0.18099472
46x19,0.58752185,0.39289835,0.019579718
46x20,0.108763844,0.8899424,0.0012937477
46x21,0.09202645,0.78340286,0.124570735
46x22,0.1254002,0.7800217,0.09457808
46x23,0.28214592,0.71704876,0.00080531894
46x24,0.0057869926,0.91078985,0.083423115
46x25,0.0012567182,0.9801901,0.018553192
46x26,0.06499201,0.93448955,0.00051842286
46x27,0.00342022,0.995749,0.0008307898
46x28,0.007452012,0.99185216,0.0006957751
46x29,0.004665382,0.8961323,0.09920229
46x30,0.006493741,0.992094,0.0014122262
46x31,0.0012863856,0.9983335,0.00038009117
46x32,0.0017076812,0.9970928,0.0011995023
46x33,0.00188978,0.88935405,0.10875617
46x34,0.05580258,0.9384137,0.005783725
46x35,0.07587891,0.92344105,0.0006800032
46x36,0.058274396,0.94085526,0.0008703595
46x37,0.07070815,0.8519016,0.07739034
46x38,0.047419284,0.9516853,0.00089538895
46x39,0.0017219767,0.8146369,0.18364108
46x40,0.100636885,0.8990076,0.00035555306
46x41,0.20411323,0.7950096,0.00087719824
46x42,0.00338414,0.99599475,0.0006210566
46x43,0.08586226,0.8385,0.07563774
46x44,0.026642628,0.8584361,0.11492127
46x45,0.003038788,0.8739126,0.123048626
46x46,0.17152612,0.6863945,0.14207938
46x47,0.12076383,0.65164024,0.22759585
46x48,0.011383294,0.88158315,0.10703354
46x49,0.17004341,0.4593935,0.37056315
47x0,0.10359955,0.6147246,0.2816759
47x1,0.38358957,0.45224208,0.16416833
47x2,0.30866015,0.5465835,0.14475633
47x3,0.19600306,0.52179384,0.28220302
47x4,0.29234153,0.45914987,0.24850857
47x5,0.18045023,0.69613636,0.12341341
47x6,0.23066019,0.6122053,0.15713441
47x7,0.31318745,0.2680475,0.41876507
47x8,0.11823915,0.7161099,0.16565102
47x9,0.17177927,0.41302344,0.41519725
47x10,0.16450031,0.7777153,0.05778434
47x11,0.18822071,0.56839085,0.2433885
47x12,0.0529118,0.8560519,0.09103621
47x13,0.14168121,0.61754876,0.24076998
47x14,0.2000817,0.7015026,0.09841568
47x15,0.037227202,0.87383354,0.088939294
47x16,0.12516183,0.87396175,0.00087645254
47x17,0.016180418,0.860604,0.1232156
47x18,0.05461493,0.8354162,0.10996888
47x19,0.1276368,0.8714474,0.0009158098
47x20,0.0021386624,0.88126296,0.116598405
47x21,0.037960086,0.76486653,0.19717342
47x22,0.0018934623,0.99759537,0.00051121606
47x23,0.0025496047,0.9745757,0.022874713
47x24,0.2367146,0.62168425,0.1416011
47x25,0.0074771335,0.9042122,0.08831067
47x26,0.41486138,0.5522836,0.032855093
47x27,0.0016561726,0.77787286,0.22047094
47x28,0.10180954,0.8193514,0.078839004
47x29,0.21143797,0.66672903,0.12183302
47x30,0.014511561,0.984591,0.000897453
47x31,0.029533425,0.92738545,0.043081045
47x32,0.09967225,0.83958465,0.06074309
47x33,0.120098956,0.87942016,0.00048089822
47x34,0.0036597732,0.8634741,0.13286608
47x35,0.0412835,0.76763695,0.19107948
47x36,0.0029535948,0.82021385,0.17683257
47x37,0.05255638,0.94706875,0.00037496473
47x38,0.22392048,0.7706486,0.0054309894
47x39,0.10856212,0.79806,0.09337791
47x40,0.056051906,0.6342157,0.3097324
47x41,0.11371081,0.73870176,0.14758745
47x42,0.0014907044,0.7915866,0.2069227
47x43,0.33482483,0.5885224,0.076652765
47x44,0.05689489,0.74426734,0.19883776
47x45,0.16459267,0.8344939,0.0009134541
47x46,0.027481224,0.8257526,0.14676613
47x47,0.1190052,0.63857764,0.24241705
47x48,0.0014523626,0.7119627,0.28658494
47x49,0.11729765,0.73835146,0.14435083
48x0,0.42445916,0.2991057,0.27643517
48x1,0.31389442,0.42481837,0.26128724
48x2,0.3270155,0.47192466,0.2010599
48x3,0.32252654,0.49521726,0.18225616
48x4,0.6508256,0.16423792,0.18493646
48x5,0.10240205,0.6352389,0.2623591
48x6,0.015928367,0.71978664,0.26428497
48x7,0.17409968,0.5088027,0.3170976
48x8,0.43746156,0.39459413,0.16794437
48x9,0.06299649,0.60433245,0.33267105
48x10,0.31854463,0.5305349,0.1509204
48x11,0.015757758,0.8487308,0.13551146
48x12,0.19720386,0.48751312,0.31528303
48x13,0.08200041,0.82120645,0.09679319
48x14,0.15532617,0.73223066,0.11244314
48x15,0.18436155,0.7028096,0.11282892
48x16,0.195314,0.6611184,0.1435676
48x17,0.1783296,0.6253215,0.19634892
48x18,0.11398825,0.8745238,0.011487973
48x19,0.0020049347,0.92579955,0.07219555
48x20,0.119823456,0.87906426,0.0011122831
48x21,0.12614706,0.74103713,0.13281581
48x22,0.0849745,0.79662687,0.118398726
48x23,0.0020675648,0.94509584,0.052836593
48x24,0.029505467,0.6579049,0.31258956
48x25,0.04749237,0.86321855,0.08928906
48x26,0.13943163,0.5083874,0.35218096
48x27,0.11778558,0.61382705,0.26838738
48x28,0.15431102,0.8452433,0.00044568328
48x29,0.35489792,0.5945786,0.050523493
48x30,0.014711678,0.752903,0.23238528
48x31,0.007535611,0.82154894,0.1709155
48x32,0.058149006,0.824462,0.117388986
48x33,0.24643517,0.75307286,0.0004919705
48x34,0.0015826606,0.8859315,0.112485856
48x35,0.005952941,0.8392249,0.1548222
48x36,0.11960865,0.84691703,0.033474326
48x37,0.053800333,0.66644233,0.27975732
48x38,0.0032035708,0.6661882,0.33060825
48x39,0.15077132,0.84862256,0.00060618034
48x40,0.021013975,0.84279007,0.13619599
48x41,0.0033354133,0.9958372,0.0008273521
48x42,0.0037408858,0.873666,0.12259306
48x43,0.09995914,0.5824354,0.3176054
48x44,0.19593146,0.64748687,0.15658164
48x45,0.1343848,0.79636544,0.06924975
48x46,0.0013487717,0.73393136,0.2647199
48x47,0.18103234,0.6793048,0.1396629
48x48,0.004143362,0.7069819,0.2888747
48x49,0.17659305,0.5704247,0.2529823
49x0,0.43688205,0.3006418,0.26247618
49x1,0.17290042,0.52890265,0.29819688
49x2,0.3964651,0.34173375,0.26180118
49x3,0.30480447,0.42536646,0.26982903
49x4,0.29654393,0.46253112,0.24092494
49x5,0.23165001,0.48414052,0.28420946
49x6,0.090614446,0.68769854,0.22168699
49x7,0.29236835,0.5621349,0.14549667
49x8,0.29089686,0.6664705,0.04263263
49x9,0.3557372,0.34242228,0.30184057
49x10,0.06498451,0.6165918,0.3184237
49x11,0.117012076,0.73700196,0.14598596
49x12,0.39682704,0.3869995,0.21617348
49x13,0.27615252,0.5839517,0.13989574
49x14,0.18212539,0.6374922,0.1803824
49x15,0.23685546,0.6519159,0.11122863
49x16,0.29227436,0.60833114,0.09939451
49x17,0.003101379,0.7964195,0.20047915
49x18,0.48894402,0.31776524,0.19329074
49x19,0.008387634,0.8275292,0.16408314
49x20,0.12242606,0.77370495,0.10386901
49x21,0.21769375,0.7818745,0.00043179424
49x22,0.09254177,0.5957092,0.31174904
49x23,0.0023510202,0.87421364,0.12343536
49x24,0.046204407,0.8636116,0.09018409
49x25,0.005531201,0.58915764,0.4053112
49x26,0.13711244,0.7929058,0.06998176
49x27,0.13420497,0.78007174,0.08572334
49x28,0.0050024996,0.67203695,0.32296056
49x29,0.014367425,0.65401864,0.33161396
49x30,0.0014663511,0.79045534,0.2080783
49x31,0.030254554,0.91688937,0.052856132
49x32,0.17349052,0.7915207,0.034988776
49x33,0.113300286,0.75496304,0.13173673
49x34,0.06543073,0.6018376,0.33273172
49x35,0.00396069,0.7752912,0.22074813
49x36,0.09780496,0.7855809,0.11661416
49x37,0.004189454,0.8586252,0.13718541
49x38,0.04793596,0.862495,0.089569055
49x39,0.014662181,0.88919735,0.09614041
49x40,0.13004987,0.7528749,0.1170752
49x41,0.01911041,0.86306787,0.11782174
49x42,0.037295572,0.8128055,0.1498989
49x43,0.15103494,0.7530127,0.095952384
49x44,0.0050745923,0.78976554,0.2051599
49x45,0.0021207083,0.8866956,0.11118367
49x46,0.23171957,0.72980845,0.038471945
49x47,0.18185972,0.62830484,0.18983538
49x48,0.111585245,0.5484168,0.33999798
49x49,0.22460036,0.6307751,0.14462453
