,Stroma,Ductal,Cancer
0x0,0.33333333333333304,0.0,0.666666666666667
0x1,0.555555555555556,0.0,0.444444444444444
0x2,0.0,0.0,1.0
0x3,0.222222222222222,0.0,0.7777777777777779
0x4,0.0,0.0,1.0
0x5,0.0,0.0,1.0
0x6,0.0,0.0,1.0
0x7,0.0,0.0,1.0
0x8,0.0,0.0,1.0
0x9,0.0,0.0,1.0
0x10,0.0,0.0,1.0
0x11,0.0,0.0,1.0
0x12,0.0,0.0,1.0
0x13,0.0,0.0,1.0
0x14,0.0,0.0,1.0
0x15,0.0,0.0,1.0
0x16,0.0,0.0,1.0
0x17,0.0,0.111111111111111,0.8888888888888891
0x18,0.0,0.33333333333333304,0.666666666666667
0x19,0.0,0.0,1.0
0x20,0.111111111111111,0.0,0.8888888888888891
0x21,0.111111111111111,0.0,0.8888888888888891
0x22,0.444444444444444,0.0,0.555555555555556
0x23,1.0,0.0,0.0
0x24,0.222222222222222,0.0,0.7777777777777779
0x25,1.0,0.0,0.0
0x26,1.0,0.0,0.0
0x27,1.0,0.0,0.0
0x28,1.0,0.0,0.0
0x29,1.0,0.0,0.0
0x30,0.7777777777777779,0.0,0.222222222222222
0x31,0.666666666666667,0.0,0.33333333333333304
0x32,0.7777777777777779,0.0,0.222222222222222
0x33,0.555555555555556,0.0,0.444444444444444
0x34,0.8888888888888891,0.0,0.111111111111111
0x35,1.0,0.0,0.0
0x36,1.0,0.0,0.0
0x37,1.0,0.0,0.0
0x38,1.0,0.0,0.0
0x39,1.0,0.0,0.0
0x40,1.0,0.0,0.0
0x41,1.0,0.0,0.0
0x42,1.0,0.0,0.0
0x43,1.0,0.0,0.0
0x44,1.0,0.0,0.0
0x45,1.0,0.0,0.0
0x46,1.0,0.0,0.0
0x47,1.0,0.0,0.0
0x48,1.0,0.0,0.0
0x49,1.0,0.0,0.0
1x0,0.0,0.0,1.0
1x1,0.0,0.0,1.0
1x2,0.222222222222222,0.0,0.7777777777777779
1x3,0.444444444444444,0.0,0.555555555555556
1x4,0.0,0.0,1.0
1x5,0.0,0.0,1.0
1x6,0.0,0.0,1.0
1x7,0.0,0.0,1.0
1x8,0.0,0.0,1.0
1x9,0.0,0.0,1.0
1x10,0.0,0.0,1.0
1x11,0.0,0.0,1.0
1x12,0.0,0.111111111111111,0.8888888888888891
1x13,0.0,0.0,1.0
1x14,0.0,0.0,1.0
1x15,0.0,0.0,1.0
1x16,0.222222222222222,0.0,0.7777777777777779
1x17,0.0,0.0,1.0
1x18,0.0,0.0,1.0
1x19,0.0,0.0,1.0
1x20,0.666666666666667,0.0,0.33333333333333304
1x21,0.666666666666667,0.0,0.33333333333333304
1x22,0.8888888888888891,0.0,0.111111111111111
1x23,0.33333333333333304,0.0,0.666666666666667
1x24,0.0,0.0,1.0
1x25,0.555555555555556,0.0,0.444444444444444
1x26,0.666666666666667,0.0,0.33333333333333304
1x27,0.8888888888888891,0.0,0.111111111111111
1x28,1.0,0.0,0.0
1x29,1.0,0.0,0.0
1x30,1.0,0.0,0.0
1x31,1.0,0.0,0.0
1x32,1.0,0.0,0.0
1x33,1.0,0.0,0.0
1x34,1.0,0.0,0.0
1x35,1.0,0.0,0.0
1x36,1.0,0.0,0.0
1x37,1.0,0.0,0.0
1x38,1.0,0.0,0.0
1x39,0.8888888888888891,0.0,0.111111111111111
1x40,1.0,0.0,0.0
1x41,1.0,0.0,0.0
1x42,1.0,0.0,0.0
1x43,1.0,0.0,0.0
1x44,1.0,0.0,0.0
1x45,1.0,0.0,0.0
1x46,1.0,0.0,0.0
1x47,1.0,0.0,0.0
1x48,0.7777777777777779,0.222222222222222,0.0
1x49,1.0,0.0,0.0
2x0,0.0,0.0,1.0
2x1,0.0,0.0,1.0
2x2,0.0,0.0,1.0
2x3,0.0,0.0,1.0
2x4,0.0,0.0,1.0
2x5,0.0,0.0,1.0
2x6,0.0,0.0,1.0
2x7,0.0,0.0,1.0
2x8,0.0,0.0,1.0
2x9,0.0,0.0,1.0
2x10,0.0,0.0,1.0
2x11,0.0,0.0,1.0
2x12,0.0,0.0,1.0
2x13,0.0,0.0,1.0
2x14,0.0,0.0,1.0
2x15,0.0,0.0,1.0
2x16,0.111111111111111,0.0,0.8888888888888891
2x17,0.0,0.0,1.0
2x18,0.222222222222222,0.0,0.7777777777777779
2x19,0.222222222222222,0.0,0.7777777777777779
2x20,0.0,0.0,1.0
2x21,0.555555555555556,0.0,0.444444444444444
2x22,0.33333333333333304,0.0,0.666666666666667
2x23,0.444444444444444,0.0,0.555555555555556
2x24,0.33333333333333304,0.0,0.666666666666667
2x25,0.555555555555556,0.0,0.444444444444444
2x26,0.555555555555556,0.0,0.444444444444444
2x27,0.7777777777777779,0.0,0.222222222222222
2x28,1.0,0.0,0.0
2x29,0.7777777777777779,0.0,0.222222222222222
2x30,1.0,0.0,0.0
2x31,1.0,0.0,0.0
2x32,1.0,0.0,0.0
2x33,1.0,0.0,0.0
2x34,1.0,0.0,0.0
2x35,0.7777777777777779,0.0,0.222222222222222
2x36,1.0,0.0,0.0
2x37,1.0,0.0,0.0
2x38,1.0,0.0,0.0
2x39,1.0,0.0,0.0
2x40,1.0,0.0,0.0
2x41,1.0,0.0,0.0
2x42,1.0,0.0,0.0
2x43,1.0,0.0,0.0
2x44,1.0,0.0,0.0
2x45,1.0,0.0,0.0
2x46,1.0,0.0,0.0
2x47,1.0,0.0,0.0
2x48,1.0,0.0,0.0
2x49,1.0,0.0,0.0
3x0,0.0,0.0,1.0
3x1,0.0,0.0,1.0
3x2,0.0,0.0,1.0
3x3,0.0,0.0,1.0
3x4,0.0,0.0,1.0
3x5,0.0,0.0,1.0
3x6,0.0,0.0,1.0
3x7,0.0,0.0,1.0
3x8,0.0,0.0,1.0
3x9,0.0,0.0,1.0
3x10,0.0,0.0,1.0
3x11,0.0,0.0,1.0
3x12,0.0,0.0,1.0
3x13,0.0,0.0,1.0
3x14,0.0,0.0,1.0
3x15,0.0,0.0,1.0
3x16,0.0,0.0,1.0
3x17,0.0,0.0,1.0
3x18,0.0,0.0,1.0
3x19,0.0,0.0,1.0
3x20,0.0,0.0,1.0
3x21,1.0,0.0,0.0
3x22,0.0,0.0,1.0
3x23,0.222222222222222,0.0,0.7777777777777779
3x24,0.7777777777777779,0.0,0.222222222222222
3x25,1.0,0.0,0.0
3x26,1.0,0.0,0.0
3x27,1.0,0.0,0.0
3x28,1.0,0.0,0.0
3x29,0.666666666666667,0.0,0.33333333333333304
3x30,1.0,0.0,0.0
3x31,1.0,0.0,0.0
3x32,0.666666666666667,0.0,0.33333333333333304
3x33,1.0,0.0,0.0
3x34,1.0,0.0,0.0
3x35,1.0,0.0,0.0
3x36,1.0,0.0,0.0
3x37,1.0,0.0,0.0
3x38,1.0,0.0,0.0
3x39,1.0,0.0,0.0
3x40,1.0,0.0,0.0
3x41,1.0,0.0,0.0
3x42,1.0,0.0,0.0
3x43,1.0,0.0,0.0
3x44,1.0,0.0,0.0
3x45,1.0,0.0,0.0
3x46,1.0,0.0,0.0
3x47,1.0,0.0,0.0
3x48,0.8888888888888891,0.0,0.111111111111111
3x49,1.0,0.0,0.0
4x0,0.0,0.0,1.0
4x1,0.0,0.0,1.0
4x2,0.111111111111111,0.0,0.8888888888888891
4x3,0.0,0.0,1.0
4x4,0.0,0.0,1.0
4x5,0.0,0.0,1.0
4x6,0.0,0.0,1.0
4x7,0.0,0.0,1.0
4x8,0.0,0.0,1.0
4x9,0.0,0.0,1.0
4x10,0.0,0.0,1.0
4x11,0.0,0.0,1.0
4x12,0.0,0.0,1.0
4x13,0.0,0.0,1.0
4x14,0.0,0.0,1.0
4x15,0.0,0.0,1.0
4x16,0.0,0.0,1.0
4x17,0.0,0.0,1.0
4x18,0.0,0.0,1.0
4x19,0.0,0.0,1.0
4x20,0.0,0.0,1.0
4x21,0.111111111111111,0.0,0.8888888888888891
4x22,0.33333333333333304,0.0,0.666666666666667
4x23,0.555555555555556,0.0,0.444444444444444
4x24,0.555555555555556,0.0,0.444444444444444
4x25,0.8888888888888891,0.0,0.111111111111111
4x26,0.7777777777777779,0.0,0.222222222222222
4x27,0.8888888888888891,0.0,0.111111111111111
4x28,1.0,0.0,0.0
4x29,1.0,0.0,0.0
4x30,1.0,0.0,0.0
4x31,1.0,0.0,0.0
4x32,1.0,0.0,0.0
4x33,1.0,0.0,0.0
4x34,1.0,0.0,0.0
4x35,1.0,0.0,0.0
4x36,1.0,0.0,0.0
4x37,1.0,0.0,0.0
4x38,1.0,0.0,0.0
4x39,1.0,0.0,0.0
4x40,1.0,0.0,0.0
4x41,1.0,0.0,0.0
4x42,1.0,0.0,0.0
4x43,1.0,0.0,0.0
4x44,1.0,0.0,0.0
4x45,1.0,0.0,0.0
4x46,1.0,0.0,0.0
4x47,1.0,0.0,0.0
4x48,1.0,0.0,0.0
4x49,1.0,0.0,0.0
5x0,0.0,0.0,1.0
5x1,0.0,0.0,1.0
5x2,0.0,0.0,1.0
5x3,0.0,0.0,1.0
5x4,0.0,0.0,1.0
5x5,0.0,0.0,1.0
5x6,0.0,0.0,1.0
5x7,0.0,0.0,1.0
5x8,0.0,0.0,1.0
5x9,0.0,0.0,1.0
5x10,0.0,0.0,1.0
5x11,0.0,0.0,1.0
5x12,0.0,0.0,1.0
5x13,0.0,0.0,1.0
5x14,0.0,0.0,1.0
5x15,0.0,0.0,1.0
5x16,0.0,0.0,1.0
5x17,0.0,0.0,1.0
5x18,0.666666666666667,0.0,0.33333333333333304
5x19,0.111111111111111,0.0,0.8888888888888891
5x20,0.0,0.0,1.0
5x21,0.111111111111111,0.0,0.8888888888888891
5x22,0.666666666666667,0.0,0.33333333333333304
5x23,0.666666666666667,0.0,0.33333333333333304
5x24,1.0,0.0,0.0
5x25,1.0,0.0,0.0
5x26,1.0,0.0,0.0
5x27,1.0,0.0,0.0
5x28,1.0,0.0,0.0
5x29,1.0,0.0,0.0
5x30,1.0,0.0,0.0
5x31,1.0,0.0,0.0
5x32,1.0,0.0,0.0
5x33,1.0,0.0,0.0
5x34,1.0,0.0,0.0
5x35,1.0,0.0,0.0
5x36,1.0,0.0,0.0
5x37,1.0,0.0,0.0
5x38,1.0,0.0,0.0
5x39,1.0,0.0,0.0
5x40,1.0,0.0,0.0
5x41,1.0,0.0,0.0
5x42,1.0,0.0,0.0
5x43,1.0,0.0,0.0
5x44,1.0,0.0,0.0
5x45,1.0,0.0,0.0
5x46,1.0,0.0,0.0
5x47,1.0,0.0,0.0
5x48,1.0,0.0,0.0
5x49,1.0,0.0,0.0
6x0,0.0,0.0,1.0
6x1,0.0,0.0,1.0
6x2,0.0,0.0,1.0
6x3,0.0,0.0,1.0
6x4,0.0,0.0,1.0
6x5,0.0,0.0,1.0
6x6,0.0,0.0,1.0
6x7,0.0,0.0,1.0
6x8,0.0,0.0,1.0
6x9,0.0,0.0,1.0
6x10,0.0,0.0,1.0
6x11,0.0,0.0,1.0
6x12,0.0,0.0,1.0
6x13,0.0,0.0,1.0
6x14,0.0,0.0,1.0
6x15,0.0,0.0,1.0
6x16,0.0,0.0,1.0
6x17,0.0,0.0,1.0
6x18,0.0,0.0,1.0
6x19,0.0,0.0,1.0
6x20,0.0,0.0,1.0
6x21,0.0,0.0,1.0
6x22,0.0,0.0,1.0
6x23,0.555555555555556,0.0,0.444444444444444
6x24,0.444444444444444,0.0,0.555555555555556
6x25,0.7777777777777779,0.0,0.222222222222222
6x26,1.0,0.0,0.0
6x27,1.0,0.0,0.0
6x28,1.0,0.0,0.0
6x29,1.0,0.0,0.0
6x30,1.0,0.0,0.0
6x31,1.0,0.0,0.0
6x32,1.0,0.0,0.0
6x33,1.0,0.0,0.0
6x34,1.0,0.0,0.0
6x35,1.0,0.0,0.0
6x36,1.0,0.0,0.0
6x37,1.0,0.0,0.0
6x38,1.0,0.0,0.0
6x39,0.8888888888888891,0.0,0.111111111111111
6x40,1.0,0.0,0.0
6x41,1.0,0.0,0.0
6x42,1.0,0.0,0.0
6x43,1.0,0.0,0.0
6x44,1.0,0.0,0.0
6x45,1.0,0.0,0.0
6x46,1.0,0.0,0.0
6x47,1.0,0.0,0.0
6x48,1.0,0.0,0.0
6x49,1.0,0.0,0.0
7x0,0.0,0.0,1.0
7x1,0.0,0.0,1.0
7x2,0.0,0.0,1.0
7x3,0.0,0.0,1.0
7x4,0.0,0.0,1.0
7x5,0.0,0.0,1.0
7x6,0.0,0.0,1.0
7x7,0.0,0.0,1.0
7x8,0.0,0.0,1.0
7x9,0.0,0.0,1.0
7x10,0.0,0.0,1.0
7x11,0.0,0.0,1.0
7x12,0.0,0.0,1.0
7x13,0.0,0.0,1.0
7x14,0.0,0.0,1.0
7x15,0.0,0.0,1.0
7x16,0.0,0.0,1.0
7x17,0.0,0.0,1.0
7x18,0.0,0.0,1.0
7x19,0.33333333333333304,0.0,0.666666666666667
7x20,0.0,0.555555555555556,0.444444444444444
7x21,0.222222222222222,0.0,0.7777777777777779
7x22,0.444444444444444,0.0,0.555555555555556
7x23,0.666666666666667,0.0,0.33333333333333304
7x24,0.0,0.0,1.0
7x25,0.7777777777777779,0.0,0.222222222222222
7x26,1.0,0.0,0.0
7x27,1.0,0.0,0.0
7x28,1.0,0.0,0.0
7x29,1.0,0.0,0.0
7x30,1.0,0.0,0.0
7x31,1.0,0.0,0.0
7x32,1.0,0.0,0.0
7x33,1.0,0.0,0.0
7x34,1.0,0.0,0.0
7x35,1.0,0.0,0.0
7x36,1.0,0.0,0.0
7x37,1.0,0.0,0.0
7x38,1.0,0.0,0.0
7x39,1.0,0.0,0.0
7x40,1.0,0.0,0.0
7x41,1.0,0.0,0.0
7x42,1.0,0.0,0.0
7x43,1.0,0.0,0.0
7x44,1.0,0.0,0.0
7x45,1.0,0.0,0.0
7x46,1.0,0.0,0.0
7x47,1.0,0.0,0.0
7x48,1.0,0.0,0.0
7x49,1.0,0.0,0.0
8x0,0.0,0.0,1.0
8x1,0.0,0.0,1.0
8x2,0.0,0.0,1.0
8x3,0.0,0.0,1.0
8x4,0.0,0.0,1.0
8x5,0.0,0.0,1.0
8x6,0.0,0.0,1.0
8x7,0.0,0.0,1.0
8x8,0.0,0.0,1.0
8x9,0.0,0.0,1.0
8x10,0.0,0.0,1.0
8x11,0.0,0.0,1.0
8x12,0.0,0.0,1.0
8x13,0.0,0.0,1.0
8x14,0.0,0.0,1.0
8x15,0.0,0.0,1.0
8x16,0.0,0.0,1.0
8x17,0.0,0.0,1.0
8x18,0.0,0.0,1.0
8x19,0.222222222222222,0.0,0.7777777777777779
8x20,0.111111111111111,0.0,0.8888888888888891
8x21,0.666666666666667,0.0,0.33333333333333304
8x22,0.444444444444444,0.0,0.555555555555556
8x23,0.33333333333333304,0.0,0.666666666666667
8x24,0.33333333333333304,0.0,0.666666666666667
8x25,1.0,0.0,0.0
8x26,1.0,0.0,0.0
8x27,0.7777777777777779,0.0,0.222222222222222
8x28,1.0,0.0,0.0
8x29,1.0,0.0,0.0
8x30,1.0,0.0,0.0
8x31,1.0,0.0,0.0
8x32,1.0,0.0,0.0
8x33,1.0,0.0,0.0
8x34,1.0,0.0,0.0
8x35,1.0,0.0,0.0
8x36,1.0,0.0,0.0
8x37,1.0,0.0,0.0
8x38,1.0,0.0,0.0
8x39,1.0,0.0,0.0
8x40,1.0,0.0,0.0
8x41,1.0,0.0,0.0
8x42,1.0,0.0,0.0
8x43,1.0,0.0,0.0
8x44,1.0,0.0,0.0
8x45,1.0,0.0,0.0
8x46,1.0,0.0,0.0
8x47,1.0,0.0,0.0
8x48,1.0,0.0,0.0
8x49,1.0,0.0,0.0
9x0,0.0,0.0,1.0
9x1,0.0,0.0,1.0
9x2,0.0,0.0,1.0
9x3,0.0,0.0,1.0
9x4,0.0,0.0,1.0
9x5,0.0,0.0,1.0
9x6,0.0,0.0,1.0
9x7,0.0,0.0,1.0
9x8,0.0,0.0,1.0
9x9,0.0,0.0,1.0
9x10,0.0,0.0,1.0
9x11,0.0,0.0,1.0
9x12,0.0,0.0,1.0
9x13,0.0,0.0,1.0
9x14,0.0,0.0,1.0
9x15,0.0,0.0,1.0
9x16,0.0,0.0,1.0
9x17,0.0,0.0,1.0
9x18,0.0,0.0,1.0
9x19,0.0,0.0,1.0
9x20,0.111111111111111,0.0,0.8888888888888891
9x21,0.33333333333333304,0.0,0.666666666666667
9x22,0.0,0.0,1.0
9x23,0.0,0.0,1.0
9x24,0.666666666666667,0.0,0.33333333333333304
9x25,1.0,0.0,0.0
9x26,0.8888888888888891,0.0,0.111111111111111
9x27,0.7777777777777779,0.0,0.222222222222222
9x28,1.0,0.0,0.0
9x29,1.0,0.0,0.0
9x30,1.0,0.0,0.0
9x31,1.0,0.0,0.0
9x32,1.0,0.0,0.0
9x33,1.0,0.0,0.0
9x34,1.0,0.0,0.0
9x35,1.0,0.0,0.0
9x36,1.0,0.0,0.0
9x37,1.0,0.0,0.0
9x38,1.0,0.0,0.0
9x39,1.0,0.0,0.0
9x40,1.0,0.0,0.0
9x41,1.0,0.0,0.0
9x42,1.0,0.0,0.0
9x43,1.0,0.0,0.0
9x44,1.0,0.0,0.0
9x45,1.0,0.0,0.0
9x46,1.0,0.0,0.0
9x47,1.0,0.0,0.0
9x48,1.0,0.0,0.0
9x49,1.0,0.0,0.0
10x0,0.0,0.0,1.0
10x1,0.0,0.0,1.0
10x2,0.0,0.0,1.0
10x3,0.0,0.0,1.0
10x4,0.0,0.0,1.0
10x5,0.0,0.0,1.0
10x6,0.0,0.0,1.0
10x7,0.0,0.0,1.0
10x8,0.0,0.0,1.0
10x9,0.0,0.0,1.0
10x10,0.0,0.0,1.0
10x11,0.0,0.0,1.0
10x12,0.0,0.0,1.0
10x13,0.0,0.0,1.0
10x14,0.0,0.0,1.0
10x15,0.0,0.0,1.0
10x16,0.0,0.0,1.0
10x17,0.0,0.0,1.0
10x18,0.0,0.0,1.0
10x19,0.0,0.0,1.0
10x20,0.111111111111111,0.0,0.8888888888888891
10x21,0.111111111111111,0.0,0.8888888888888891
10x22,0.222222222222222,0.0,0.7777777777777779
10x23,0.666666666666667,0.0,0.33333333333333304
10x24,1.0,0.0,0.0
10x25,1.0,0.0,0.0
10x26,1.0,0.0,0.0
10x27,1.0,0.0,0.0
10x28,1.0,0.0,0.0
10x29,1.0,0.0,0.0
10x30,1.0,0.0,0.0
10x31,1.0,0.0,0.0
10x32,1.0,0.0,0.0
10x33,0.7777777777777779,0.0,0.222222222222222
10x34,1.0,0.0,0.0
10x35,1.0,0.0,0.0
10x36,1.0,0.0,0.0
10x37,1.0,0.0,0.0
10x38,1.0,0.0,0.0
10x39,1.0,0.0,0.0
10x40,1.0,0.0,0.0
10x41,1.0,0.0,0.0
10x42,1.0,0.0,0.0
10x43,1.0,0.0,0.0
10x44,1.0,0.0,0.0
10x45,1.0,0.0,0.0
10x46,1.0,0.0,0.0
10x47,1.0,0.0,0.0
10x48,1.0,0.0,0.0
10x49,1.0,0.0,0.0
11x0,0.0,0.0,1.0
11x1,0.0,0.0,1.0
11x2,0.0,0.0,1.0
11x3,0.0,0.0,1.0
11x4,0.0,0.0,1.0
11x5,0.0,0.0,1.0
11x6,0.0,0.0,1.0
11x7,0.0,0.0,1.0
11x8,0.0,0.0,1.0
11x9,0.0,0.0,1.0
11x10,0.0,0.0,1.0
11x11,0.0,0.0,1.0
11x12,0.0,0.0,1.0
11x13,0.0,0.0,1.0
11x14,0.0,0.0,1.0
11x15,0.0,0.0,1.0
11x16,0.0,0.0,1.0
11x17,0.0,0.0,1.0
11x18,0.0,0.0,1.0
11x19,0.0,0.0,1.0
11x20,0.0,0.0,1.0
11x21,0.0,0.0,1.0
11x22,0.33333333333333304,0.0,0.666666666666667
11x23,0.33333333333333304,0.0,0.666666666666667
11x24,1.0,0.0,0.0
11x25,1.0,0.0,0.0
11x26,1.0,0.0,0.0
11x27,1.0,0.0,0.0
11x28,1.0,0.0,0.0
11x29,1.0,0.0,0.0
11x30,1.0,0.0,0.0
11x31,1.0,0.0,0.0
11x32,1.0,0.0,0.0
11x33,1.0,0.0,0.0
11x34,1.0,0.0,0.0
11x35,1.0,0.0,0.0
11x36,1.0,0.0,0.0
11x37,1.0,0.0,0.0
11x38,1.0,0.0,0.0
11x39,1.0,0.0,0.0
11x40,1.0,0.0,0.0
11x41,1.0,0.0,0.0
11x42,1.0,0.0,0.0
11x43,1.0,0.0,0.0
11x44,1.0,0.0,0.0
11x45,1.0,0.0,0.0
11x46,1.0,0.0,0.0
11x47,1.0,0.0,0.0
11x48,1.0,0.0,0.0
11x49,1.0,0.0,0.0
12x0,0.0,0.0,1.0
12x1,0.0,0.0,1.0
12x2,0.0,0.0,1.0
12x3,0.0,0.0,1.0
12x4,0.0,0.0,1.0
12x5,0.0,0.0,1.0
12x6,0.0,0.0,1.0
12x7,0.0,0.0,1.0
12x8,0.0,0.0,1.0
12x9,0.0,0.0,1.0
12x10,0.0,0.0,1.0
12x11,0.0,0.0,1.0
12x12,0.0,0.0,1.0
12x13,0.0,0.0,1.0
12x14,0.0,0.0,1.0
12x15,0.0,0.0,1.0
12x16,0.0,0.0,1.0
12x17,0.0,0.0,1.0
12x18,0.0,0.0,1.0
12x19,0.0,0.0,1.0
12x20,0.0,0.0,1.0
12x21,0.33333333333333304,0.0,0.666666666666667
12x22,0.8888888888888891,0.0,0.111111111111111
12x23,1.0,0.0,0.0
12x24,1.0,0.0,0.0
12x25,1.0,0.0,0.0
12x26,1.0,0.0,0.0
12x27,1.0,0.0,0.0
12x28,1.0,0.0,0.0
12x29,1.0,0.0,0.0
12x30,1.0,0.0,0.0
12x31,1.0,0.0,0.0
12x32,1.0,0.0,0.0
12x33,1.0,0.0,0.0
12x34,1.0,0.0,0.0
12x35,1.0,0.0,0.0
12x36,1.0,0.0,0.0
12x37,1.0,0.0,0.0
12x38,1.0,0.0,0.0
12x39,1.0,0.0,0.0
12x40,1.0,0.0,0.0
12x41,1.0,0.0,0.0
12x42,1.0,0.0,0.0
12x43,1.0,0.0,0.0
12x44,1.0,0.0,0.0
12x45,1.0,0.0,0.0
12x46,0.666666666666667,0.33333333333333304,0.0
12x47,1.0,0.0,0.0
12x48,1.0,0.0,0.0
12x49,1.0,0.0,0.0
13x0,0.0,0.0,1.0
13x1,0.0,0.0,1.0
13x2,0.0,0.0,1.0
13x3,0.0,0.0,1.0
13x4,0.0,0.0,1.0
13x5,0.0,0.0,1.0
13x6,0.0,0.0,1.0
13x7,0.0,0.0,1.0
13x8,0.0,0.0,1.0
13x9,0.0,0.0,1.0
13x10,0.0,0.0,1.0
13x11,0.0,0.0,1.0
13x12,0.0,0.0,1.0
13x13,0.0,0.0,1.0
13x14,0.0,0.0,1.0
13x15,0.0,0.0,1.0
13x16,0.0,0.0,1.0
13x17,0.0,0.0,1.0
13x18,0.0,0.0,1.0
13x19,0.0,0.0,1.0
13x20,0.0,0.0,1.0
13x21,0.555555555555556,0.0,0.444444444444444
13x22,1.0,0.0,0.0
13x23,1.0,0.0,0.0
13x24,1.0,0.0,0.0
13x25,1.0,0.0,0.0
13x26,1.0,0.0,0.0
13x27,1.0,0.0,0.0
13x28,1.0,0.0,0.0
13x29,1.0,0.0,0.0
13x30,1.0,0.0,0.0
13x31,1.0,0.0,0.0
13x32,1.0,0.0,0.0
13x33,1.0,0.0,0.0
13x34,1.0,0.0,0.0
13x35,1.0,0.0,0.0
13x36,1.0,0.0,0.0
13x37,1.0,0.0,0.0
13x38,1.0,0.0,0.0
13x39,1.0,0.0,0.0
13x40,1.0,0.0,0.0
13x41,1.0,0.0,0.0
13x42,1.0,0.0,0.0
13x43,1.0,0.0,0.0
13x44,1.0,0.0,0.0
13x45,1.0,0.0,0.0
13x46,1.0,0.0,0.0
13x47,1.0,0.0,0.0
13x48,0.7777777777777779,0.222222222222222,0.0
13x49,1.0,0.0,0.0
14x0,0.0,0.0,1.0
14x1,0.0,0.0,1.0
14x2,0.0,0.0,1.0
14x3,0.0,0.0,1.0
14x4,0.0,0.0,1.0
14x5,0.0,0.0,1.0
14x6,0.0,0.0,1.0
14x7,0.0,0.0,1.0
14x8,0.0,0.0,1.0
14x9,0.0,0.0,1.0
14x10,0.0,0.0,1.0
14x11,0.0,0.0,1.0
14x12,0.0,0.0,1.0
14x13,0.0,0.0,1.0
14x14,0.0,0.0,1.0
14x15,0.0,0.0,1.0
14x16,0.0,0.0,1.0
14x17,0.0,0.0,1.0
14x18,0.0,0.0,1.0
14x19,0.0,0.0,1.0
14x20,0.111111111111111,0.0,0.8888888888888891
14x21,0.8888888888888891,0.0,0.111111111111111
14x22,1.0,0.0,0.0
14x23,1.0,0.0,0.0
14x24,1.0,0.0,0.0
14x25,1.0,0.0,0.0
14x26,1.0,0.0,0.0
14x27,1.0,0.0,0.0
14x28,1.0,0.0,0.0
14x29,1.0,0.0,0.0
14x30,1.0,0.0,0.0
14x31,1.0,0.0,0.0
14x32,1.0,0.0,0.0
14x33,1.0,0.0,0.0
14x34,1.0,0.0,0.0
14x35,1.0,0.0,0.0
14x36,1.0,0.0,0.0
14x37,1.0,0.0,0.0
14x38,1.0,0.0,0.0
14x39,1.0,0.0,0.0
14x40,1.0,0.0,0.0
14x41,1.0,0.0,0.0
14x42,1.0,0.0,0.0
14x43,1.0,0.0,0.0
14x44,1.0,0.0,0.0
14x45,1.0,0.0,0.0
14x46,1.0,0.0,0.0
14x47,1.0,0.0,0.0
14x48,0.7777777777777779,0.222222222222222,0.0
14x49,1.0,0.0,0.0
15x0,0.0,0.0,1.0
15x1,0.0,0.0,1.0
15x2,0.0,0.0,1.0
15x3,0.0,0.0,1.0
15x4,0.0,0.0,1.0
15x5,0.0,0.0,1.0
15x6,0.0,0.0,1.0
15x7,0.0,0.0,1.0
15x8,0.0,0.0,1.0
15x9,0.0,0.0,1.0
15x10,0.0,0.0,1.0
15x11,0.0,0.0,1.0
15x12,0.0,0.0,1.0
15x13,0.0,0.0,1.0
15x14,0.0,0.0,1.0
15x15,0.0,0.0,1.0
15x16,0.0,0.0,1.0
15x17,0.0,0.0,1.0
15x18,0.222222222222222,0.0,0.7777777777777779
15x19,0.33333333333333304,0.0,0.666666666666667
15x20,0.33333333333333304,0.0,0.666666666666667
15x21,1.0,0.0,0.0
15x22,1.0,0.0,0.0
15x23,1.0,0.0,0.0
15x24,1.0,0.0,0.0
15x25,1.0,0.0,0.0
15x26,1.0,0.0,0.0
15x27,1.0,0.0,0.0
15x28,1.0,0.0,0.0
15x29,1.0,0.0,0.0
15x30,1.0,0.0,0.0
15x31,1.0,0.0,0.0
15x32,1.0,0.0,0.0
15x33,1.0,0.0,0.0
15x34,1.0,0.0,0.0
15x35,1.0,0.0,0.0
15x36,1.0,0.0,0.0
15x37,1.0,0.0,0.0
15x38,1.0,0.0,0.0
15x39,1.0,0.0,0.0
15x40,1.0,0.0,0.0
15x41,1.0,0.0,0.0
15x42,1.0,0.0,0.0
15x43,1.0,0.0,0.0
15x44,1.0,0.0,0.0
15x45,1.0,0.0,0.0
15x46,1.0,0.0,0.0
15x47,1.0,0.0,0.0
15x48,1.0,0.0,0.0
15x49,1.0,0.0,0.0
16x0,0.0,0.0,1.0
16x1,0.0,0.0,1.0
16x2,0.0,0.0,1.0
16x3,0.0,0.0,1.0
16x4,0.0,0.0,1.0
16x5,0.0,0.0,1.0
16x6,0.0,0.0,1.0
16x7,0.0,0.0,1.0
16x8,0.0,0.0,1.0
16x9,0.0,0.0,1.0
16x10,0.0,0.0,1.0
16x11,0.0,0.0,1.0
16x12,0.0,0.0,1.0
16x13,0.0,0.0,1.0
16x14,0.0,0.0,1.0
16x15,0.0,0.0,1.0
16x16,0.0,0.0,1.0
16x17,0.33333333333333304,0.0,0.666666666666667
16x18,0.222222222222222,0.0,0.7777777777777779
16x19,1.0,0.0,0.0
16x20,0.666666666666667,0.0,0.33333333333333304
16x21,1.0,0.0,0.0
16x22,1.0,0.0,0.0
16x23,1.0,0.0,0.0
16x24,1.0,0.0,0.0
16x25,1.0,0.0,0.0
16x26,1.0,0.0,0.0
16x27,1.0,0.0,0.0
16x28,1.0,0.0,0.0
16x29,1.0,0.0,0.0
16x30,1.0,0.0,0.0
16x31,1.0,0.0,0.0
16x32,1.0,0.0,0.0
16x33,1.0,0.0,0.0
16x34,1.0,0.0,0.0
16x35,1.0,0.0,0.0
16x36,1.0,0.0,0.0
16x37,1.0,0.0,0.0
16x38,1.0,0.0,0.0
16x39,1.0,0.0,0.0
16x40,1.0,0.0,0.0
16x41,1.0,0.0,0.0
16x42,1.0,0.0,0.0
16x43,1.0,0.0,0.0
16x44,1.0,0.0,0.0
16x45,1.0,0.0,0.0
16x46,1.0,0.0,0.0
16x47,1.0,0.0,0.0
16x48,1.0,0.0,0.0
16x49,1.0,0.0,0.0
17x0,0.0,0.0,1.0
17x1,0.0,0.0,1.0
17x2,0.0,0.0,1.0
17x3,0.0,0.0,1.0
17x4,0.0,0.0,1.0
17x5,0.0,0.0,1.0
17x6,0.0,0.0,1.0
17x7,0.0,0.0,1.0
17x8,0.0,0.0,1.0
17x9,0.0,0.0,1.0
17x10,0.0,0.0,1.0
17x11,0.0,0.0,1.0
17x12,0.0,0.0,1.0
17x13,0.0,0.0,1.0
17x14,0.0,0.0,1.0
17x15,0.0,0.0,1.0
17x16,0.0,0.0,1.0
17x17,0.222222222222222,0.0,0.7777777777777779
17x18,0.8888888888888891,0.0,0.111111111111111
17x19,0.444444444444444,0.0,0.555555555555556
17x20,1.0,0.0,0.0
17x21,1.0,0.0,0.0
17x22,1.0,0.0,0.0
17x23,1.0,0.0,0.0
17x24,1.0,0.0,0.0
17x25,1.0,0.0,0.0
17x26,1.0,0.0,0.0
17x27,1.0,0.0,0.0
17x28,1.0,0.0,0.0
17x29,1.0,0.0,0.0
17x30,1.0,0.0,0.0
17x31,1.0,0.0,0.0
17x32,1.0,0.0,0.0
17x33,1.0,0.0,0.0
17x34,1.0,0.0,0.0
17x35,1.0,0.0,0.0
17x36,1.0,0.0,0.0
17x37,1.0,0.0,0.0
17x38,1.0,0.0,0.0
17x39,1.0,0.0,0.0
17x40,1.0,0.0,0.0
17x41,1.0,0.0,0.0
17x42,1.0,0.0,0.0
17x43,1.0,0.0,0.0
17x44,1.0,0.0,0.0
17x45,1.0,0.0,0.0
17x46,1.0,0.0,0.0
17x47,1.0,0.0,0.0
17x48,1.0,0.0,0.0
17x49,1.0,0.0,0.0
18x0,0.111111111111111,0.0,0.8888888888888891
18x1,0.0,0.0,1.0
18x2,0.222222222222222,0.0,0.7777777777777779
18x3,0.0,0.0,1.0
18x4,0.0,0.0,1.0
18x5,0.0,0.0,1.0
18x6,0.0,0.0,1.0
18x7,0.0,0.0,1.0
18x8,0.0,0.0,1.0
18x9,0.0,0.0,1.0
18x10,0.0,0.0,1.0
18x11,0.0,0.0,1.0
18x12,0.0,0.0,1.0
18x13,0.0,0.0,1.0
18x14,0.0,0.0,1.0
18x15,0.0,0.0,1.0
18x16,0.0,0.0,1.0
18x17,0.0,0.0,1.0
18x18,0.555555555555556,0.0,0.444444444444444
18x19,1.0,0.0,0.0
18x20,1.0,0.0,0.0
18x21,1.0,0.0,0.0
18x22,1.0,0.0,0.0
18x23,1.0,0.0,0.0
18x24,1.0,0.0,0.0
18x25,1.0,0.0,0.0
18x26,1.0,0.0,0.0
18x27,1.0,0.0,0.0
18x28,1.0,0.0,0.0
18x29,1.0,0.0,0.0
18x30,1.0,0.0,0.0
18x31,1.0,0.0,0.0
18x32,1.0,0.0,0.0
18x33,1.0,0.0,0.0
18x34,1.0,0.0,0.0
18x35,1.0,0.0,0.0
18x36,1.0,0.0,0.0
18x37,1.0,0.0,0.0
18x38,1.0,0.0,0.0
18x39,1.0,0.0,0.0
18x40,1.0,0.0,0.0
18x41,1.0,0.0,0.0
18x42,1.0,0.0,0.0
18x43,1.0,0.0,0.0
18x44,1.0,0.0,0.0
18x45,1.0,0.0,0.0
18x46,1.0,0.0,0.0
18x47,1.0,0.0,0.0
18x48,1.0,0.0,0.0
18x49,1.0,0.0,0.0
19x0,0.0,0.111111111111111,0.8888888888888891
19x1,0.0,0.0,1.0
19x2,0.0,0.0,1.0
19x3,0.0,0.33333333333333304,0.666666666666667
19x4,0.0,0.111111111111111,0.8888888888888891
19x5,0.0,0.0,1.0
19x6,0.0,0.0,1.0
19x7,0.0,0.0,1.0
19x8,0.0,0.0,1.0
19x9,0.0,0.111111111111111,0.8888888888888891
19x10,0.0,0.0,1.0
19x11,0.0,0.0,1.0
19x12,0.0,0.0,1.0
19x13,0.0,0.0,1.0
19x14,0.0,0.0,1.0
19x15,0.0,0.0,1.0
19x16,0.0,0.0,1.0
19x17,0.111111111111111,0.0,0.8888888888888891
19x18,1.0,0.0,0.0
19x19,0.555555555555556,0.0,0.444444444444444
19x20,1.0,0.0,0.0
19x21,1.0,0.0,0.0
19x22,1.0,0.0,0.0
19x23,1.0,0.0,0.0
19x24,1.0,0.0,0.0
19x25,1.0,0.0,0.0
19x26,1.0,0.0,0.0
19x27,1.0,0.0,0.0
19x28,1.0,0.0,0.0
19x29,1.0,0.0,0.0
19x30,1.0,0.0,0.0
19x31,1.0,0.0,0.0
19x32,1.0,0.0,0.0
19x33,1.0,0.0,0.0
19x34,1.0,0.0,0.0
19x35,1.0,0.0,0.0
19x36,1.0,0.0,0.0
19x37,1.0,0.0,0.0
19x38,1.0,0.0,0.0
19x39,1.0,0.0,0.0
19x40,1.0,0.0,0.0
19x41,1.0,0.0,0.0
19x42,1.0,0.0,0.0
19x43,1.0,0.0,0.0
19x44,1.0,0.0,0.0
19x45,1.0,0.0,0.0
19x46,1.0,0.0,0.0
19x47,1.0,0.0,0.0
19x48,1.0,0.0,0.0
19x49,1.0,0.0,0.0
20x0,0.222222222222222,0.0,0.7777777777777779
20x1,0.33333333333333304,0.0,0.666666666666667
20x2,0.666666666666667,0.0,0.33333333333333304
20x3,0.0,0.0,1.0
20x4,0.0,0.0,1.0
20x5,0.0,0.0,1.0
20x6,0.0,0.0,1.0
20x7,0.0,0.0,1.0
20x8,0.0,0.0,1.0
20x9,0.111111111111111,0.0,0.8888888888888891
20x10,0.0,0.0,1.0
20x11,0.0,0.33333333333333304,0.666666666666667
20x12,0.111111111111111,0.0,0.8888888888888891
20x13,0.33333333333333304,0.0,0.666666666666667
20x14,0.33333333333333304,0.0,0.666666666666667
20x15,0.8888888888888891,0.0,0.111111111111111
20x16,0.666666666666667,0.0,0.33333333333333304
20x17,0.666666666666667,0.0,0.33333333333333304
20x18,1.0,0.0,0.0
20x19,0.555555555555556,0.0,0.444444444444444
20x20,1.0,0.0,0.0
20x21,1.0,0.0,0.0
20x22,1.0,0.0,0.0
20x23,1.0,0.0,0.0
20x24,1.0,0.0,0.0
20x25,1.0,0.0,0.0
20x26,1.0,0.0,0.0
20x27,1.0,0.0,0.0
20x28,1.0,0.0,0.0
20x29,1.0,0.0,0.0
20x30,1.0,0.0,0.0
20x31,1.0,0.0,0.0
20x32,1.0,0.0,0.0
20x33,1.0,0.0,0.0
20x34,1.0,0.0,0.0
20x35,1.0,0.0,0.0
20x36,1.0,0.0,0.0
20x37,1.0,0.0,0.0
20x38,1.0,0.0,0.0
20x39,1.0,0.0,0.0
20x40,1.0,0.0,0.0
20x41,1.0,0.0,0.0
20x42,1.0,0.0,0.0
20x43,1.0,0.0,0.0
20x44,1.0,0.0,0.0
20x45,1.0,0.0,0.0
20x46,1.0,0.0,0.0
20x47,1.0,0.0,0.0
20x48,1.0,0.0,0.0
20x49,1.0,0.0,0.0
21x0,0.7777777777777779,0.111111111111111,0.111111111111111
21x1,0.8888888888888891,0.0,0.111111111111111
21x2,0.33333333333333304,0.222222222222222,0.444444444444444
21x3,0.222222222222222,0.0,0.7777777777777779
21x4,0.444444444444444,0.0,0.555555555555556
21x5,0.111111111111111,0.0,0.8888888888888891
21x6,0.0,0.0,1.0
21x7,0.0,0.0,1.0
21x8,0.0,0.0,1.0
21x9,0.33333333333333304,0.0,0.666666666666667
21x10,0.555555555555556,0.0,0.444444444444444
21x11,0.0,0.0,1.0
21x12,0.111111111111111,0.0,0.8888888888888891
21x13,0.7777777777777779,0.0,0.222222222222222
21x14,0.444444444444444,0.0,0.555555555555556
21x15,0.222222222222222,0.7777777777777779,0.0
21x16,0.7777777777777779,0.0,0.222222222222222
21x17,1.0,0.0,0.0
21x18,1.0,0.0,0.0
21x19,1.0,0.0,0.0
21x20,1.0,0.0,0.0
21x21,1.0,0.0,0.0
21x22,1.0,0.0,0.0
21x23,1.0,0.0,0.0
21x24,1.0,0.0,0.0
21x25,1.0,0.0,0.0
21x26,1.0,0.0,0.0
21x27,1.0,0.0,0.0
21x28,1.0,0.0,0.0
21x29,1.0,0.0,0.0
21x30,1.0,0.0,0.0
21x31,1.0,0.0,0.0
21x32,1.0,0.0,0.0
21x33,1.0,0.0,0.0
21x34,1.0,0.0,0.0
21x35,1.0,0.0,0.0
21x36,1.0,0.0,0.0
21x37,1.0,0.0,0.0
21x38,1.0,0.0,0.0
21x39,1.0,0.0,0.0
21x40,1.0,0.0,0.0
21x41,1.0,0.0,0.0
21x42,1.0,0.0,0.0
21x43,1.0,0.0,0.0
21x44,1.0,0.0,0.0
21x45,1.0,0.0,0.0
21x46,1.0,0.0,0.0
21x47,1.0,0.0,0.0
21x48,1.0,0.0,0.0
21x49,1.0,0.0,0.0
22x0,0.0,0.111111111111111,0.8888888888888891
22x1,0.0,0.0,1.0
22x2,0.0,0.0,1.0
22x3,0.666666666666667,0.0,0.33333333333333304
22x4,0.222222222222222,0.0,0.7777777777777779
22x5,0.0,0.0,1.0
22x6,0.555555555555556,0.0,0.444444444444444
22x7,0.0,0.0,1.0
22x8,0.111111111111111,0.0,0.8888888888888891
22x9,0.444444444444444,0.0,0.555555555555556
22x10,0.111111111111111,0.0,0.8888888888888891
22x11,0.222222222222222,0.0,0.7777777777777779
22x12,0.0,0.0,1.0
22x13,0.666666666666667,0.0,0.33333333333333304
22x14,0.8888888888888891,0.0,0.111111111111111
22x15,0.222222222222222,0.0,0.7777777777777779
22x16,0.666666666666667,0.0,0.33333333333333304
22x17,1.0,0.0,0.0
22x18,1.0,0.0,0.0
22x19,1.0,0.0,0.0
22x20,1.0,0.0,0.0
22x21,1.0,0.0,0.0
22x22,1.0,0.0,0.0
22x23,1.0,0.0,0.0
22x24,1.0,0.0,0.0
22x25,1.0,0.0,0.0
22x26,1.0,0.0,0.0
22x27,1.0,0.0,0.0
22x28,1.0,0.0,0.0
22x29,1.0,0.0,0.0
22x30,1.0,0.0,0.0
22x31,1.0,0.0,0.0
22x32,1.0,0.0,0.0
22x33,1.0,0.0,0.0
22x34,1.0,0.0,0.0
22x35,1.0,0.0,0.0
22x36,1.0,0.0,0.0
22x37,1.0,0.0,0.0
22x38,1.0,0.0,0.0
22x39,1.0,0.0,0.0
22x40,1.0,0.0,0.0
22x41,1.0,0.0,0.0
22x42,1.0,0.0,0.0
22x43,1.0,0.0,0.0
22x44,1.0,0.0,0.0
22x45,1.0,0.0,0.0
22x46,1.0,0.0,0.0
22x47,0.444444444444444,0.555555555555556,0.0
22x48,1.0,0.0,0.0
22x49,0.33333333333333304,0.666666666666667,0.0
23x0,0.0,0.0,1.0
23x1,0.0,0.0,1.0
23x2,0.33333333333333304,0.0,0.666666666666667
23x3,0.0,0.0,1.0
23x4,0.7777777777777779,0.0,0.222222222222222
23x5,0.222222222222222,0.0,0.7777777777777779
23x6,0.222222222222222,0.0,0.7777777777777779
23x7,0.222222222222222,0.0,0.7777777777777779
23x8,0.555555555555556,0.0,0.444444444444444
23x9,1.0,0.0,0.0
23x10,0.666666666666667,0.0,0.33333333333333304
23x11,0.0,0.0,1.0
23x12,0.111111111111111,0.222222222222222,0.666666666666667
23x13,0.33333333333333304,0.0,0.666666666666667
23x14,0.444444444444444,0.444444444444444,0.111111111111111
23x15,0.222222222222222,0.666666666666667,0.111111111111111
23x16,0.8888888888888891,0.111111111111111,0.0
23x17,1.0,0.0,0.0
23x18,1.0,0.0,0.0
23x19,1.0,0.0,0.0
23x20,1.0,0.0,0.0
23x21,1.0,0.0,0.0
23x22,1.0,0.0,0.0
23x23,1.0,0.0,0.0
23x24,1.0,0.0,0.0
23x25,1.0,0.0,0.0
23x26,1.0,0.0,0.0
23x27,1.0,0.0,0.0
23x28,1.0,0.0,0.0
23x29,1.0,0.0,0.0
23x30,1.0,0.0,0.0
23x31,1.0,0.0,0.0
23x32,1.0,0.0,0.0
23x33,1.0,0.0,0.0
23x34,1.0,0.0,0.0
23x35,1.0,0.0,0.0
23x36,1.0,0.0,0.0
23x37,1.0,0.0,0.0
23x38,1.0,0.0,0.0
23x39,1.0,0.0,0.0
23x40,1.0,0.0,0.0
23x41,1.0,0.0,0.0
23x42,1.0,0.0,0.0
23x43,0.8888888888888891,0.111111111111111,0.0
23x44,1.0,0.0,0.0
23x45,1.0,0.0,0.0
23x46,1.0,0.0,0.0
23x47,1.0,0.0,0.0
23x48,1.0,0.0,0.0
23x49,1.0,0.0,0.0
24x0,0.666666666666667,0.111111111111111,0.222222222222222
24x1,0.33333333333333304,0.0,0.666666666666667
24x2,0.0,0.0,1.0
24x3,0.111111111111111,0.111111111111111,0.7777777777777779
24x4,0.8888888888888891,0.0,0.111111111111111
24x5,0.444444444444444,0.0,0.555555555555556
24x6,0.222222222222222,0.0,0.7777777777777779
24x7,1.0,0.0,0.0
24x8,0.555555555555556,0.0,0.444444444444444
24x9,0.222222222222222,0.0,0.7777777777777779
24x10,0.111111111111111,0.0,0.8888888888888891
24x11,0.111111111111111,0.0,0.8888888888888891
24x12,0.0,0.0,1.0
24x13,0.444444444444444,0.0,0.555555555555556
24x14,0.8888888888888891,0.111111111111111,0.0
24x15,0.444444444444444,0.33333333333333304,0.222222222222222
24x16,0.222222222222222,0.111111111111111,0.666666666666667
24x17,1.0,0.0,0.0
24x18,0.7777777777777779,0.222222222222222,0.0
24x19,1.0,0.0,0.0
24x20,1.0,0.0,0.0
24x21,1.0,0.0,0.0
24x22,1.0,0.0,0.0
24x23,1.0,0.0,0.0
24x24,1.0,0.0,0.0
24x25,1.0,0.0,0.0
24x26,1.0,0.0,0.0
24x27,1.0,0.0,0.0
24x28,1.0,0.0,0.0
24x29,1.0,0.0,0.0
24x30,1.0,0.0,0.0
24x31,1.0,0.0,0.0
24x32,1.0,0.0,0.0
24x33,1.0,0.0,0.0
24x34,1.0,0.0,0.0
24x35,1.0,0.0,0.0
24x36,1.0,0.0,0.0
24x37,1.0,0.0,0.0
24x38,1.0,0.0,0.0
24x39,1.0,0.0,0.0
24x40,1.0,0.0,0.0
24x41,1.0,0.0,0.0
24x42,1.0,0.0,0.0
24x43,0.33333333333333304,0.666666666666667,0.0
24x44,0.8888888888888891,0.111111111111111,0.0
24x45,1.0,0.0,0.0
24x46,1.0,0.0,0.0
24x47,0.666666666666667,0.33333333333333304,0.0
24x48,1.0,0.0,0.0
24x49,1.0,0.0,0.0
25x0,0.7777777777777779,0.0,0.222222222222222
25x1,0.33333333333333304,0.0,0.666666666666667
25x2,0.8888888888888891,0.0,0.111111111111111
25x3,0.111111111111111,0.0,0.8888888888888891
25x4,0.33333333333333304,0.0,0.666666666666667
25x5,0.8888888888888891,0.0,0.111111111111111
25x6,0.222222222222222,0.0,0.7777777777777779
25x7,0.7777777777777779,0.0,0.222222222222222
25x8,0.0,0.0,1.0
25x9,0.555555555555556,0.111111111111111,0.33333333333333304
25x10,0.444444444444444,0.111111111111111,0.444444444444444
25x11,0.666666666666667,0.0,0.33333333333333304
25x12,0.33333333333333304,0.111111111111111,0.555555555555556
25x13,1.0,0.0,0.0
25x14,1.0,0.0,0.0
25x15,0.666666666666667,0.222222222222222,0.111111111111111
25x16,0.0,0.0,1.0
25x17,1.0,0.0,0.0
25x18,0.666666666666667,0.222222222222222,0.111111111111111
25x19,1.0,0.0,0.0
25x20,1.0,0.0,0.0
25x21,1.0,0.0,0.0
25x22,1.0,0.0,0.0
25x23,1.0,0.0,0.0
25x24,1.0,0.0,0.0
25x25,1.0,0.0,0.0
25x26,1.0,0.0,0.0
25x27,1.0,0.0,0.0
25x28,1.0,0.0,0.0
25x29,1.0,0.0,0.0
25x30,1.0,0.0,0.0
25x31,1.0,0.0,0.0
25x32,1.0,0.0,0.0
25x33,1.0,0.0,0.0
25x34,1.0,0.0,0.0
25x35,1.0,0.0,0.0
25x36,1.0,0.0,0.0
25x37,1.0,0.0,0.0
25x38,1.0,0.0,0.0
25x39,1.0,0.0,0.0
25x40,1.0,0.0,0.0
25x41,1.0,0.0,0.0
25x42,1.0,0.0,0.0
25x43,0.666666666666667,0.33333333333333304,0.0
25x44,0.33333333333333304,0.666666666666667,0.0
25x45,1.0,0.0,0.0
25x46,1.0,0.0,0.0
25x47,0.7777777777777779,0.222222222222222,0.0
25x48,1.0,0.0,0.0
25x49,1.0,0.0,0.0
26x0,0.8888888888888891,0.111111111111111,0.0
26x1,1.0,0.0,0.0
26x2,0.8888888888888891,0.111111111111111,0.0
26x3,0.33333333333333304,0.222222222222222,0.444444444444444
26x4,0.666666666666667,0.0,0.33333333333333304
26x5,0.555555555555556,0.444444444444444,0.0
26x6,0.111111111111111,0.111111111111111,0.7777777777777779
26x7,0.7777777777777779,0.0,0.222222222222222
26x8,0.666666666666667,0.0,0.33333333333333304
26x9,1.0,0.0,0.0
26x10,1.0,0.0,0.0
26x11,0.7777777777777779,0.0,0.222222222222222
26x12,1.0,0.0,0.0
26x13,0.7777777777777779,0.222222222222222,0.0
26x14,1.0,0.0,0.0
26x15,1.0,0.0,0.0
26x16,0.222222222222222,0.7777777777777779,0.0
26x17,1.0,0.0,0.0
26x18,1.0,0.0,0.0
26x19,1.0,0.0,0.0
26x20,0.8888888888888891,0.0,0.111111111111111
26x21,1.0,0.0,0.0
26x22,1.0,0.0,0.0
26x23,1.0,0.0,0.0
26x24,0.8888888888888891,0.0,0.111111111111111
26x25,1.0,0.0,0.0
26x26,1.0,0.0,0.0
26x27,1.0,0.0,0.0
26x28,1.0,0.0,0.0
26x29,1.0,0.0,0.0
26x30,1.0,0.0,0.0
26x31,1.0,0.0,0.0
26x32,1.0,0.0,0.0
26x33,1.0,0.0,0.0
26x34,1.0,0.0,0.0
26x35,1.0,0.0,0.0
26x36,1.0,0.0,0.0
26x37,1.0,0.0,0.0
26x38,1.0,0.0,0.0
26x39,1.0,0.0,0.0
26x40,1.0,0.0,0.0
26x41,1.0,0.0,0.0
26x42,1.0,0.0,0.0
26x43,1.0,0.0,0.0
26x44,1.0,0.0,0.0
26x45,1.0,0.0,0.0
26x46,1.0,0.0,0.0
26x47,1.0,0.0,0.0
26x48,0.7777777777777779,0.222222222222222,0.0
26x49,0.444444444444444,0.0,0.555555555555556
27x0,0.8888888888888891,0.0,0.111111111111111
27x1,0.33333333333333304,0.0,0.666666666666667
27x2,0.444444444444444,0.33333333333333304,0.222222222222222
27x3,0.0,0.666666666666667,0.33333333333333304
27x4,0.666666666666667,0.0,0.33333333333333304
27x5,0.222222222222222,0.111111111111111,0.666666666666667
27x6,0.222222222222222,0.111111111111111,0.666666666666667
27x7,1.0,0.0,0.0
27x8,1.0,0.0,0.0
27x9,0.7777777777777779,0.0,0.222222222222222
27x10,0.555555555555556,0.111111111111111,0.33333333333333304
27x11,0.555555555555556,0.0,0.444444444444444
27x12,0.555555555555556,0.444444444444444,0.0
27x13,0.444444444444444,0.33333333333333304,0.222222222222222
27x14,0.8888888888888891,0.111111111111111,0.0
27x15,0.7777777777777779,0.222222222222222,0.0
27x16,0.33333333333333304,0.666666666666667,0.0
27x17,0.7777777777777779,0.111111111111111,0.111111111111111
27x18,1.0,0.0,0.0
27x19,1.0,0.0,0.0
27x20,1.0,0.0,0.0
27x21,1.0,0.0,0.0
27x22,1.0,0.0,0.0
27x23,1.0,0.0,0.0
27x24,1.0,0.0,0.0
27x25,1.0,0.0,0.0
27x26,1.0,0.0,0.0
27x27,1.0,0.0,0.0
27x28,1.0,0.0,0.0
27x29,1.0,0.0,0.0
27x30,1.0,0.0,0.0
27x31,1.0,0.0,0.0
27x32,1.0,0.0,0.0
27x33,1.0,0.0,0.0
27x34,1.0,0.0,0.0
27x35,1.0,0.0,0.0
27x36,1.0,0.0,0.0
27x37,1.0,0.0,0.0
27x38,1.0,0.0,0.0
27x39,1.0,0.0,0.0
27x40,1.0,0.0,0.0
27x41,1.0,0.0,0.0
27x42,1.0,0.0,0.0
27x43,1.0,0.0,0.0
27x44,1.0,0.0,0.0
27x45,0.8888888888888891,0.111111111111111,0.0
27x46,0.8888888888888891,0.111111111111111,0.0
27x47,0.666666666666667,0.33333333333333304,0.0
27x48,0.33333333333333304,0.666666666666667,0.0
27x49,0.444444444444444,0.555555555555556,0.0
28x0,0.444444444444444,0.444444444444444,0.111111111111111
28x1,1.0,0.0,0.0
28x2,0.666666666666667,0.33333333333333304,0.0
28x3,0.111111111111111,0.7777777777777779,0.111111111111111
28x4,0.0,0.7777777777777779,0.222222222222222
28x5,0.555555555555556,0.222222222222222,0.222222222222222
28x6,0.8888888888888891,0.111111111111111,0.0
28x7,0.33333333333333304,0.666666666666667,0.0
28x8,0.8888888888888891,0.0,0.111111111111111
28x9,1.0,0.0,0.0
28x10,0.555555555555556,0.111111111111111,0.33333333333333304
28x11,0.7777777777777779,0.0,0.222222222222222
28x12,0.666666666666667,0.222222222222222,0.111111111111111
28x13,0.8888888888888891,0.111111111111111,0.0
28x14,0.8888888888888891,0.0,0.111111111111111
28x15,0.666666666666667,0.0,0.33333333333333304
28x16,1.0,0.0,0.0
28x17,0.7777777777777779,0.222222222222222,0.0
28x18,1.0,0.0,0.0
28x19,1.0,0.0,0.0
28x20,1.0,0.0,0.0
28x21,1.0,0.0,0.0
28x22,1.0,0.0,0.0
28x23,1.0,0.0,0.0
28x24,1.0,0.0,0.0
28x25,1.0,0.0,0.0
28x26,1.0,0.0,0.0
28x27,1.0,0.0,0.0
28x28,1.0,0.0,0.0
28x29,1.0,0.0,0.0
28x30,1.0,0.0,0.0
28x31,1.0,0.0,0.0
28x32,1.0,0.0,0.0
28x33,1.0,0.0,0.0
28x34,1.0,0.0,0.0
28x35,1.0,0.0,0.0
28x36,1.0,0.0,0.0
28x37,1.0,0.0,0.0
28x38,1.0,0.0,0.0
28x39,1.0,0.0,0.0
28x40,0.8888888888888891,0.111111111111111,0.0
28x41,0.666666666666667,0.33333333333333304,0.0
28x42,0.555555555555556,0.444444444444444,0.0
28x43,0.8888888888888891,0.111111111111111,0.0
28x44,0.444444444444444,0.555555555555556,0.0
28x45,1.0,0.0,0.0
28x46,0.33333333333333304,0.666666666666667,0.0
28x47,0.0,1.0,0.0
28x48,0.0,1.0,0.0
28x49,0.666666666666667,0.33333333333333304,0.0
29x0,0.0,0.444444444444444,0.555555555555556
29x1,0.33333333333333304,0.0,0.666666666666667
29x2,1.0,0.0,0.0
29x3,0.0,0.0,1.0
29x4,0.0,1.0,0.0
29x5,0.33333333333333304,0.444444444444444,0.222222222222222
29x6,1.0,0.0,0.0
29x7,0.555555555555556,0.0,0.444444444444444
29x8,0.666666666666667,0.0,0.33333333333333304
29x9,0.666666666666667,0.0,0.33333333333333304
29x10,0.8888888888888891,0.0,0.111111111111111
29x11,1.0,0.0,0.0
29x12,0.0,0.444444444444444,0.555555555555556
29x13,0.7777777777777779,0.222222222222222,0.0
29x14,0.111111111111111,0.7777777777777779,0.111111111111111
29x15,0.7777777777777779,0.0,0.222222222222222
29x16,0.33333333333333304,0.666666666666667,0.0
29x17,1.0,0.0,0.0
29x18,0.555555555555556,0.444444444444444,0.0
29x19,0.444444444444444,0.555555555555556,0.0
29x20,0.7777777777777779,0.222222222222222,0.0
29x21,0.7777777777777779,0.222222222222222,0.0
29x22,1.0,0.0,0.0
29x23,1.0,0.0,0.0
29x24,1.0,0.0,0.0
29x25,1.0,0.0,0.0
29x26,1.0,0.0,0.0
29x27,1.0,0.0,0.0
29x28,1.0,0.0,0.0
29x29,1.0,0.0,0.0
29x30,1.0,0.0,0.0
29x31,1.0,0.0,0.0
29x32,1.0,0.0,0.0
29x33,1.0,0.0,0.0
29x34,1.0,0.0,0.0
29x35,1.0,0.0,0.0
29x36,1.0,0.0,0.0
29x37,1.0,0.0,0.0
29x38,1.0,0.0,0.0
29x39,1.0,0.0,0.0
29x40,0.33333333333333304,0.666666666666667,0.0
29x41,0.222222222222222,0.7777777777777779,0.0
29x42,0.555555555555556,0.444444444444444,0.0
29x43,0.7777777777777779,0.222222222222222,0.0
29x44,0.111111111111111,0.8888888888888891,0.0
29x45,0.7777777777777779,0.222222222222222,0.0
29x46,1.0,0.0,0.0
29x47,0.8888888888888891,0.111111111111111,0.0
29x48,1.0,0.0,0.0
29x49,0.444444444444444,0.555555555555556,0.0
30x0,0.8888888888888891,0.0,0.111111111111111
30x1,0.33333333333333304,0.111111111111111,0.555555555555556
30x2,1.0,0.0,0.0
30x3,0.444444444444444,0.444444444444444,0.111111111111111
30x4,0.222222222222222,0.7777777777777779,0.0
30x5,1.0,0.0,0.0
30x6,0.222222222222222,0.7777777777777779,0.0
30x7,0.111111111111111,0.8888888888888891,0.0
30x8,1.0,0.0,0.0
30x9,0.7777777777777779,0.222222222222222,0.0
30x10,0.111111111111111,0.33333333333333304,0.555555555555556
30x11,0.8888888888888891,0.0,0.111111111111111
30x12,0.666666666666667,0.33333333333333304,0.0
30x13,0.666666666666667,0.222222222222222,0.111111111111111
30x14,0.555555555555556,0.444444444444444,0.0
30x15,1.0,0.0,0.0
30x16,0.444444444444444,0.555555555555556,0.0
30x17,0.7777777777777779,0.222222222222222,0.0
30x18,0.0,1.0,0.0
30x19,0.7777777777777779,0.222222222222222,0.0
30x20,0.444444444444444,0.555555555555556,0.0
30x21,0.555555555555556,0.444444444444444,0.0
30x22,1.0,0.0,0.0
30x23,1.0,0.0,0.0
30x24,1.0,0.0,0.0
30x25,0.555555555555556,0.444444444444444,0.0
30x26,1.0,0.0,0.0
30x27,1.0,0.0,0.0
30x28,1.0,0.0,0.0
30x29,1.0,0.0,0.0
30x30,0.8888888888888891,0.111111111111111,0.0
30x31,1.0,0.0,0.0
30x32,1.0,0.0,0.0
30x33,0.8888888888888891,0.111111111111111,0.0
30x34,0.7777777777777779,0.222222222222222,0.0
30x35,1.0,0.0,0.0
30x36,1.0,0.0,0.0
30x37,1.0,0.0,0.0
30x38,0.111111111111111,0.8888888888888891,0.0
30x39,1.0,0.0,0.0
30x40,1.0,0.0,0.0
30x41,0.444444444444444,0.555555555555556,0.0
30x42,0.33333333333333304,0.666666666666667,0.0
30x43,0.8888888888888891,0.111111111111111,0.0
30x44,0.222222222222222,0.7777777777777779,0.0
30x45,0.111111111111111,0.8888888888888891,0.0
30x46,0.666666666666667,0.33333333333333304,0.0
30x47,0.33333333333333304,0.666666666666667,0.0
30x48,0.0,1.0,0.0
30x49,1.0,0.0,0.0
31x0,0.8888888888888891,0.0,0.111111111111111
31x1,0.666666666666667,0.0,0.33333333333333304
31x2,0.33333333333333304,0.222222222222222,0.444444444444444
31x3,0.7777777777777779,0.222222222222222,0.0
31x4,0.7777777777777779,0.222222222222222,0.0
31x5,0.8888888888888891,0.0,0.111111111111111
31x6,0.666666666666667,0.33333333333333304,0.0
31x7,0.111111111111111,0.555555555555556,0.33333333333333304
31x8,0.666666666666667,0.33333333333333304,0.0
31x9,0.8888888888888891,0.111111111111111,0.0
31x10,0.555555555555556,0.222222222222222,0.222222222222222
31x11,1.0,0.0,0.0
31x12,0.7777777777777779,0.0,0.222222222222222
31x13,0.111111111111111,0.444444444444444,0.444444444444444
31x14,0.222222222222222,0.7777777777777779,0.0
31x15,0.444444444444444,0.555555555555556,0.0
31x16,0.8888888888888891,0.111111111111111,0.0
31x17,0.222222222222222,0.7777777777777779,0.0
31x18,0.666666666666667,0.33333333333333304,0.0
31x19,0.7777777777777779,0.222222222222222,0.0
31x20,0.666666666666667,0.33333333333333304,0.0
31x21,0.666666666666667,0.33333333333333304,0.0
31x22,0.555555555555556,0.444444444444444,0.0
31x23,0.33333333333333304,0.666666666666667,0.0
31x24,0.33333333333333304,0.666666666666667,0.0
31x25,0.555555555555556,0.444444444444444,0.0
31x26,0.8888888888888891,0.111111111111111,0.0
31x27,0.444444444444444,0.555555555555556,0.0
31x28,0.8888888888888891,0.111111111111111,0.0
31x29,1.0,0.0,0.0
31x30,0.0,1.0,0.0
31x31,1.0,0.0,0.0
31x32,1.0,0.0,0.0
31x33,0.8888888888888891,0.111111111111111,0.0
31x34,0.666666666666667,0.33333333333333304,0.0
31x35,0.7777777777777779,0.222222222222222,0.0
31x36,0.0,1.0,0.0
31x37,0.222222222222222,0.7777777777777779,0.0
31x38,0.111111111111111,0.8888888888888891,0.0
31x39,0.444444444444444,0.555555555555556,0.0
31x40,0.111111111111111,0.8888888888888891,0.0
31x41,1.0,0.0,0.0
31x42,0.0,1.0,0.0
31x43,0.0,1.0,0.0
31x44,0.0,1.0,0.0
31x45,0.0,1.0,0.0
31x46,0.0,1.0,0.0
31x47,0.444444444444444,0.555555555555556,0.0
31x48,1.0,0.0,0.0
31x49,0.444444444444444,0.555555555555556,0.0
32x0,1.0,0.0,0.0
32x1,1.0,0.0,0.0
32x2,0.33333333333333304,0.0,0.666666666666667
32x3,0.444444444444444,0.0,0.555555555555556
32x4,1.0,0.0,0.0
32x5,0.33333333333333304,0.666666666666667,0.0
32x6,0.222222222222222,0.7777777777777779,0.0
32x7,0.0,1.0,0.0
32x8,0.0,0.8888888888888891,0.111111111111111
32x9,0.444444444444444,0.555555555555556,0.0
32x10,0.555555555555556,0.111111111111111,0.33333333333333304
32x11,0.555555555555556,0.444444444444444,0.0
32x12,1.0,0.0,0.0
32x13,0.33333333333333304,0.666666666666667,0.0
32x14,0.0,1.0,0.0
32x15,0.111111111111111,0.8888888888888891,0.0
32x16,0.0,1.0,0.0
32x17,0.0,1.0,0.0
32x18,0.0,1.0,0.0
32x19,0.0,1.0,0.0
32x20,0.0,1.0,0.0
32x21,0.0,1.0,0.0
32x22,0.222222222222222,0.7777777777777779,0.0
32x23,0.555555555555556,0.444444444444444,0.0
32x24,0.33333333333333304,0.666666666666667,0.0
32x25,0.8888888888888891,0.111111111111111,0.0
32x26,0.111111111111111,0.8888888888888891,0.0
32x27,0.0,1.0,0.0
32x28,0.111111111111111,0.8888888888888891,0.0
32x29,0.33333333333333304,0.666666666666667,0.0
32x30,0.666666666666667,0.33333333333333304,0.0
32x31,1.0,0.0,0.0
32x32,0.33333333333333304,0.666666666666667,0.0
32x33,0.8888888888888891,0.111111111111111,0.0
32x34,0.222222222222222,0.7777777777777779,0.0
32x35,0.33333333333333304,0.666666666666667,0.0
32x36,0.222222222222222,0.666666666666667,0.111111111111111
32x37,0.0,1.0,0.0
32x38,0.555555555555556,0.444444444444444,0.0
32x39,0.666666666666667,0.33333333333333304,0.0
32x40,0.0,1.0,0.0
32x41,0.666666666666667,0.33333333333333304,0.0
32x42,0.111111111111111,0.8888888888888891,0.0
32x43,0.0,1.0,0.0
32x44,0.0,1.0,0.0
32x45,0.0,1.0,0.0
32x46,0.444444444444444,0.555555555555556,0.0
32x47,0.33333333333333304,0.666666666666667,0.0
32x48,0.33333333333333304,0.666666666666667,0.0
32x49,0.0,1.0,0.0
33x0,0.7777777777777779,0.0,0.222222222222222
33x1,1.0,0.0,0.0
33x2,1.0,0.0,0.0
33x3,1.0,0.0,0.0
33x4,0.33333333333333304,0.666666666666667,0.0
33x5,0.33333333333333304,0.222222222222222,0.444444444444444
33x6,0.555555555555556,0.444444444444444,0.0
33x7,0.33333333333333304,0.666666666666667,0.0
33x8,0.33333333333333304,0.666666666666667,0.0
33x9,0.0,0.8888888888888891,0.111111111111111
33x10,0.222222222222222,0.7777777777777779,0.0
33x11,0.666666666666667,0.33333333333333304,0.0
33x12,0.666666666666667,0.33333333333333304,0.0
33x13,0.111111111111111,0.8888888888888891,0.0
33x14,0.222222222222222,0.666666666666667,0.111111111111111
33x15,0.555555555555556,0.444444444444444,0.0
33x16,0.0,1.0,0.0
33x17,0.0,1.0,0.0
33x18,0.0,1.0,0.0
33x19,0.0,1.0,0.0
33x20,0.0,1.0,0.0
33x21,0.0,1.0,0.0
33x22,0.0,1.0,0.0
33x23,0.222222222222222,0.7777777777777779,0.0
33x24,0.0,1.0,0.0
33x25,0.0,1.0,0.0
33x26,0.0,1.0,0.0
33x27,0.0,1.0,0.0
33x28,0.0,1.0,0.0
33x29,0.0,1.0,0.0
33x30,0.222222222222222,0.7777777777777779,0.0
33x31,0.222222222222222,0.7777777777777779,0.0
33x32,0.0,1.0,0.0
33x33,0.0,1.0,0.0
33x34,0.222222222222222,0.7777777777777779,0.0
33x35,0.8888888888888891,0.111111111111111,0.0
33x36,0.0,1.0,0.0
33x37,0.0,1.0,0.0
33x38,0.0,1.0,0.0
33x39,0.222222222222222,0.7777777777777779,0.0
33x40,0.0,1.0,0.0
33x41,0.0,1.0,0.0
33x42,0.0,1.0,0.0
33x43,0.0,1.0,0.0
33x44,0.0,1.0,0.0
33x45,0.0,1.0,0.0
33x46,0.444444444444444,0.555555555555556,0.0
33x47,0.33333333333333304,0.666666666666667,0.0
33x48,0.33333333333333304,0.666666666666667,0.0
33x49,0.666666666666667,0.33333333333333304,0.0
34x0,0.666666666666667,0.222222222222222,0.111111111111111
34x1,1.0,0.0,0.0
34x2,1.0,0.0,0.0
34x3,1.0,0.0,0.0
34x4,0.111111111111111,0.7777777777777779,0.111111111111111
34x5,1.0,0.0,0.0
34x6,0.8888888888888891,0.111111111111111,0.0
34x7,0.8888888888888891,0.0,0.111111111111111
34x8,0.33333333333333304,0.666666666666667,0.0
34x9,0.444444444444444,0.555555555555556,0.0
34x10,0.222222222222222,0.7777777777777779,0.0
34x11,0.33333333333333304,0.666666666666667,0.0
34x12,0.222222222222222,0.7777777777777779,0.0
34x13,0.0,1.0,0.0
34x14,0.0,1.0,0.0
34x15,0.0,1.0,0.0
34x16,0.0,1.0,0.0
34x17,0.0,1.0,0.0
34x18,0.0,1.0,0.0
34x19,0.0,1.0,0.0
34x20,0.0,1.0,0.0
34x21,0.0,1.0,0.0
34x22,0.0,1.0,0.0
34x23,0.0,1.0,0.0
34x24,0.0,1.0,0.0
34x25,0.0,1.0,0.0
34x26,0.0,1.0,0.0
34x27,0.0,0.8888888888888891,0.111111111111111
34x28,0.0,1.0,0.0
34x29,0.0,1.0,0.0
34x30,0.0,1.0,0.0
34x31,0.0,1.0,0.0
34x32,0.0,1.0,0.0
34x33,0.0,1.0,0.0
34x34,0.0,1.0,0.0
34x35,0.0,1.0,0.0
34x36,0.0,1.0,0.0
34x37,0.0,1.0,0.0
34x38,0.0,1.0,0.0
34x39,0.0,1.0,0.0
34x40,0.0,1.0,0.0
34x41,0.0,1.0,0.0
34x42,0.0,1.0,0.0
34x43,0.0,1.0,0.0
34x44,0.0,1.0,0.0
34x45,0.0,1.0,0.0
34x46,0.0,1.0,0.0
34x47,0.0,1.0,0.0
34x48,0.33333333333333304,0.666666666666667,0.0
34x49,0.555555555555556,0.444444444444444,0.0
35x0,0.666666666666667,0.33333333333333304,0.0
35x1,1.0,0.0,0.0
35x2,0.8888888888888891,0.111111111111111,0.0
35x3,0.111111111111111,0.222222222222222,0.666666666666667
35x4,0.222222222222222,0.444444444444444,0.33333333333333304
35x5,0.8888888888888891,0.0,0.111111111111111
35x6,0.8888888888888891,0.111111111111111,0.0
35x7,0.7777777777777779,0.222222222222222,0.0
35x8,0.666666666666667,0.33333333333333304,0.0
35x9,0.111111111111111,0.7777777777777779,0.111111111111111
35x10,1.0,0.0,0.0
35x11,0.555555555555556,0.444444444444444,0.0
35x12,0.111111111111111,0.8888888888888891,0.0
35x13,0.0,1.0,0.0
35x14,0.111111111111111,0.8888888888888891,0.0
35x15,0.0,1.0,0.0
35x16,0.222222222222222,0.7777777777777779,0.0
35x17,0.0,1.0,0.0
35x18,0.0,1.0,0.0
35x19,0.0,1.0,0.0
35x20,0.0,1.0,0.0
35x21,0.0,1.0,0.0
35x22,0.0,1.0,0.0
35x23,0.0,1.0,0.0
35x24,0.0,1.0,0.0
35x25,0.0,1.0,0.0
35x26,0.0,1.0,0.0
35x27,0.0,1.0,0.0
35x28,0.0,1.0,0.0
35x29,0.0,1.0,0.0
35x30,0.0,1.0,0.0
35x31,0.0,1.0,0.0
35x32,0.0,1.0,0.0
35x33,0.0,1.0,0.0
35x34,0.0,1.0,0.0
35x35,0.0,1.0,0.0
35x36,0.0,1.0,0.0
35x37,0.0,1.0,0.0
35x38,0.0,1.0,0.0
35x39,0.0,1.0,0.0
35x40,0.0,1.0,0.0
35x41,0.0,1.0,0.0
35x42,0.0,1.0,0.0
35x43,0.0,1.0,0.0
35x44,0.0,1.0,0.0
35x45,0.0,1.0,0.0
35x46,0.0,1.0,0.0
35x47,0.0,1.0,0.0
35x48,0.0,1.0,0.0
35x49,0.222222222222222,0.7777777777777779,0.0
36x0,0.444444444444444,0.555555555555556,0.0
36x1,0.33333333333333304,0.666666666666667,0.0
36x2,0.444444444444444,0.0,0.555555555555556
36x3,1.0,0.0,0.0
36x4,0.7777777777777779,0.222222222222222,0.0
36x5,0.8888888888888891,0.111111111111111,0.0
36x6,0.33333333333333304,0.666666666666667,0.0
36x7,0.666666666666667,0.33333333333333304,0.0
36x8,1.0,0.0,0.0
36x9,0.555555555555556,0.444444444444444,0.0
36x10,0.111111111111111,0.8888888888888891,0.0
36x11,0.33333333333333304,0.666666666666667,0.0
36x12,0.444444444444444,0.555555555555556,0.0
36x13,0.0,1.0,0.0
36x14,0.0,1.0,0.0
36x15,0.0,1.0,0.0
36x16,0.0,1.0,0.0
36x17,0.0,1.0,0.0
36x18,0.0,1.0,0.0
36x19,0.0,1.0,0.0
36x20,0.0,1.0,0.0
36x21,0.0,1.0,0.0
36x22,0.0,1.0,0.0
36x23,0.0,1.0,0.0
36x24,0.0,1.0,0.0
36x25,0.0,1.0,0.0
36x26,0.0,1.0,0.0
36x27,0.0,1.0,0.0
36x28,0.0,1.0,0.0
36x29,0.0,1.0,0.0
36x30,0.0,1.0,0.0
36x31,0.0,1.0,0.0
36x32,0.0,1.0,0.0
36x33,0.0,1.0,0.0
36x34,0.0,1.0,0.0
36x35,0.0,1.0,0.0
36x36,0.0,1.0,0.0
36x37,0.0,1.0,0.0
36x38,0.0,1.0,0.0
36x39,0.0,1.0,0.0
36x40,0.0,1.0,0.0
36x41,0.0,1.0,0.0
36x42,0.0,1.0,0.0
36x43,0.0,1.0,0.0
36x44,0.0,1.0,0.0
36x45,0.444444444444444,0.555555555555556,0.0
36x46,0.0,1.0,0.0
36x47,0.0,1.0,0.0
36x48,0.0,1.0,0.0
36x49,0.0,1.0,0.0
37x0,0.33333333333333304,0.111111111111111,0.555555555555556
37x1,0.222222222222222,0.555555555555556,0.222222222222222
37x2,0.111111111111111,0.666666666666667,0.222222222222222
37x3,0.666666666666667,0.33333333333333304,0.0
37x4,0.0,0.8888888888888891,0.111111111111111
37x5,1.0,0.0,0.0
37x6,0.444444444444444,0.555555555555556,0.0
37x7,0.666666666666667,0.33333333333333304,0.0
37x8,1.0,0.0,0.0
37x9,0.555555555555556,0.444444444444444,0.0
37x10,0.666666666666667,0.33333333333333304,0.0
37x11,0.0,1.0,0.0
37x12,0.0,1.0,0.0
37x13,0.0,1.0,0.0
37x14,0.0,1.0,0.0
37x15,0.0,1.0,0.0
37x16,0.0,1.0,0.0
37x17,0.0,1.0,0.0
37x18,0.0,1.0,0.0
37x19,0.0,1.0,0.0
37x20,0.0,1.0,0.0
37x21,0.0,1.0,0.0
37x22,0.0,1.0,0.0
37x23,0.0,1.0,0.0
37x24,0.0,1.0,0.0
37x25,0.0,1.0,0.0
37x26,0.0,1.0,0.0
37x27,0.0,1.0,0.0
37x28,0.0,1.0,0.0
37x29,0.0,1.0,0.0
37x30,0.0,1.0,0.0
37x31,0.0,1.0,0.0
37x32,0.0,1.0,0.0
37x33,0.0,1.0,0.0
37x34,0.0,1.0,0.0
37x35,0.0,1.0,0.0
37x36,0.0,1.0,0.0
37x37,0.0,1.0,0.0
37x38,0.0,1.0,0.0
37x39,0.0,1.0,0.0
37x40,0.0,1.0,0.0
37x41,0.0,1.0,0.0
37x42,0.0,1.0,0.0
37x43,0.0,1.0,0.0
37x44,0.0,1.0,0.0
37x45,0.0,1.0,0.0
37x46,0.0,1.0,0.0
37x47,0.0,1.0,0.0
37x48,0.0,1.0,0.0
37x49,0.0,1.0,0.0
38x0,1.0,0.0,0.0
38x1,0.8888888888888891,0.111111111111111,0.0
38x2,0.8888888888888891,0.111111111111111,0.0
38x3,0.33333333333333304,0.666666666666667,0.0
38x4,0.7777777777777779,0.111111111111111,0.111111111111111
38x5,1.0,0.0,0.0
38x6,0.7777777777777779,0.222222222222222,0.0
38x7,0.666666666666667,0.0,0.33333333333333304
38x8,1.0,0.0,0.0
38x9,0.33333333333333304,0.444444444444444,0.222222222222222
38x10,0.7777777777777779,0.222222222222222,0.0
38x11,0.33333333333333304,0.666666666666667,0.0
38x12,0.0,1.0,0.0
38x13,0.0,1.0,0.0
38x14,0.0,1.0,0.0
38x15,0.0,1.0,0.0
38x16,0.0,1.0,0.0
38x17,0.0,1.0,0.0
38x18,0.0,1.0,0.0
38x19,0.0,1.0,0.0
38x20,0.0,1.0,0.0
38x21,0.0,1.0,0.0
38x22,0.0,1.0,0.0
38x23,0.0,1.0,0.0
38x24,0.0,1.0,0.0
38x25,0.0,1.0,0.0
38x26,0.0,1.0,0.0
38x27,0.0,1.0,0.0
38x28,0.0,1.0,0.0
38x29,0.0,1.0,0.0
38x30,0.0,1.0,0.0
38x31,0.0,1.0,0.0
38x32,0.0,1.0,0.0
38x33,0.0,1.0,0.0
38x34,0.0,1.0,0.0
38x35,0.0,1.0,0.0
38x36,0.0,1.0,0.0
38x37,0.0,1.0,0.0
38x38,0.0,1.0,0.0
38x39,0.0,1.0,0.0
38x40,0.0,1.0,0.0
38x41,0.0,1.0,0.0
38x42,0.0,1.0,0.0
38x43,0.0,1.0,0.0
38x44,0.0,1.0,0.0
38x45,0.0,1.0,0.0
38x46,0.0,1.0,0.0
38x47,0.0,1.0,0.0
38x48,0.0,1.0,0.0
38x49,0.0,1.0,0.0
39x0,0.555555555555556,0.444444444444444,0.0
39x1,0.444444444444444,0.555555555555556,0.0
39x2,0.0,0.7777777777777779,0.222222222222222
39x3,0.666666666666667,0.33333333333333304,0.0
39x4,0.666666666666667,0.33333333333333304,0.0
39x5,0.444444444444444,0.111111111111111,0.444444444444444
39x6,0.111111111111111,0.8888888888888891,0.0
39x7,0.555555555555556,0.444444444444444,0.0
39x8,0.0,1.0,0.0
39x9,0.0,1.0,0.0
39x10,0.666666666666667,0.33333333333333304,0.0
39x11,0.444444444444444,0.555555555555556,0.0
39x12,0.0,1.0,0.0
39x13,0.0,1.0,0.0
39x14,0.0,1.0,0.0
39x15,0.0,1.0,0.0
39x16,0.0,1.0,0.0
39x17,0.0,1.0,0.0
39x18,0.0,1.0,0.0
39x19,0.0,1.0,0.0
39x20,0.0,1.0,0.0
39x21,0.0,1.0,0.0
39x22,0.0,1.0,0.0
39x23,0.0,1.0,0.0
39x24,0.0,1.0,0.0
39x25,0.0,1.0,0.0
39x26,0.0,1.0,0.0
39x27,0.0,1.0,0.0
39x28,0.0,1.0,0.0
39x29,0.0,1.0,0.0
39x30,0.0,1.0,0.0
39x31,0.0,1.0,0.0
39x32,0.0,1.0,0.0
39x33,0.0,1.0,0.0
39x34,0.0,1.0,0.0
39x35,0.0,1.0,0.0
39x36,0.0,1.0,0.0
39x37,0.0,1.0,0.0
39x38,0.0,1.0,0.0
39x39,0.0,1.0,0.0
39x40,0.0,1.0,0.0
39x41,0.0,1.0,0.0
39x42,0.0,1.0,0.0
39x43,0.0,1.0,0.0
39x44,0.0,1.0,0.0
39x45,0.0,1.0,0.0
39x46,0.0,1.0,0.0
39x47,0.0,1.0,0.0
39x48,0.222222222222222,0.7777777777777779,0.0
39x49,0.444444444444444,0.555555555555556,0.0
40x0,0.555555555555556,0.444444444444444,0.0
40x1,0.222222222222222,0.7777777777777779,0.0
40x2,0.33333333333333304,0.666666666666667,0.0
40x3,0.222222222222222,0.7777777777777779,0.0
40x4,0.0,1.0,0.0
40x5,0.33333333333333304,0.666666666666667,0.0
40x6,0.555555555555556,0.444444444444444,0.0
40x7,0.222222222222222,0.666666666666667,0.111111111111111
40x8,0.555555555555556,0.444444444444444,0.0
40x9,0.0,1.0,0.0
40x10,1.0,0.0,0.0
40x11,0.0,1.0,0.0
40x12,0.222222222222222,0.7777777777777779,0.0
40x13,0.222222222222222,0.7777777777777779,0.0
40x14,0.0,1.0,0.0
40x15,0.0,0.7777777777777779,0.222222222222222
40x16,0.0,1.0,0.0
40x17,0.0,1.0,0.0
40x18,0.0,1.0,0.0
40x19,0.0,1.0,0.0
40x20,0.0,1.0,0.0
40x21,0.0,1.0,0.0
40x22,0.0,1.0,0.0
40x23,0.0,1.0,0.0
40x24,0.0,1.0,0.0
40x25,0.0,1.0,0.0
40x26,0.0,1.0,0.0
40x27,0.0,1.0,0.0
40x28,0.0,1.0,0.0
40x29,0.0,1.0,0.0
40x30,0.0,1.0,0.0
40x31,0.0,1.0,0.0
40x32,0.0,1.0,0.0
40x33,0.0,1.0,0.0
40x34,0.0,1.0,0.0
40x35,0.0,1.0,0.0
40x36,0.0,1.0,0.0
40x37,0.0,1.0,0.0
40x38,0.0,1.0,0.0
40x39,0.0,1.0,0.0
40x40,0.0,1.0,0.0
40x41,0.0,1.0,0.0
40x42,0.0,1.0,0.0
40x43,0.0,1.0,0.0
40x44,0.0,1.0,0.0
40x45,0.0,1.0,0.0
40x46,0.0,1.0,0.0
40x47,0.0,1.0,0.0
40x48,0.111111111111111,0.8888888888888891,0.0
40x49,0.0,1.0,0.0
41x0,0.222222222222222,0.7777777777777779,0.0
41x1,0.555555555555556,0.444444444444444,0.0
41x2,0.222222222222222,0.7777777777777779,0.0
41x3,0.8888888888888891,0.111111111111111,0.0
41x4,0.33333333333333304,0.666666666666667,0.0
41x5,0.7777777777777779,0.222222222222222,0.0
41x6,0.444444444444444,0.444444444444444,0.111111111111111
41x7,0.666666666666667,0.0,0.33333333333333304
41x8,1.0,0.0,0.0
41x9,0.666666666666667,0.33333333333333304,0.0
41x10,0.0,1.0,0.0
41x11,0.0,0.7777777777777779,0.222222222222222
41x12,0.0,1.0,0.0
41x13,0.222222222222222,0.7777777777777779,0.0
41x14,0.0,1.0,0.0
41x15,0.0,0.7777777777777779,0.222222222222222
41x16,0.0,1.0,0.0
41x17,0.0,1.0,0.0
41x18,0.0,1.0,0.0
41x19,0.0,1.0,0.0
41x20,0.0,1.0,0.0
41x21,0.0,1.0,0.0
41x22,0.0,1.0,0.0
41x23,0.0,1.0,0.0
41x24,0.0,1.0,0.0
41x25,0.0,1.0,0.0
41x26,0.0,1.0,0.0
41x27,0.0,1.0,0.0
41x28,0.0,1.0,0.0
41x29,0.0,1.0,0.0
41x30,0.0,1.0,0.0
41x31,0.0,1.0,0.0
41x32,0.0,1.0,0.0
41x33,0.0,1.0,0.0
41x34,0.0,1.0,0.0
41x35,0.0,1.0,0.0
41x36,0.0,1.0,0.0
41x37,0.0,1.0,0.0
41x38,0.0,1.0,0.0
41x39,0.0,1.0,0.0
41x40,0.0,1.0,0.0
41x41,0.0,1.0,0.0
41x42,0.0,1.0,0.0
41x43,0.0,1.0,0.0
41x44,0.0,1.0,0.0
41x45,0.0,1.0,0.0
41x46,0.0,1.0,0.0
41x47,0.0,1.0,0.0
41x48,0.33333333333333304,0.666666666666667,0.0
41x49,0.0,1.0,0.0
42x0,0.8888888888888891,0.0,0.111111111111111
42x1,0.8888888888888891,0.111111111111111,0.0
42x2,0.111111111111111,0.8888888888888891,0.0
42x3,1.0,0.0,0.0
42x4,0.33333333333333304,0.33333333333333304,0.33333333333333304
42x5,0.666666666666667,0.33333333333333304,0.0
42x6,0.33333333333333304,0.666666666666667,0.0
42x7,0.0,1.0,0.0
42x8,0.222222222222222,0.7777777777777779,0.0
42x9,0.111111111111111,0.555555555555556,0.33333333333333304
42x10,0.111111111111111,0.8888888888888891,0.0
42x11,0.0,1.0,0.0
42x12,0.0,1.0,0.0
42x13,0.555555555555556,0.444444444444444,0.0
42x14,0.0,1.0,0.0
42x15,0.0,1.0,0.0
42x16,0.0,1.0,0.0
42x17,0.0,1.0,0.0
42x18,0.0,1.0,0.0
42x19,0.0,1.0,0.0
42x20,0.0,1.0,0.0
42x21,0.0,1.0,0.0
42x22,0.0,1.0,0.0
42x23,0.0,1.0,0.0
42x24,0.0,1.0,0.0
42x25,0.0,1.0,0.0
42x26,0.0,1.0,0.0
42x27,0.0,1.0,0.0
42x28,0.0,1.0,0.0
42x29,0.0,1.0,0.0
42x30,0.0,1.0,0.0
42x31,0.0,1.0,0.0
42x32,0.0,1.0,0.0
42x33,0.0,1.0,0.0
42x34,0.0,1.0,0.0
42x35,0.0,1.0,0.0
42x36,0.0,1.0,0.0
42x37,0.0,1.0,0.0
42x38,0.0,1.0,0.0
42x39,0.0,1.0,0.0
42x40,0.0,1.0,0.0
42x41,0.0,1.0,0.0
42x42,0.0,1.0,0.0
42x43,0.0,1.0,0.0
42x44,0.0,1.0,0.0
42x45,0.0,1.0,0.0
42x46,0.0,1.0,0.0
42x47,0.0,1.0,0.0
42x48,0.0,1.0,0.0
42x49,0.0,1.0,0.0
43x0,0.111111111111111,0.8888888888888891,0.0
43x1,0.8888888888888891,0.0,0.111111111111111
43x2,0.33333333333333304,0.666666666666667,0.0
43x3,1.0,0.0,0.0
43x4,0.0,1.0,0.0
43x5,0.555555555555556,0.444444444444444,0.0
43x6,0.33333333333333304,0.444444444444444,0.222222222222222
43x7,0.444444444444444,0.555555555555556,0.0
43x8,0.0,1.0,0.0
43x9,0.0,1.0,0.0
43x10,0.0,1.0,0.0
43x11,0.111111111111111,0.8888888888888891,0.0
43x12,0.222222222222222,0.666666666666667,0.111111111111111
43x13,0.0,1.0,0.0
43x14,0.0,1.0,0.0
43x15,0.0,1.0,0.0
43x16,0.0,1.0,0.0
43x17,0.0,1.0,0.0
43x18,0.0,1.0,0.0
43x19,0.0,1.0,0.0
43x20,0.0,1.0,0.0
43x21,0.0,1.0,0.0
43x22,0.0,1.0,0.0
43x23,0.0,1.0,0.0
43x24,0.0,1.0,0.0
43x25,0.0,1.0,0.0
43x26,0.0,1.0,0.0
43x27,0.0,1.0,0.0
43x28,0.0,1.0,0.0
43x29,0.0,1.0,0.0
43x30,0.0,1.0,0.0
43x31,0.0,1.0,0.0
43x32,0.0,1.0,0.0
43x33,0.0,1.0,0.0
43x34,0.0,1.0,0.0
43x35,0.0,1.0,0.0
43x36,0.0,1.0,0.0
43x37,0.0,1.0,0.0
43x38,0.0,1.0,0.0
43x39,0.0,1.0,0.0
43x40,0.0,1.0,0.0
43x41,0.0,1.0,0.0
43x42,0.0,1.0,0.0
43x43,0.0,1.0,0.0
43x44,0.0,1.0,0.0
43x45,0.0,1.0,0.0
43x46,0.0,1.0,0.0
43x47,0.0,1.0,0.0
43x48,0.0,0.8888888888888891,0.111111111111111
43x49,0.0,1.0,0.0
44x0,0.0,0.8888888888888891,0.111111111111111
44x1,0.666666666666667,0.222222222222222,0.111111111111111
44x2,0.33333333333333304,0.666666666666667,0.0
44x3,0.8888888888888891,0.111111111111111,0.0
44x4,0.444444444444444,0.555555555555556,0.0
44x5,0.222222222222222,0.7777777777777779,0.0
44x6,0.0,1.0,0.0
44x7,0.0,1.0,0.0
44x8,0.0,1.0,0.0
44x9,0.0,1.0,0.0
44x10,0.0,1.0,0.0
44x11,0.33333333333333304,0.666666666666667,0.0
44x12,0.111111111111111,0.8888888888888891,0.0
44x13,0.0,1.0,0.0
44x14,0.222222222222222,0.7777777777777779,0.0
44x15,0.0,1.0,0.0
44x16,0.0,1.0,0.0
44x17,0.0,1.0,0.0
44x18,0.0,1.0,0.0
44x19,0.0,1.0,0.0
44x20,0.0,1.0,0.0
44x21,0.0,1.0,0.0
44x22,0.0,1.0,0.0
44x23,0.0,1.0,0.0
44x24,0.0,1.0,0.0
44x25,0.0,1.0,0.0
44x26,0.0,1.0,0.0
44x27,0.0,1.0,0.0
44x28,0.0,1.0,0.0
44x29,0.0,1.0,0.0
44x30,0.0,1.0,0.0
44x31,0.0,1.0,0.0
44x32,0.0,1.0,0.0
44x33,0.0,1.0,0.0
44x34,0.0,1.0,0.0
44x35,0.0,1.0,0.0
44x36,0.0,1.0,0.0
44x37,0.0,1.0,0.0
44x38,0.0,1.0,0.0
44x39,0.0,1.0,0.0
44x40,0.0,1.0,0.0
44x41,0.0,1.0,0.0
44x42,0.0,1.0,0.0
44x43,0.0,1.0,0.0
44x44,0.0,1.0,0.0
44x45,0.0,1.0,0.0
44x46,0.0,1.0,0.0
44x47,0.0,1.0,0.0
44x48,0.0,1.0,0.0
44x49,0.0,1.0,0.0
45x0,0.444444444444444,0.555555555555556,0.0
45x1,0.7777777777777779,0.222222222222222,0.0
45x2,0.0,0.666666666666667,0.33333333333333304
45x3,0.444444444444444,0.555555555555556,0.0
45x4,0.555555555555556,0.444444444444444,0.0
45x5,0.0,0.666666666666667,0.33333333333333304
45x6,0.222222222222222,0.555555555555556,0.222222222222222
45x7,0.222222222222222,0.7777777777777779,0.0
45x8,0.0,0.7777777777777779,0.222222222222222
45x9,0.111111111111111,0.666666666666667,0.222222222222222
45x10,0.444444444444444,0.555555555555556,0.0
45x11,0.0,1.0,0.0
45x12,0.0,1.0,0.0
45x13,0.33333333333333304,0.666666666666667,0.0
45x14,0.0,1.0,0.0
45x15,0.0,1.0,0.0
45x16,0.0,1.0,0.0
45x17,0.0,1.0,0.0
45x18,0.0,1.0,0.0
45x19,0.0,1.0,0.0
45x20,0.0,1.0,0.0
45x21,0.0,1.0,0.0
45x22,0.0,1.0,0.0
45x23,0.0,1.0,0.0
45x24,0.0,1.0,0.0
45x25,0.0,1.0,0.0
45x26,0.0,1.0,0.0
45x27,0.0,1.0,0.0
45x28,0.0,1.0,0.0
45x29,0.0,1.0,0.0
45x30,0.0,1.0,0.0
45x31,0.0,1.0,0.0
45x32,0.0,1.0,0.0
45x33,0.0,1.0,0.0
45x34,0.0,1.0,0.0
45x35,0.0,1.0,0.0
45x36,0.0,1.0,0.0
45x37,0.0,1.0,0.0
45x38,0.0,1.0,0.0
45x39,0.0,1.0,0.0
45x40,0.0,1.0,0.0
45x41,0.0,1.0,0.0
45x42,0.0,1.0,0.0
45x43,0.0,1.0,0.0
45x44,0.0,1.0,0.0
45x45,0.222222222222222,0.7777777777777779,0.0
45x46,0.111111111111111,0.8888888888888891,0.0
45x47,0.0,1.0,0.0
45x48,0.0,1.0,0.0
45x49,0.111111111111111,0.8888888888888891,0.0
46x0,0.555555555555556,0.444444444444444,0.0
46x1,0.33333333333333304,0.666666666666667,0.0
46x2,0.111111111111111,0.33333333333333304,0.555555555555556
46x3,0.0,0.7777777777777779,0.222222222222222
46x4,0.0,1.0,0.0
46x5,0.555555555555556,0.33333333333333304,0.111111111111111
46x6,0.0,0.444444444444444,0.555555555555556
46x7,0.444444444444444,0.555555555555556,0.0
46x8,0.444444444444444,0.444444444444444,0.111111111111111
46x9,0.0,1.0,0.0
46x10,0.7777777777777779,0.222222222222222,0.0
46x11,0.0,1.0,0.0
46x12,0.222222222222222,0.7777777777777779,0.0
46x13,0.111111111111111,0.8888888888888891,0.0
46x14,0.0,1.0,0.0
46x15,0.0,1.0,0.0
46x16,0.0,1.0,0.0
46x17,0.0,1.0,0.0
46x18,0.0,1.0,0.0
46x19,0.0,0.666666666666667,0.33333333333333304
46x20,0.0,1.0,0.0
46x21,0.0,1.0,0.0
46x22,0.0,1.0,0.0
46x23,0.0,0.8888888888888891,0.111111111111111
46x24,0.0,1.0,0.0
46x25,0.0,1.0,0.0
46x26,0.0,1.0,0.0
46x27,0.0,1.0,0.0
46x28,0.0,1.0,0.0
46x29,0.0,1.0,0.0
46x30,0.0,1.0,0.0
46x31,0.0,1.0,0.0
46x32,0.0,1.0,0.0
46x33,0.0,1.0,0.0
46x34,0.0,1.0,0.0
46x35,0.0,1.0,0.0
46x36,0.0,1.0,0.0
46x37,0.0,1.0,0.0
46x38,0.0,1.0,0.0
46x39,0.0,1.0,0.0
46x40,0.0,1.0,0.0
46x41,0.0,1.0,0.0
46x42,0.0,1.0,0.0
46x43,0.0,1.0,0.0
46x44,0.0,1.0,0.0
46x45,0.0,1.0,0.0
46x46,0.0,1.0,0.0
46x47,0.0,1.0,0.0
46x48,0.0,1.0,0.0
46x49,0.8888888888888891,0.111111111111111,0.0
47x0,0.33333333333333304,0.666666666666667,0.0
47x1,0.222222222222222,0.666666666666667,0.111111111111111
47x2,0.0,1.0,0.0
47x3,0.444444444444444,0.555555555555556,0.0
47x4,0.444444444444444,0.555555555555556,0.0
47x5,0.0,1.0,0.0
47x6,0.0,1.0,0.0
47x7,1.0,0.0,0.0
47x8,0.0,1.0,0.0
47x9,0.8888888888888891,0.111111111111111,0.0
47x10,0.0,1.0,0.0
47x11,0.0,1.0,0.0
47x12,0.0,1.0,0.0
47x13,0.0,1.0,0.0
47x14,0.0,1.0,0.0
47x15,0.0,1.0,0.0
47x16,0.0,1.0,0.0
47x17,0.0,1.0,0.0
47x18,0.0,1.0,0.0
47x19,0.0,1.0,0.0
47x20,0.0,1.0,0.0
47x21,0.0,1.0,0.0
47x22,0.0,1.0,0.0
47x23,0.0,1.0,0.0
47x24,0.0,1.0,0.0
47x25,0.0,1.0,0.0
47x26,0.0,0.8888888888888891,0.111111111111111
47x27,0.0,1.0,0.0
47x28,0.0,1.0,0.0
47x29,0.0,1.0,0.0
47x30,0.0,1.0,0.0
47x31,0.0,1.0,0.0
47x32,0.0,1.0,0.0
47x33,0.0,1.0,0.0
47x34,0.0,1.0,0.0
47x35,0.0,1.0,0.0
47x36,0.0,1.0,0.0
47x37,0.0,1.0,0.0
47x38,0.0,1.0,0.0
47x39,0.0,1.0,0.0
47x40,0.0,1.0,0.0
47x41,0.0,1.0,0.0
47x42,0.0,1.0,0.0
47x43,0.0,1.0,0.0
47x44,0.0,1.0,0.0
47x45,0.0,1.0,0.0
47x46,0.0,1.0,0.0
47x47,0.0,1.0,0.0
47x48,0.0,1.0,0.0
47x49,0.0,1.0,0.0
48x0,0.8888888888888891,0.0,0.111111111111111
48x1,0.7777777777777779,0.222222222222222,0.0
48x2,0.222222222222222,0.7777777777777779,0.0
48x3,0.222222222222222,0.666666666666667,0.111111111111111
48x4,0.444444444444444,0.0,0.555555555555556
48x5,0.33333333333333304,0.666666666666667,0.0
48x6,0.0,1.0,0.0
48x7,0.666666666666667,0.33333333333333304,0.0
48x8,0.222222222222222,0.666666666666667,0.111111111111111
48x9,0.0,1.0,0.0
48x10,0.0,1.0,0.0
48x11,0.0,1.0,0.0
48x12,0.222222222222222,0.7777777777777779,0.0
48x13,0.0,1.0,0.0
48x14,0.0,1.0,0.0
48x15,0.0,1.0,0.0
48x16,0.0,1.0,0.0
48x17,0.0,1.0,0.0
48x18,0.0,1.0,0.0
48x19,0.0,1.0,0.0
48x20,0.0,1.0,0.0
48x21,0.0,1.0,0.0
48x22,0.0,1.0,0.0
48x23,0.0,1.0,0.0
48x24,0.0,1.0,0.0
48x25,0.0,1.0,0.0
48x26,0.555555555555556,0.444444444444444,0.0
48x27,0.444444444444444,0.555555555555556,0.0
48x28,0.0,1.0,0.0
48x29,0.0,1.0,0.0
48x30,0.0,1.0,0.0
48x31,0.0,1.0,0.0
48x32,0.0,1.0,0.0
48x33,0.0,1.0,0.0
48x34,0.0,1.0,0.0
48x35,0.0,1.0,0.0
48x36,0.0,1.0,0.0
48x37,0.33333333333333304,0.666666666666667,0.0
48x38,0.222222222222222,0.7777777777777779,0.0
48x39,0.0,1.0,0.0
48x40,0.0,1.0,0.0
48x41,0.0,1.0,0.0
48x42,0.0,1.0,0.0
48x43,0.444444444444444,0.555555555555556,0.0
48x44,0.0,1.0,0.0
48x45,0.0,1.0,0.0
48x46,0.0,1.0,0.0
48x47,0.0,1.0,0.0
48x48,0.222222222222222,0.7777777777777779,0.0
48x49,0.33333333333333304,0.666666666666667,0.0
49x0,0.7777777777777779,0.0,0.222222222222222
49x1,1.0,0.0,0.0
49x2,0.7777777777777779,0.222222222222222,0.0
49x3,0.7777777777777779,0.222222222222222,0.0
49x4,0.444444444444444,0.555555555555556,0.0
49x5,0.444444444444444,0.555555555555556,0.0
49x6,0.0,1.0,0.0
49x7,0.0,1.0,0.0
49x8,0.0,1.0,0.0
49x9,0.444444444444444,0.33333333333333304,0.222222222222222
49x10,0.33333333333333304,0.666666666666667,0.0
49x11,0.0,1.0,0.0
49x12,0.7777777777777779,0.222222222222222,0.0
49x13,0.0,1.0,0.0
49x14,0.0,1.0,0.0
49x15,0.0,1.0,0.0
49x16,0.0,1.0,0.0
49x17,0.0,1.0,0.0
49x18,0.666666666666667,0.33333333333333304,0.0
49x19,0.0,1.0,0.0
49x20,0.0,1.0,0.0
49x21,0.0,1.0,0.0
49x22,0.0,1.0,0.0
49x23,0.0,1.0,0.0
49x24,0.0,1.0,0.0
49x25,0.111111111111111,0.8888888888888891,0.0
49x26,0.0,1.0,0.0
49x27,0.0,1.0,0.0
49x28,0.0,1.0,0.0
49x29,0.0,1.0,0.0
49x30,0.0,1.0,0.0
49x31,0.0,1.0,0.0
49x32,0.0,1.0,0.0
49x33,0.0,1.0,0.0
49x34,0.222222222222222,0.7777777777777779,0.0
49x35,0.0,1.0,0.0
49x36,0.0,1.0,0.0
49x37,0.0,1.0,0.0
49x38,0.0,1.0,0.0
49x39,0.0,1.0,0.0
49x40,0.0,1.0,0.0
49x41,0.0,1.0,0.0
49x42,0.0,1.0,0.0
49x43,0.0,1.0,0.0
49x44,0.0,1.0,0.0
49x45,0.0,1.0,0.0
49x46,0.0,1.0,0.0
49x47,0.0,1.0,0.0
49x48,0.666666666666667,0.33333333333333304,0.0
49x49,0.0,1.0,0.0
