	Cancer	Ductal	Stroma
0x0	0.7858007	0.05830501	0.15589425
0x1	0.635159	0.020653727	0.3441873
0x2	0.85019696	0.049421344	0.100381725
0x3	0.68452406	1.4136774e-12	0.31547594
0x4	0.86360526	1.9504975e-12	0.13639471
0x5	0.86850697	0.07688558	0.05460741
0x6	0.87787074	0.113586545	0.008542713
0x7	0.86383784	0.053019278	0.08314289
0x8	1.0	2.3914516e-12	2.5493167e-12
0x9	0.9709419	0.029058097	2.3564197e-12
0x10	1.0	1.8665427e-12	1.2759903e-12
0x11	0.8739908	0.12600924	5.871476e-13
0x12	0.93240875	0.033239868	0.03435138
0x13	0.84775	0.15225	1.0505866e-12
0x14	0.94097793	0.05902208	1.3379769e-12
0x15	0.9261417	1.9255936e-12	0.0738583
0x16	0.86574686	0.13425316	2.5319905e-12
0x17	0.79792166	0.15782459	0.044253733
0x18	0.57724303	0.2999102	0.122846805
0x19	0.8649173	0.0144788455	0.12060386
0x20	0.87983495	3.297891e-11	0.12016503
0x21	0.6963096	1.594402e-12	0.30369034
0x22	0.6353012	0.16632858	0.19837022
0x23	0.433497	0.2232721	0.34323093
0x24	0.75960994	0.121742815	0.118647225
0x25	0.44274467	0.2277205	0.32953486
0x26	0.6605938	0.1359328	0.2034734
0x27	0.5671625	0.09904957	0.3337879
0x28	0.40807956	0.087046586	0.5048739
0x29	0.4086455	0.083750024	0.5076045
0x30	0.46759158	0.2763478	0.2560606
0x31	0.640433	0.07939091	0.2801761
0x32	0.5144745	0.017514938	0.46801054
0x33	0.7257036	0.055102367	0.21919408
0x34	0.5222332	0.098675124	0.3790917
0x35	0.42065755	0.032084405	0.547258
0x36	0.55500644	0.10742929	0.3375643
0x37	0.39824453	0.17437316	0.42738235
0x38	0.40222198	0.29759175	0.30018625
0x39	0.30404028	0.23406026	0.46189946
0x40	0.4833801	0.19771904	0.31890082
0x41	0.09899334	0.31388286	0.58712375
0x42	0.26293856	0.13246047	0.60460097
0x43	0.3435899	0.2943031	0.36210707
0x44	0.13819803	0.49583927	0.36596268
0x45	0.45851746	0.1263438	0.41513872
0x46	0.3534482	0.25061575	0.39593607
0x47	0.18123235	0.3932355	0.42553216
0x48	0.27458096	0.18025829	0.5451608
0x49	0.41406614	0.3134098	0.27252403
1x0	0.882254	0.089424	0.028321978
1x1	0.8261747	0.12380289	0.050022405
1x2	0.7959648	0.034648858	0.16938637
1x3	0.66355914	0.124523066	0.21191783
1x4	0.9315429	0.06845714	1.7860582e-12
1x5	0.9936761	2.2975539e-12	0.006323895
1x6	1.0	3.622186e-12	1.7409132e-12
1x7	1.0	1.3318252e-12	9.0701914e-13
1x8	0.86342615	0.13657385	8.6992355e-13
1x9	1.0	5.8625826e-12	1.4244093e-12
1x10	0.98652595	0.013474058	9.487967e-13
1x11	0.94505423	2.0197023e-12	0.05494572
1x12	0.74994045	0.21721336	0.032846138
1x13	0.8962138	1.8887181e-12	0.10378617
1x14	0.9740656	4.0518765e-12	0.025934419
1x15	0.8891759	0.110824145	1.8794898e-12
1x16	0.76910084	0.053810045	0.17708914
1x17	0.8636145	0.065251954	0.07113355
1x18	0.88117605	3.4228102e-12	0.11882396
1x19	0.8245907	0.02485062	0.15055872
1x20	0.6414228	0.054747574	0.30382964
1x21	0.6492114	0.2564531	0.09433551
1x22	0.5980153	0.13808462	0.2639001
1x23	0.6710545	0.02313855	0.30580702
1x24	0.7520463	1.5579505e-12	0.24795377
1x25	0.6100986	1.1490606e-11	0.3899014
1x26	0.6520523	0.10935675	0.23859096
1x27	0.45623103	0.18573391	0.35803506
1x28	0.5625368	0.17936662	0.2580967
1x29	0.11215014	0.489431	0.39841887
1x30	0.4608918	0.08977193	0.4493363
1x31	0.5667341	0.036707565	0.3965584
1x32	0.36505458	0.2099856	0.4249598
1x33	0.5354759	0.02304309	0.44148102
1x34	0.39003462	0.22872695	0.38123843
1x35	0.3223512	0.20116979	0.47647896
1x36	0.5162907	0.18713777	0.29657152
1x37	0.28210428	0.3111091	0.40678656
1x38	0.3859788	0.16093844	0.4530828
1x39	0.6953046	0.047983006	0.25671244
1x40	0.39186862	0.04265497	0.56547636
1x41	0.33403713	0.09460788	0.571355
1x42	0.34622452	0.23988475	0.41389075
1x43	0.25451687	0.0691057	0.6763774
1x44	0.10468954	0.2698679	0.6254426
1x45	0.4231542	0.09461235	0.4822334
1x46	0.5180868	0.19433804	0.28757513
1x47	0.2905503	0.19976828	0.50968134
1x48	0.36711174	0.40022686	0.23266135
1x49	0.53549075	0.093952805	0.37055638
2x0	0.9245163	1.9412779e-12	0.07548371
2x1	0.8981163	1.9038482e-12	0.10188371
2x2	0.91595733	0.06745547	0.0165872
2x3	1.0	2.158625e-12	2.0584626e-12
2x4	0.8643029	0.13569711	2.3351397e-12
2x5	0.7761131	0.059993085	0.16389374
2x6	0.9916075	0.0083925035	1.2267714e-12
2x7	1.0	1.3228706e-12	5.656108e-13
2x8	0.9973788	1.376889e-12	0.0026211655
2x9	1.0	2.8409044e-12	7.513317e-13
2x10	0.99329996	0.0067000636	1.6719815e-12
2x11	0.99633396	0.0036660503	7.545001e-13
2x12	1.0	8.0005506e-13	5.1348953e-13
2x13	1.0	2.1859235e-12	7.7705637e-13
2x14	1.0	4.348462e-12	9.650443e-13
2x15	1.0	2.2168424e-12	9.582852e-13
2x16	0.75371116	2.294591e-12	0.24628884
2x17	0.88519317	0.016179023	0.09862784
2x18	0.75742555	2.0827663e-12	0.24257451
2x19	0.6187258	0.21188374	0.16939043
2x20	0.8401056	2.0650016e-12	0.15989439
2x21	0.6599912	0.14884737	0.19116138
2x22	0.66669875	0.18859072	0.14471054
2x23	0.673094	0.045659	0.28124714
2x24	0.7724783	0.05101124	0.17651056
2x25	0.65555376	0.062413055	0.28203315
2x26	0.6556477	0.13127573	0.21307658
2x27	0.56421655	0.06693338	0.3688501
2x28	0.2896384	0.12544653	0.58491504
2x29	0.5477901	0.21568915	0.23652075
2x30	0.46442083	0.29820284	0.23737638
2x31	0.37299457	0.121610396	0.50539505
2x32	0.33074096	0.35560346	0.31365556
2x33	0.38780868	0.16460854	0.44758278
2x34	0.54945624	0.1462377	0.3043061
2x35	0.66777587	0.065238826	0.2669854
2x36	0.33021355	0.059947293	0.60983914
2x37	0.33878067	0.44817513	0.21304421
2x38	0.30490854	0.1663484	0.5287431
2x39	0.22978555	0.3872807	0.38293386
2x40	0.3241111	0.14495988	0.530929
2x41	0.21456738	0.40837935	0.37705326
2x42	0.38658467	0.24403891	0.3693764
2x43	0.18212442	0.18281515	0.63506037
2x44	0.16805264	0.4781037	0.35384363
2x45	0.29256833	0.32619697	0.38123468
2x46	0.2334257	0.16075781	0.6058164
2x47	0.19112994	0.13961147	0.6692586
2x48	0.24904658	0.33552334	0.4154301
2x49	0.24898802	0.37713435	0.37387764
3x0	0.9390524	0.010054528	0.050893057
3x1	0.88987505	0.11012497	1.5803734e-12
3x2	0.99973136	0.00026864378	7.068591e-13
3x3	0.8983221	0.10167791	1.0393911e-12
3x4	1.0	2.045888e-12	1.4815961e-12
3x5	1.0	6.9010704e-12	7.7367485e-13
3x6	1.0	2.552473e-12	1.2277865e-12
3x7	1.0	1.5634458e-12	9.203531e-13
3x8	1.0	1.2389692e-12	7.2426434e-13
3x9	0.92975813	0.07024186	6.6321465e-13
3x10	1.0	1.1277323e-11	7.099192e-13
3x11	1.0	1.8480092e-12	1.0104453e-12
3x12	1.0	1.12177646e-11	1.8926729e-12
3x13	0.98021364	0.01978639	6.2222384e-13
3x14	0.99906236	2.5305999e-12	0.0009376767
3x15	1.0	5.0194866e-12	1.070863e-12
3x16	0.90932035	3.216592e-12	0.090679646
3x17	1.0	2.5595355e-12	1.2077414e-12
3x18	0.93922275	9.106184e-12	0.06077722
3x19	0.9001801	0.05659186	0.043228026
3x20	0.82000995	2.951191e-12	0.17999008
3x21	0.54570824	0.124239564	0.33005226
3x22	0.85176456	1.4762252e-12	0.14823541
3x23	0.7942598	0.052786067	0.15295416
3x24	0.53140926	0.10933171	0.35925898
3x25	0.3780255	0.16746564	0.45450887
3x26	0.43901438	0.13731797	0.42366767
3x27	0.6011018	0.18860795	0.21029022
3x28	0.4617927	0.29971072	0.23849657
3x29	0.5664897	0.05755169	0.37595865
3x30	0.31846303	0.17074588	0.5107911
3x31	0.4011552	0.08978429	0.5090605
3x32	0.6170429	0.073601425	0.3093557
3x33	0.4174986	0.042870954	0.5396304
3x34	0.23821117	0.12012074	0.6416681
3x35	0.1610656	0.31030214	0.5286323
3x36	0.5109617	0.14355153	0.34548676
3x37	0.28259906	0.21550208	0.5018989
3x38	0.42486176	0.19193758	0.38320062
3x39	0.31743628	0.09736292	0.58520085
3x40	0.11199879	0.25452837	0.63347286
3x41	0.23176134	0.235862	0.53237665
3x42	0.3204452	0.25120935	0.42834547
3x43	0.26298386	0.19886032	0.53815573
3x44	0.4408748	0.27963808	0.27948716
3x45	0.36736226	0.27564394	0.35699373
3x46	0.49485078	0.098407045	0.40674222
3x47	0.29865327	0.38539988	0.31594688
3x48	0.63277364	0.12434845	0.24287793
3x49	0.27187568	0.32365912	0.4044652
4x0	0.92804193	0.071958035	1.1030867e-12
4x1	0.8235973	3.1114586e-12	0.17640272
4x2	0.70135105	0.1852372	0.11341176
4x3	0.99129796	0.008702027	1.2361484e-12
4x4	1.0	2.6676179e-12	5.031424e-13
4x5	1.0	3.6440104e-12	1.7355306e-12
4x6	1.0	1.2316961e-12	5.895231e-13
4x7	1.0	2.0204684e-12	8.76582e-13
4x8	1.0	1.8002998e-12	6.254163e-13
4x9	1.0	2.9825667e-12	9.570933e-13
4x10	1.0	2.2989453e-12	1.0257486e-12
4x11	0.9976386	0.0023614014	6.3730694e-13
4x12	0.99325746	0.006742554	6.248524e-13
4x13	1.0	1.7208378e-12	9.875421e-13
4x14	1.0	5.464185e-12	2.4130403e-12
4x15	1.0	2.612294e-12	1.7667239e-12
4x16	1.0	2.669024e-12	6.696242e-13
4x17	0.9687269	3.708952e-12	0.03127312
4x18	0.9063263	1.6783701e-12	0.093673676
4x19	0.7481644	0.05081813	0.20101745
4x20	0.9982916	0.000542996	0.0011654361
4x21	0.84019357	7.2751653e-12	0.1598064
4x22	0.67010236	0.20943494	0.12046273
4x23	0.62462664	0.06324631	0.31212702
4x24	0.67452866	0.07460741	0.25086388
4x25	0.5885219	0.17333582	0.23814227
4x26	0.4957881	0.005134412	0.4990775
4x27	0.5843104	0.084607914	0.33108166
4x28	0.48680022	0.1550766	0.35812315
4x29	0.26599002	0.08083095	0.65317905
4x30	0.43184987	0.14059912	0.42755103
4x31	0.047351446	0.57337487	0.37927368
4x32	0.2554897	0.22571665	0.51879364
4x33	0.48070154	0.11013436	0.40916413
4x34	0.32661855	0.19376114	0.4796203
4x35	0.45719004	0.1237118	0.41909814
4x36	0.2923724	0.11727954	0.59034806
4x37	0.44792685	0.071250565	0.4808226
4x38	0.42959088	0.36398792	0.20642114
4x39	0.2147889	0.39212614	0.3930849
4x40	0.2534867	0.07594012	0.67057323
4x41	0.37544197	0.2726021	0.3519559
4x42	0.355036	0.15019305	0.4947709
4x43	0.50773406	0.04141741	0.45084852
4x44	0.12709814	0.18053678	0.6923651
4x45	0.35970205	0.28393343	0.3563645
4x46	0.32334083	0.23507503	0.44158414
4x47	0.3308553	0.23847537	0.43066934
4x48	0.17385201	0.23491317	0.59123474
4x49	0.27741647	0.39874598	0.32383758
5x0	0.7229987	0.16940057	0.107600644
5x1	0.8278188	0.0011637231	0.1710175
5x2	1.0	3.3719663e-12	8.748796e-13
5x3	1.0	1.9970726e-11	1.748144e-12
5x4	0.9411991	0.058800887	1.2706358e-12
5x5	1.0	1.5421942e-12	1.0316191e-12
5x6	1.0	9.85446e-13	1.1455186e-12
5x7	1.0	1.9141542e-12	1.0214041e-12
5x8	1.0	3.861055e-12	8.850336e-13
5x9	1.0	3.6153957e-12	9.350506e-13
5x10	1.0	3.0914052e-12	1.0523635e-12
5x11	1.0	1.9261936e-12	8.137557e-13
5x12	1.0	1.4269716e-12	6.1209615e-13
5x13	0.9974934	0.0025066105	9.420925e-13
5x14	1.0	6.171472e-12	9.532031e-13
5x15	1.0	1.866101e-12	8.401058e-13
5x16	1.0	1.3228558e-12	5.519734e-13
5x17	0.98198855	0.01801141	1.5023915e-12
5x18	0.5056916	0.25718978	0.2371186
5x19	0.78657305	0.07857089	0.1348561
5x20	0.8287219	0.061315443	0.10996264
5x21	0.8110465	0.060613897	0.12833957
5x22	0.5627249	0.10858755	0.32868755
5x23	0.6045316	7.3850795e-12	0.3954684
5x24	0.4968883	0.065836824	0.4372748
5x25	0.45512718	0.051654194	0.49321863
5x26	0.57438475	0.023415616	0.4021996
5x27	0.4994988	0.21861692	0.28188422
5x28	0.39118683	4.076593e-12	0.60881317
5x29	0.4083759	0.011569704	0.58005434
5x30	0.5674323	3.2349676e-12	0.43256778
5x31	0.3792156	0.08477022	0.5360142
5x32	0.4330791	0.26096132	0.30595964
5x33	0.40249342	0.22089179	0.37661478
5x34	0.19637981	0.17990226	0.62371796
5x35	0.26652893	0.108355515	0.6251155
5x36	0.4374189	0.17947312	0.38310802
5x37	0.26968977	0.09394023	0.63637006
5x38	0.26626933	0.26780176	0.46592894
5x39	0.27915633	0.27173206	0.44911164
5x40	0.49630156	0.04965184	0.45404664
5x41	0.42242894	0.050475847	0.52709514
5x42	0.018906206	0.2915177	0.68957615
5x43	0.14079772	0.18875656	0.6704457
5x44	0.28169802	0.19696982	0.5213321
5x45	0.2778132	0.30567238	0.41651443
5x46	0.3403887	0.35173237	0.307879
5x47	0.39320812	0.19109602	0.4156959
5x48	0.42948905	0.09362946	0.47688153
5x49	0.42259791	0.41341865	0.16398343
6x0	0.82736546	0.12047068	0.052163858
6x1	0.838893	0.002058678	0.15904832
6x2	1.0	2.3153153e-12	1.2657973e-12
6x3	1.0	5.6892364e-12	1.4420106e-12
6x4	1.0	4.533291e-12	9.646559e-13
6x5	1.0	1.691686e-12	8.2884193e-13
6x6	1.0	2.4146447e-12	1.3879367e-12
6x7	0.9284509	0.07154911	2.0199304e-12
6x8	1.0	3.1115024e-12	9.098286e-13
6x9	1.0	2.4009419e-12	9.983506e-13
6x10	1.0	1.8375841e-12	1.0250643e-12
6x11	1.0	1.8891416e-12	1.1612964e-12
6x12	0.9986922	1.2188305e-12	0.0013077639
6x13	1.0	3.0635856e-12	6.348408e-13
6x14	1.0	9.5244194e-12	1.0314074e-12
6x15	1.0	9.766839e-13	8.8044226e-13
6x16	1.0	1.3026043e-12	1.0975641e-12
6x17	1.0	1.6177726e-12	7.7081164e-13
6x18	1.0	5.1696685e-12	1.1318907e-12
6x19	1.0	7.174129e-12	1.644446e-12
6x20	0.83635515	0.13416423	0.029480543
6x21	0.8220517	0.05414762	0.12380074
6x22	0.82767826	1.6238321e-12	0.17232172
6x23	0.54107434	2.8550734e-12	0.4589256
6x24	0.61610687	0.19569573	0.1881974
6x25	0.4524319	0.18410979	0.3634583
6x26	0.48955587	0.026704488	0.48373967
6x27	0.42710194	0.13777003	0.43512803
6x28	0.43635118	0.18486443	0.37878436
6x29	0.4710055	0.2830278	0.24596664
6x30	0.41937482	0.103008695	0.4776165
6x31	0.547872	0.040960845	0.41116717
6x32	0.046653666	0.20221364	0.7511327
6x33	0.25360185	0.18620495	0.5601932
6x34	0.23715164	0.15723169	0.6056167
6x35	0.38867167	0.24058081	0.37074748
6x36	0.45669493	0.029418776	0.5138863
6x37	0.29583138	0.28992525	0.4142434
6x38	0.30777752	0.28332812	0.40889442
6x39	0.6615584	0.051558975	0.28688258
6x40	0.2896483	0.19144635	0.5189053
6x41	0.2113918	0.15674262	0.6318656
6x42	0.29013577	0.15591136	0.55395293
6x43	0.20262703	0.32015854	0.47721443
6x44	0.433151	0.17635453	0.39049447
6x45	0.19814798	0.25169683	0.55015516
6x46	0.20696238	0.18467295	0.60836464
6x47	0.3343358	0.23422588	0.43143836
6x48	0.49601367	0.14583407	0.3581523
6x49	0.43843663	0.11797591	0.4435874
7x0	0.9115161	0.08848394	1.128011e-12
7x1	0.87848246	0.0014031894	0.12011436
7x2	1.0	1.5167308e-12	7.802295e-13
7x3	1.0	7.655939e-12	8.21293e-13
7x4	1.0	1.3900246e-12	7.829432e-13
7x5	1.0	1.0960898e-12	1.7203407e-12
7x6	1.0	1.5121961e-12	1.623368e-12
7x7	1.0	2.4719725e-12	7.377381e-13
7x8	1.0	1.4296925e-12	1.6799049e-12
7x9	1.0	8.37209e-12	7.408166e-13
7x10	1.0	2.8308326e-12	9.436437e-13
7x11	1.0	2.0855934e-12	7.959928e-13
7x12	1.0	9.936404e-12	9.103364e-13
7x13	1.0	2.720134e-12	1.2073124e-12
7x14	1.0	1.9581656e-12	7.690492e-13
7x15	1.0	1.4169041e-12	8.720506e-13
7x16	1.0	7.0435424e-12	1.2105044e-12
7x17	1.0	2.3352483e-12	2.3556387e-12
7x18	1.0	5.2056e-12	6.407429e-13
7x19	0.6725816	0.10714228	0.22027606
7x20	0.60306495	0.33335766	0.06357745
7x21	0.6985458	0.1690996	0.1323546
7x22	0.7279959	0.013575146	0.25842905
7x23	0.6213898	0.09910263	0.27950758
7x24	0.8203074	3.9479375e-12	0.17969264
7x25	0.5324815	0.062999144	0.4045194
7x26	0.43602222	9.0432745e-11	0.5639778
7x27	0.4370358	0.021924013	0.54104024
7x28	0.30876666	7.982491e-12	0.69123334
7x29	0.2241615	0.15117186	0.62466663
7x30	0.5112554	0.03377938	0.45496526
7x31	0.5702941	0.030355658	0.39935023
7x32	0.18729818	0.11635143	0.6963504
7x33	0.3366002	0.032088563	0.6313112
7x34	0.049760606	0.35206988	0.5981695
7x35	0.3030554	0.13034867	0.5665959
7x36	0.34226346	0.10605732	0.5516792
7x37	0.19674832	0.055549905	0.74770176
7x38	0.06262259	0.22833042	0.7090469
7x39	0.57742596	0.057902977	0.36467105
7x40	0.06332258	0.49844268	0.43823472
7x41	0.36158672	0.21415935	0.424254
7x42	0.45480746	0.09809551	0.44709706
7x43	0.3251859	0.3319443	0.34286976
7x44	0.3137258	0.24159698	0.44467726
7x45	0.4794143	0.055917833	0.46466777
7x46	0.13016589	0.03726758	0.8325665
7x47	0.2659265	0.15685207	0.5772214
7x48	0.23963554	0.44273537	0.31762904
7x49	0.49133563	0.3067287	0.2019356
8x0	1.0	5.999793e-11	3.0095503e-12
8x1	0.9244316	3.9220294e-12	0.07556838
8x2	1.0	1.346759e-12	7.3421857e-13
8x3	1.0	1.3497093e-11	8.213799e-13
8x4	1.0	2.1379936e-12	1.0390495e-12
8x5	1.0	1.24135814e-11	7.4207735e-13
8x6	1.0	2.2993907e-12	2.4680674e-12
8x7	1.0	1.8558096e-12	9.970181e-13
8x8	1.0	2.2007812e-12	8.8822813e-13
8x9	1.0	2.6678364e-11	1.5848633e-12
8x10	1.0	4.597678e-12	5.114775e-13
8x11	1.0	1.6410406e-12	8.238837e-13
8x12	1.0	1.4238617e-12	1.1020708e-12
8x13	1.0	1.768771e-12	1.2273483e-12
8x14	0.9610823	0.038917776	1.0572841e-12
8x15	1.0	2.367083e-12	9.775977e-13
8x16	1.0	2.124206e-12	9.587156e-13
8x17	1.0	2.1696273e-12	1.4540679e-12
8x18	1.0	1.5614919e-12	4.6540692e-12
8x19	0.7669611	3.0029007e-12	0.23303893
8x20	0.8009593	0.16390659	0.0351341
8x21	0.59084445	3.4614317e-12	0.40915558
8x22	0.7004102	5.911348e-12	0.2995898
8x23	0.6566795	1.4766171e-12	0.34332052
8x24	0.6833177	0.095372856	0.22130944
8x25	0.37607586	0.21031687	0.41360727
8x26	0.37128696	0.08356797	0.5451451
8x27	0.5793267	0.04639581	0.3742775
8x28	0.26165137	0.15236753	0.5859811
8x29	0.20436408	2.587072e-12	0.79563594
8x30	0.21164513	0.2775745	0.51078033
8x31	0.29550624	0.104421645	0.6000721
8x32	0.23724246	1.5324502e-12	0.76275754
8x33	0.30202267	0.024391318	0.673586
8x34	0.049879603	0.14172907	0.80839133
8x35	0.45385906	0.03743835	0.5087026
8x36	0.63148654	0.021344613	0.3471689
8x37	0.3133321	0.09364841	0.5930195
8x38	0.45974487	0.027833253	0.5124219
8x39	0.40051705	0.19244404	0.40703896
8x40	0.29883635	0.10017891	0.6009847
8x41	8.621314e-12	0.5124628	0.48753718
8x42	0.19370943	0.124619745	0.68167084
8x43	0.34441897	0.23313549	0.4224455
8x44	0.1495808	0.17678855	0.67363065
8x45	0.28927365	0.2686742	0.44205213
8x46	0.2536002	0.029454328	0.71694547
8x47	0.30588555	0.36919996	0.32491452
8x48	0.23649646	0.3813646	0.3821389
8x49	0.22949871	0.38702172	0.38347954
9x0	0.95811826	1.5257876e-12	0.041881785
9x1	0.8941224	0.10587758	1.3874522e-12
9x2	1.0	2.8052328e-11	1.0976438e-12
9x3	0.9751459	0.02485415	1.1310374e-12
9x4	0.95962334	0.04037665	2.179336e-12
9x5	1.0	9.422853e-13	3.3417557e-12
9x6	0.946047	0.053952977	5.847439e-13
9x7	1.0	1.2748461e-12	1.241167e-12
9x8	0.96628153	0.033718467	8.514427e-13
9x9	0.9738829	0.026117114	1.657807e-12
9x10	1.0	1.0282982e-11	1.234534e-12
9x11	1.0	1.9349771e-12	6.874966e-13
9x12	0.9802318	0.019768165	1.3956478e-12
9x13	1.0	1.4897733e-12	1.1953302e-12
9x14	1.0	1.4655047e-12	8.7992314e-13
9x15	1.0	2.1558163e-12	5.784301e-13
9x16	0.9895213	0.010478687	1.830667e-12
9x17	1.0	1.7153448e-10	5.0867336e-12
9x18	1.0	2.2374609e-12	1.4713284e-12
9x19	0.8475882	0.15241182	8.8581784e-13
9x20	0.74629825	0.17254955	0.08115223
9x21	0.62027276	0.14447954	0.23524763
9x22	0.856431	2.4268805e-12	0.14356896
9x23	0.75157773	1.590841e-12	0.2484222
9x24	0.3896648	0.0460388	0.5642964
9x25	0.4868724	7.058907e-12	0.51312757
9x26	0.5163477	0.094528235	0.3891241
9x27	0.5572136	1.7830495e-12	0.44278634
9x28	0.28706896	1.5649103e-12	0.71293104
9x29	0.34743822	0.23282863	0.41973308
9x30	0.403088	0.12873131	0.4681807
9x31	0.12025531	0.06918823	0.8105564
9x32	0.052626923	0.19238958	0.75498354
9x33	0.20198904	2.419703e-12	0.798011
9x34	0.17220806	2.2592293e-12	0.8277919
9x35	0.08802225	0.28738713	0.62459064
9x36	0.14918326	0.17802481	0.67279196
9x37	0.256463	0.25338945	0.4901476
9x38	0.05060057	0.06506448	0.8843349
9x39	0.13435215	0.07103112	0.7946167
9x40	0.33695212	0.12981595	0.5332319
9x41	0.18550827	0.18608296	0.6284088
9x42	0.021362798	0.08450252	0.8941347
9x43	0.117077306	0.42164996	0.46127275
9x44	0.24747206	0.14746448	0.60506344
9x45	0.1548019	0.17986026	0.66533786
9x46	0.14499134	0.37425715	0.48075145
9x47	0.1278986	0.21930265	0.65279865
9x48	0.114870675	0.21273226	0.6723971
9x49	0.24012403	0.12612672	0.6337493
10x0	0.967141	7.090114e-11	0.032859027
10x1	0.99748784	0.0025121556	8.9822816e-13
10x2	0.9971678	2.376088e-12	0.002832168
10x3	1.0	1.9797454e-12	1.2317467e-12
10x4	1.0	2.0069868e-12	1.5522051e-12
10x5	1.0	3.1256284e-12	7.5998425e-13
10x6	1.0	2.863005e-12	5.363997e-13
10x7	1.0	2.4790406e-11	6.772871e-13
10x8	1.0	4.3488646e-12	8.505829e-13
10x9	1.0	1.2751836e-11	1.9068206e-12
10x10	1.0	1.3162395e-12	7.153827e-13
10x11	1.0	2.5161316e-12	1.9546528e-12
10x12	1.0	2.352644e-12	1.1750231e-12
10x13	1.0	2.1253398e-12	9.079876e-13
10x14	1.0	1.5090499e-12	9.197845e-13
10x15	1.0	6.1277307e-12	8.673135e-13
10x16	1.0	1.5630207e-12	1.5824799e-12
10x17	1.0	3.024115e-12	1.9151484e-12
10x18	1.0	1.8398221e-12	8.1403715e-13
10x19	1.0	1.5352657e-12	7.674846e-13
10x20	0.86850715	2.3512115e-12	0.13149287
10x21	0.7207577	0.064285494	0.21495679
10x22	0.6136537	2.3481508e-12	0.3863463
10x23	0.5118862	0.06104357	0.42707023
10x24	0.43801343	3.2531298e-12	0.56198657
10x25	0.26876175	0.09383898	0.6373992
10x26	0.26133677	0.013234642	0.7254286
10x27	0.30880484	1.5729375e-12	0.6911952
10x28	0.22960684	1.5912678e-12	0.7703932
10x29	0.24526183	0.02362857	0.7311096
10x30	0.057202004	0.04747539	0.8953226
10x31	0.26379585	0.059725527	0.6764786
10x32	0.099447966	0.0654701	0.83508193
10x33	0.6808429	0.020949544	0.29820752
10x34	0.14816335	1.4398212e-12	0.8518367
10x35	0.15683527	3.342131e-12	0.8431647
10x36	0.35923132	3.946119e-12	0.64076865
10x37	0.5072939	0.04842289	0.44428322
10x38	0.22960801	0.15385891	0.61653304
10x39	0.13500462	0.15923427	0.7057611
10x40	0.19917497	0.1996654	0.6011596
10x41	0.2624463	0.034497634	0.70305604
10x42	0.22848985	0.24724054	0.5242696
10x43	0.36542314	0.22571723	0.40885955
10x44	0.20385703	0.42307538	0.3730676
10x45	0.089481495	0.258175	0.6523435
10x46	0.39368767	0.18453866	0.42177364
10x47	0.26515284	0.14043738	0.59440976
10x48	0.094257094	0.322837	0.5829059
10x49	0.18871422	0.3476019	0.4636838
11x0	0.80175304	0.09733171	0.100915335
11x1	0.88440216	8.3931655e-12	0.115597844
11x2	1.0	1.4666446e-12	1.0410884e-12
11x3	1.0	1.2767457e-12	1.1067917e-12
11x4	1.0	1.7940895e-12	1.0944711e-12
11x5	1.0	2.556059e-12	2.0516588e-12
11x6	1.0	1.2988472e-12	6.4491544e-13
11x7	0.96676344	0.03323658	1.3861763e-12
11x8	1.0	2.5820708e-12	6.822195e-13
11x9	1.0	3.2621401e-12	9.165345e-13
11x10	1.0	1.0355028e-12	6.844295e-13
11x11	1.0	4.1701794e-12	1.4940162e-12
11x12	1.0	3.129026e-12	9.127303e-13
11x13	1.0	3.9341004e-12	7.843866e-13
11x14	1.0	2.390296e-12	1.0667152e-12
11x15	1.0	4.4753793e-12	1.3066471e-12
11x16	1.0	2.5515946e-12	1.3830297e-12
11x17	0.9854049	1.4036887e-12	0.014595094
11x18	1.0	1.1704004e-12	9.0387203e-13
11x19	0.87035006	5.763255e-12	0.1296499
11x20	0.66719437	1.6315508e-12	0.33280563
11x21	0.88095766	0.006412728	0.1126296
11x22	0.7640237	0.054241773	0.18173449
11x23	0.585094	1.2283927e-12	0.41490602
11x24	0.44358096	2.7604104e-12	0.556419
11x25	0.43688127	1.1642097e-11	0.56311876
11x26	0.23388194	1.2991125e-12	0.76611805
11x27	0.22814953	0.00092455227	0.7709259
11x28	0.42561787	1.0750875e-11	0.5743821
11x29	0.29668102	0.16924685	0.53407216
11x30	0.016293528	0.17908403	0.8046224
11x31	0.2882577	0.019983282	0.69175905
11x32	0.43323955	0.06312328	0.50363714
11x33	0.14318943	0.028738866	0.8280717
11x34	0.038783822	1.6617652e-12	0.96121615
11x35	0.005084523	0.15823416	0.8366813
11x36	0.19148843	0.0071000974	0.80141145
11x37	0.14892712	0.19120264	0.65987027
11x38	0.24181229	0.2226575	0.53553027
11x39	0.28752327	0.11546717	0.59700954
11x40	0.020248797	0.2952922	0.684459
11x41	0.32779396	0.16316427	0.5090418
11x42	0.152299	0.09147558	0.75622547
11x43	0.23096937	0.24311513	0.52591556
11x44	0.18163358	0.21924151	0.59912497
11x45	0.36931595	0.07773238	0.5529517
11x46	0.024814004	0.50897706	0.46620893
11x47	0.26642665	0.26254827	0.4710251
11x48	0.21786624	0.29272974	0.48940402
11x49	0.12580977	0.4484971	0.42569315
12x0	0.90285045	0.030641586	0.066508
12x1	0.92510885	0.05785324	0.017037952
12x2	1.0	2.931902e-12	5.8382476e-13
12x3	1.0	2.2935844e-12	6.8060466e-13
12x4	1.0	1.4765495e-12	9.1394e-13
12x5	1.0	1.1862025e-12	7.172239e-13
12x6	0.8868652	0.113134794	1.1326496e-12
12x7	1.0	2.4580117e-12	1.1311335e-12
12x8	1.0	9.8659605e-12	6.099701e-13
12x9	1.0	1.623944e-12	9.642181e-13
12x10	1.0	2.5319258e-12	8.707248e-13
12x11	1.0	2.950436e-12	8.8461015e-13
12x12	1.0	3.142021e-12	1.2554864e-12
12x13	1.0	2.7561716e-12	8.4061366e-13
12x14	1.0	1.139165e-12	8.556396e-13
12x15	1.0	1.9785122e-12	1.0913094e-12
12x16	1.0	4.0795587e-12	2.792613e-12
12x17	1.0	1.8133628e-12	6.321582e-13
12x18	1.0	2.8489806e-11	1.4204951e-12
12x19	0.9346649	2.9455448e-12	0.065335065
12x20	0.8367529	0.009213732	0.15403332
12x21	0.61949193	0.13976729	0.24074069
12x22	0.6412473	0.10716368	0.25158903
12x23	0.51229143	0.09649378	0.39121482
12x24	0.31118938	3.2123854e-12	0.68881065
12x25	0.09574297	2.0203954e-12	0.904257
12x26	0.36539605	2.1774403e-12	0.6346039
12x27	0.2861061	0.077023804	0.63687015
12x28	1.6469935e-12	0.057715863	0.94228417
12x29	0.21071857	0.012624592	0.77665687
12x30	1.0007677e-12	6.5157976e-13	1.0
12x31	0.086696744	4.6083146e-12	0.91330326
12x32	0.21319698	2.736669e-12	0.786803
12x33	0.23385891	0.119288616	0.64685243
12x34	1.487534e-09	0.290148	0.709852
12x35	1.8489702e-12	0.37486625	0.62513375
12x36	0.14409813	0.07818934	0.7777125
12x37	0.44323593	9.509255e-11	0.55676407
12x38	0.19504817	0.16264966	0.64230216
12x39	0.15947919	0.0009818809	0.83953893
12x40	0.24420808	0.32653388	0.42925802
12x41	0.14940201	0.12535064	0.7252474
12x42	0.091239	0.32858732	0.5801737
12x43	0.37822536	0.23076573	0.39100885
12x44	0.13041916	0.3292267	0.54035413
12x45	0.26828763	0.25209686	0.47961554
12x46	0.030197185	0.56155455	0.4082483
12x47	0.0653658	0.36660302	0.5680312
12x48	0.18625832	0.32406098	0.48968068
12x49	0.2952136	0.2662487	0.4385377
13x0	0.8849002	0.08979365	0.025306147
13x1	1.0	5.7455416e-12	5.976501e-13
13x2	0.99904275	0.00095720135	8.5670094e-13
13x3	1.0	1.3424686e-12	1.0247734e-12
13x4	1.0	1.8090035e-10	6.383515e-13
13x5	1.0	1.659547e-12	6.3883924e-13
13x6	1.0	9.667638e-12	6.19736e-13
13x7	1.0	3.0390725e-12	1.3352555e-12
13x8	1.0	5.4625273e-11	6.7463553e-13
13x9	1.0	1.9562216e-12	1.4520363e-12
13x10	1.0	3.730044e-12	2.3251104e-12
13x11	0.94909734	0.050902646	1.1493628e-12
13x12	1.0	2.0393515e-12	5.692075e-13
13x13	1.0	1.2825919e-12	1.23534e-12
13x14	1.0	6.9726247e-12	7.532087e-13
13x15	1.0	8.430586e-12	5.2540155e-12
13x16	0.9683296	0.031670433	7.4037667e-13
13x17	1.0	1.4594503e-11	7.776771e-13
13x18	0.9995671	4.1518134e-12	0.000432957
13x19	0.8565564	2.2604139e-12	0.14344358
13x20	0.8229814	2.265965e-12	0.17701863
13x21	0.6767912	2.950398e-12	0.32320878
13x22	0.42565516	0.024134897	0.55020994
13x23	0.5000837	1.90724e-12	0.49991632
13x24	0.26389965	0.10703181	0.62906855
13x25	0.33490285	0.16590247	0.49919462
13x26	0.029679053	2.1581935e-12	0.97032094
13x27	8.457943e-13	7.186711e-13	1.0
13x28	1.0102138e-12	7.4249764e-13	1.0
13x29	8.945229e-13	7.632691e-13	1.0
13x30	6.764952e-13	5.1095033e-13	1.0
13x31	7.852568e-13	8.082465e-13	1.0
13x32	8.355261e-13	7.7015e-13	1.0
13x33	9.338083e-13	9.792481e-13	1.0
13x34	0.019761661	2.0886634e-12	0.9802383
13x35	0.15354289	0.05575306	0.790704
13x36	0.22485317	0.2572831	0.5178638
13x37	7.692834e-13	6.8530153e-13	1.0
13x38	0.21437225	0.13760962	0.6480181
13x39	0.3846444	0.06537695	0.5499787
13x40	0.25791046	0.20818047	0.533909
13x41	0.1593026	0.13887282	0.7018246
13x42	0.30235422	0.20623475	0.49141097
13x43	0.41171378	0.034879424	0.5534068
13x44	0.2944089	0.32870087	0.37689018
13x45	0.24896638	0.24608715	0.5049465
13x46	0.3823039	0.10635595	0.51134014
13x47	0.12455798	0.3682598	0.50718224
13x48	0.063794255	0.64628416	0.28992155
13x49	0.11461346	0.36294097	0.5224456
14x0	0.8753466	0.09853884	0.026114544
14x1	0.8657087	0.027833834	0.10645744
14x2	1.0	1.7416847e-12	1.0915433e-12
14x3	1.0	2.4721954e-12	1.3875327e-12
14x4	1.0	4.0820034e-12	1.1168733e-12
14x5	1.0	1.2922703e-12	9.873806e-13
14x6	0.98097765	0.01902234	5.7897735e-13
14x7	1.0	2.277187e-12	6.18333e-13
14x8	1.0	7.901665e-12	9.397425e-13
14x9	1.0	4.0638434e-12	1.3479425e-12
14x10	1.0	2.1122754e-12	7.025052e-13
14x11	1.0	2.2941638e-12	8.66135e-13
14x12	1.0	5.471464e-12	6.8437313e-13
14x13	1.0	3.0215563e-11	9.867594e-13
14x14	1.0	1.1699836e-12	1.9041667e-12
14x15	1.0	2.21045e-12	1.1175317e-12
14x16	1.0	1.4248291e-12	6.726348e-13
14x17	1.0	4.468105e-12	5.0835676e-13
14x18	1.0	1.3170356e-12	7.213773e-13
14x19	0.9743771	2.1128366e-12	0.025622878
14x20	0.8090198	2.0536446e-12	0.19098017
14x21	0.42763397	1.827787e-12	0.57236606
14x22	0.3543405	0.12730044	0.5183591
14x23	0.30238345	3.4350882e-12	0.6976166
14x24	0.050362635	0.023846487	0.92579085
14x25	7.862976e-13	6.135617e-13	1.0
14x26	6.1740305e-13	4.5946477e-13	1.0
14x27	5.929989e-13	4.592867e-13	1.0
14x28	6.347281e-13	5.476981e-13	1.0
14x29	8.305437e-13	5.8200455e-13	1.0
14x30	8.333311e-13	6.4991437e-13	1.0
14x31	7.0996524e-13	5.7254754e-13	1.0
14x32	5.054678e-13	4.125689e-13	1.0
14x33	1.1314156e-12	1.1126007e-12	1.0
14x34	8.0361553e-13	7.5651394e-13	1.0
14x35	8.48227e-13	6.237267e-13	1.0
14x36	0.058977786	2.7089088e-11	0.94102216
14x37	0.019999005	8.75804e-13	0.980001
14x38	0.050385766	0.22781718	0.7217971
14x39	0.13747843	6.692532e-12	0.8625216
14x40	0.26591793	0.11000177	0.6240803
14x41	0.3355798	0.207793	0.4566272
14x42	0.3433913	0.094975516	0.5616331
14x43	0.16540599	0.166172	0.668422
14x44	0.15772729	0.16844758	0.67382514
14x45	0.28536642	0.016805742	0.6978278
14x46	0.22483921	0.25937042	0.51579034
14x47	0.27679396	0.18845537	0.5347507
14x48	0.23192315	0.5181655	0.24991134
14x49	0.04745145	0.31212074	0.6404278
15x0	0.75767994	0.2423201	1.1241816e-12
15x1	0.73841226	0.13802187	0.123565786
15x2	0.87832075	2.6919404e-12	0.12167928
15x3	1.0	1.164916e-11	8.723049e-13
15x4	0.9928481	4.358021e-12	0.0071518845
15x5	1.0	5.3437346e-12	1.987453e-12
15x6	1.0	1.2100385e-12	7.878843e-13
15x7	1.0	2.594532e-12	7.4767135e-13
15x8	1.0	1.2779244e-12	1.0321447e-12
15x9	1.0	1.277203e-12	7.6207394e-13
15x10	1.0	1.2162565e-12	6.7241893e-13
15x11	1.0	7.340545e-12	1.4909952e-12
15x12	1.0	6.5849847e-12	5.3801874e-13
15x13	1.0	1.7635697e-12	6.691802e-13
15x14	0.9415778	0.05842215	6.641221e-13
15x15	0.95392764	0.046072364	6.898827e-13
15x16	1.0	6.3978e-12	1.496959e-12
15x17	1.0	1.834885e-12	6.330099e-13
15x18	0.7144115	0.1724272	0.11316126
15x19	0.76357156	0.033353135	0.20307526
15x20	0.619796	1.5196817e-12	0.38020405
15x21	0.4048809	0.051229358	0.54388976
15x22	0.2814809	0.14252834	0.57599074
15x23	0.16099833	3.8972415e-12	0.83900166
15x24	6.3287407e-13	5.199202e-13	1.0
15x25	4.482851e-13	4.2391324e-13	1.0
15x26	9.95799e-13	8.955822e-13	1.0
15x27	8.0189203e-13	9.476608e-13	1.0
15x28	5.2617725e-13	5.6997706e-13	1.0
15x29	7.17745e-13	5.9685357e-13	1.0
15x30	5.198496e-13	5.0053467e-13	1.0
15x31	5.3251744e-13	4.8552525e-13	1.0
15x32	7.704874e-13	7.5439535e-13	1.0
15x33	7.7798705e-13	6.628647e-13	1.0
15x34	8.7943276e-13	5.962048e-13	1.0
15x35	6.7675417e-13	5.8735774e-13	1.0
15x36	6.7265394e-13	7.143176e-13	1.0
15x37	6.616498e-13	5.7434504e-13	1.0
15x38	8.1301204e-13	7.339672e-13	1.0
15x39	0.0777193	0.056341533	0.86593914
15x40	0.11453598	0.11791468	0.7675494
15x41	0.027236978	0.17122051	0.8015425
15x42	0.26879728	0.032427818	0.69877493
15x43	0.15654969	0.2509486	0.5925017
15x44	0.107958585	0.40441322	0.48762822
15x45	0.15983394	0.12236288	0.7178032
15x46	0.31148213	0.19707915	0.49143875
15x47	0.07044562	0.23456812	0.6949863
15x48	0.059137646	0.24286523	0.6979971
15x49	0.29119772	0.13554661	0.5732557
16x0	0.91961044	2.6963906e-12	0.08038957
16x1	0.9681151	4.8084235e-11	0.031884942
16x2	0.9436959	0.01463862	0.041665442
16x3	0.801108	0.08983616	0.10905582
16x4	0.9827381	0.017261893	8.139592e-13
16x5	1.0	1.6545139e-12	7.8441935e-13
16x6	1.0	5.240379e-12	8.955968e-13
16x7	0.9972342	0.0027658106	1.0046954e-12
16x8	1.0	9.104634e-12	7.8449394e-13
16x9	1.0	1.441185e-12	9.775643e-13
16x10	0.986963	0.013036993	1.2596618e-12
16x11	1.0	2.5384855e-12	1.2355624e-12
16x12	1.0	3.2959455e-12	1.0170731e-12
16x13	1.0	2.2144662e-12	9.982372e-13
16x14	1.0	1.6461328e-12	2.6144065e-12
16x15	1.0	1.3680882e-12	8.406006e-13
16x16	1.0	7.897392e-13	2.1366522e-12
16x17	0.7136842	0.04548999	0.24082579
16x18	0.8087766	0.008460218	0.18276323
16x19	0.5731079	3.5143795e-12	0.42689207
16x20	0.6208124	0.029171782	0.35001582
16x21	0.37287828	1.8065588e-12	0.62712175
16x22	0.2756129	0.20192446	0.52246267
16x23	0.011564842	1.104352e-12	0.9884351
16x24	5.0806413e-13	4.323991e-13	1.0
16x25	9.311799e-13	7.7591216e-13	1.0
16x26	5.999413e-13	5.106399e-13	1.0
16x27	3.4717834e-12	6.759077e-12	1.0
16x28	6.4559404e-13	5.8531733e-13	1.0
16x29	3.9187417e-13	3.9085076e-13	1.0
16x30	7.218003e-13	7.209596e-13	1.0
16x31	8.2099914e-13	5.149424e-13	1.0
16x32	7.7620375e-13	6.9186215e-13	1.0
16x33	6.359305e-13	5.3487325e-13	1.0
16x34	7.3187013e-13	6.3618853e-13	1.0
16x35	8.186057e-13	7.106325e-13	1.0
16x36	7.6934596e-13	6.2491337e-13	1.0
16x37	0.095146656	3.267221e-11	0.90485334
16x38	5.043112e-12	0.23764312	0.7623569
16x39	0.040203538	1.0179284e-12	0.9597965
16x40	0.0442506	0.3277489	0.6280005
16x41	0.06200715	0.007557344	0.93043554
16x42	0.10095721	0.3726975	0.5263453
16x43	0.1488543	0.12472453	0.7264212
16x44	0.27442834	0.09648726	0.62908447
16x45	0.19119902	0.2476479	0.56115305
16x46	0.29262975	0.11433648	0.59303373
16x47	0.1695357	0.17804803	0.6524163
16x48	0.028055713	0.31599742	0.65594685
16x49	0.23445211	0.30927444	0.4562734
17x0	0.8880955	5.449232e-12	0.111904494
17x1	0.7488075	0.17698447	0.074208096
17x2	0.82739097	0.09174007	0.080869034
17x3	1.0	5.1107456e-12	9.450829e-13
17x4	0.81799424	0.046296775	0.13570905
17x5	0.9901875	0.009812474	1.115421e-12
17x6	1.0	3.7954657e-12	8.7372747e-13
17x7	1.0	1.7043322e-12	1.1253352e-12
17x8	1.0	1.810272e-12	8.9505806e-13
17x9	1.0	1.4364526e-12	8.2618596e-13
17x10	1.0	3.5675167e-12	8.556538e-13
17x11	1.0	1.2567618e-12	2.4350305e-12
17x12	1.0	3.322272e-12	7.860833e-13
17x13	1.0	1.9393083e-12	7.5917755e-13
17x14	0.9976248	9.927073e-12	0.0023752288
17x15	1.0	2.2931418e-12	1.1103746e-12
17x16	0.8621996	1.3772374e-12	0.13780034
17x17	0.76475227	2.4778695e-11	0.23524769
17x18	0.5232973	0.09799065	0.37871206
17x19	0.6908913	3.1519698e-12	0.30910861
17x20	0.48911053	2.8704716e-11	0.51088953
17x21	0.19027495	0.19422658	0.6154984
17x22	0.38114324	0.084826216	0.53403056
17x23	1.1406154e-12	7.4118413e-13	1.0
17x24	7.3965367e-13	6.9707445e-13	1.0
17x25	6.735026e-13	6.8690675e-13	1.0
17x26	6.513952e-13	5.9161974e-13	1.0
17x27	5.432843e-13	4.2381612e-13	1.0
17x28	7.522656e-13	6.260934e-13	1.0
17x29	5.590822e-13	4.3672696e-13	1.0
17x30	4.2109786e-13	4.4782735e-13	1.0
17x31	5.036404e-13	4.559751e-13	1.0
17x32	7.3198023e-13	7.154182e-13	1.0
17x33	8.4286674e-13	6.2717236e-13	1.0
17x34	1.0884323e-12	1.0034205e-12	1.0
17x35	7.730962e-13	6.3959797e-13	1.0
17x36	6.218133e-13	5.369186e-13	1.0
17x37	4.43732e-13	4.832023e-13	1.0
17x38	0.20244683	0.06849011	0.7290631
17x39	0.25669795	1.3779816e-12	0.743302
17x40	0.14933258	0.10722857	0.7434389
17x41	0.13707222	0.20551303	0.65741473
17x42	0.20531076	0.1438469	0.6508423
17x43	0.0346957	0.32576445	0.63953984
17x44	0.3070087	0.09874923	0.59424204
17x45	0.42895135	0.2704771	0.30057156
17x46	0.20617628	0.1131539	0.6806698
17x47	0.33602583	0.1530755	0.51089865
17x48	0.30571446	0.28004658	0.414239
17x49	0.40029573	0.27889028	0.320814
18x0	0.68377966	0.17419718	0.14202313
18x1	0.7547726	1.5740296e-12	0.24522737
18x2	0.6824447	0.017933879	0.2996214
18x3	0.8761221	0.0357783	0.088099636
18x4	1.0	1.8146046e-12	1.4657633e-12
18x5	0.9724718	0.027528198	9.190512e-13
18x6	1.0	2.5009168e-12	2.9638516e-12
18x7	1.0	1.0725641e-12	1.0350636e-12
18x8	1.0	1.1645487e-12	6.3400007e-13
18x9	1.0	3.637146e-12	6.2183776e-13
18x10	1.0	1.5906784e-12	2.0518036e-12
18x11	1.0	8.2393994e-11	1.5990963e-12
18x12	0.9892078	0.010792232	9.370934e-13
18x13	1.0	2.1443689e-12	1.1660845e-12
18x14	1.0	1.8305752e-12	1.054285e-12
18x15	0.9749365	0.025063504	1.0087736e-12
18x16	0.843493	0.09033398	0.066173084
18x17	0.86285216	8.46218e-13	0.13714781
18x18	0.51281446	0.36056164	0.12662397
18x19	0.4627388	0.000971615	0.5362896
18x20	0.41126263	3.489547e-12	0.58873737
18x21	0.307254	1.4016402e-12	0.692746
18x22	0.13073425	0.5730987	0.29616708
18x23	5.8643476e-13	5.009789e-13	1.0
18x24	8.325852e-13	7.1405067e-13	1.0
18x25	1.6917521e-12	4.962255e-12	1.0
18x26	9.174654e-13	6.850168e-13	1.0
18x27	0.0088211335	6.1995964e-12	0.99117893
18x28	8.440379e-13	7.920659e-13	1.0
18x29	9.117638e-13	6.96659e-13	1.0
18x30	4.2657335e-13	4.6648937e-13	1.0
18x31	1.0229312e-12	5.902277e-13	1.0
18x32	5.0689894e-13	4.7314637e-13	1.0
18x33	7.810519e-13	6.874011e-13	1.0
18x34	1.1981373e-12	1.1505946e-12	1.0
18x35	5.254079e-13	4.670402e-13	1.0
18x36	5.1633795e-13	4.1899264e-13	1.0
18x37	4.6166223e-13	3.9569113e-13	1.0
18x38	4.600013e-12	0.08781864	0.9121814
18x39	0.20038465	0.20903488	0.5905805
18x40	0.028981443	0.122140616	0.84887797
18x41	3.4312468e-12	0.18922243	0.8107776
18x42	0.05287924	0.33149502	0.6156258
18x43	0.22294475	0.07893395	0.6981213
18x44	0.37174523	0.063565716	0.56468904
18x45	0.19456905	0.22632241	0.57910854
18x46	0.24534413	0.2640603	0.4905956
18x47	0.23697221	0.40573704	0.35729077
18x48	0.10108164	0.22526549	0.6736529
18x49	0.14538106	0.40573454	0.4488844
19x0	0.82999873	0.13061547	0.03938584
19x1	0.8262296	0.13939278	0.03437763
19x2	0.85448253	0.08182126	0.06369623
19x3	0.6758721	0.32412788	7.9517014e-13
19x4	0.7386977	0.1888457	0.07245652
19x5	0.8804204	0.115386836	0.004192744
19x6	0.8130329	0.088107266	0.09885972
19x7	0.773671	0.18736762	0.038961478
19x8	0.9467499	4.574372e-12	0.05325003
19x9	0.80753744	0.14275198	0.049710624
19x10	1.0	3.769205e-12	1.188744e-12
19x11	0.948797	0.051203024	1.3583219e-12
19x12	0.9803602	0.019639784	9.111214e-13
19x13	0.8587037	0.12707579	0.014220536
19x14	0.8596132	0.052788027	0.08759881
19x15	0.96239907	1.0028789e-12	0.03760094
19x16	0.7567298	0.085466966	0.15780322
19x17	0.8494089	0.02419431	0.12639675
19x18	0.44786006	0.041700102	0.5104398
19x19	0.73149556	0.07054799	0.19795643
19x20	0.4063924	2.4734422e-12	0.5936076
19x21	0.43151093	0.07957093	0.48891822
19x22	0.1570573	0.10461632	0.7383264
19x23	9.653994e-13	1.0689238e-12	1.0
19x24	8.8231093e-13	8.30459e-13	1.0
19x25	6.942998e-13	4.7130263e-13	1.0
19x26	8.153542e-13	7.4970244e-13	1.0
19x27	6.544001e-13	6.6784685e-13	1.0
19x28	1.0010225e-12	8.2372813e-13	1.0
19x29	4.7670705e-13	4.1332587e-13	1.0
19x30	1.4355909e-12	9.658473e-13	1.0
19x31	8.497154e-13	7.1140066e-13	1.0
19x32	7.0300954e-13	7.2463265e-13	1.0
19x33	8.458236e-13	6.1564615e-13	1.0
19x34	4.169924e-13	4.0422762e-13	1.0
19x35	4.806325e-13	4.641528e-13	1.0
19x36	6.673017e-13	7.461461e-13	1.0
19x37	3.3126913e-12	2.985965e-12	1.0
19x38	0.092084885	0.18644676	0.7214683
19x39	0.106541105	0.001730843	0.89172804
19x40	0.13670763	0.16175729	0.70153505
19x41	0.119508035	0.43120998	0.44928196
19x42	2.9476079e-12	0.27943158	0.7205684
19x43	0.3107508	0.2615857	0.4276635
19x44	0.058206283	0.077023946	0.86476976
19x45	0.15114236	0.39401746	0.45484018
19x46	3.978683e-12	0.33386964	0.6661303
19x47	0.2978567	0.20500843	0.4971349
19x48	0.26889506	0.26081178	0.4702932
19x49	0.33170182	0.2713999	0.39689833
20x0	0.7195856	0.20003782	0.08037663
20x1	0.7203133	0.115824014	0.1638626
20x2	0.536594	0.16156806	0.30183792
20x3	0.81704533	0.14018032	0.042774323
20x4	0.9710248	3.2466584e-12	0.028975215
20x5	0.86049956	0.13950045	8.8743346e-13
20x6	1.0	2.3671872e-12	2.408417e-12
20x7	0.8552591	0.14474088	1.2672215e-12
20x8	0.8829024	0.049394984	0.067702666
20x9	0.8193643	0.0779312	0.102704495
20x10	0.9013096	6.7019983e-12	0.09869036
20x11	0.66356444	0.33643553	1.0449641e-12
20x12	0.8304108	0.049532183	0.12005705
20x13	0.69939196	0.1427435	0.15786448
20x14	0.75726235	6.59349e-11	0.24273768
20x15	0.53372085	0.1256439	0.3406353
20x16	0.57429624	0.04466737	0.38103637
20x17	0.67078114	9.8953215e-12	0.3292188
20x18	0.5468814	0.027981337	0.42513725
20x19	0.58750266	1.9838079e-12	0.41249737
20x20	0.16182445	0.1006808	0.73749477
20x21	0.19994317	0.11115786	0.688899
20x22	5.7878816e-13	5.486487e-13	1.0
20x23	8.008585e-12	0.006488549	0.99351144
20x24	8.446407e-13	7.890039e-13	1.0
20x25	7.993579e-13	6.417352e-13	1.0
20x26	8.797832e-13	6.639306e-13	1.0
20x27	5.4009027e-13	5.02188e-13	1.0
20x28	7.2676224e-13	5.8340653e-13	1.0
20x29	1.0759787e-11	3.0123879e-12	1.0
20x30	4.70387e-13	4.6205417e-13	1.0
20x31	1.9338266e-12	1.1447213e-12	1.0
20x32	5.840136e-13	5.9537206e-13	1.0
20x33	8.362105e-13	8.465792e-13	1.0
20x34	1.0693023e-12	8.6814036e-13	1.0
20x35	1.1021295e-12	1.0219661e-12	1.0
20x36	7.4997923e-13	6.626577e-13	1.0
20x37	1.1471066e-12	7.315846e-13	1.0
20x38	6.512332e-13	5.575809e-13	1.0
20x39	0.17693815	0.032548964	0.79051286
20x40	0.036184277	2.240515e-12	0.96381575
20x41	0.17681648	0.23523058	0.587953
20x42	0.39273667	0.27850255	0.32876077
20x43	0.07395286	0.09628896	0.82975817
20x44	0.07233833	0.2785122	0.6491494
20x45	0.19094409	0.16744156	0.6416144
20x46	0.28196517	0.09739758	0.62063724
20x47	0.0712053	0.18236387	0.7464308
20x48	0.4563185	0.20439121	0.3392903
20x49	0.06916432	0.4203787	0.510457
21x0	0.48168358	0.30791235	0.21040411
21x1	0.6709455	0.023063056	0.30599138
21x2	0.65010947	0.2270577	0.122832835
21x3	0.7859128	0.07742992	0.1366573
21x4	0.6500401	0.14709407	0.20286582
21x5	0.81956977	0.014023913	0.16640629
21x6	0.9008276	4.4783613e-12	0.09917238
21x7	0.82977074	0.10293503	0.06729419
21x8	0.95965457	5.681559e-12	0.04034546
21x9	0.74432206	0.04035439	0.21532361
21x10	0.6010814	0.23563413	0.16328448
21x11	0.85524267	0.008843639	0.13591366
21x12	0.81318545	0.022116456	0.16469818
21x13	0.5978381	0.019708691	0.38245317
21x14	0.7010572	0.100617506	0.19832529
21x15	0.37804833	0.5427345	0.07921719
21x16	0.4998005	0.12619752	0.37400198
21x17	0.38446894	0.38228688	0.23324421
21x18	0.25957873	0.34984946	0.39057174
21x19	0.37204558	2.190321e-12	0.6279544
21x20	0.27372694	0.28480744	0.44146562
21x21	0.10928948	4.4194596e-12	0.8907105
21x22	0.33003145	3.4191014e-12	0.6699686
21x23	5.725444e-13	4.4349008e-13	1.0
21x24	7.55943e-13	6.5597343e-13	1.0
21x25	7.6874824e-13	6.177691e-13	1.0
21x26	1.2936813e-12	7.5288116e-13	1.0
21x27	5.4047045e-13	5.1102346e-13	1.0
21x28	6.217831e-13	5.43863e-13	1.0
21x29	3.0090108e-12	2.9318212e-12	1.0
21x30	7.138623e-13	6.4626424e-13	1.0
21x31	9.343048e-13	5.693486e-13	1.0
21x32	9.768285e-13	1.0565622e-12	1.0
21x33	4.8028503e-13	4.3434852e-13	1.0
21x34	5.0388236e-13	5.406756e-13	1.0
21x35	6.422221e-13	5.059034e-13	1.0
21x36	9.0015473e-13	6.0504347e-13	1.0
21x37	5.643735e-13	5.876251e-13	1.0
21x38	0.02803943	0.013722089	0.9582385
21x39	1.897373e-12	0.017334033	0.98266596
21x40	0.34593457	0.016847553	0.6372179
21x41	0.22691983	0.18326907	0.5898111
21x42	0.16693525	0.109187536	0.72387725
21x43	0.13471189	0.4751602	0.39012787
21x44	0.1669883	0.074091375	0.7589203
21x45	0.042853545	0.35599607	0.60115033
21x46	0.1597366	0.32581642	0.514447
21x47	0.047912966	0.356335	0.595752
21x48	0.056386214	0.36092415	0.58268964
21x49	0.24561305	0.20187779	0.5525092
22x0	0.85475236	0.14524761	8.70054e-12
22x1	0.85172886	0.099427566	0.048843548
22x2	0.65853214	0.1682276	0.17324026
22x3	0.6280565	0.02480149	0.34714198
22x4	0.70581895	0.26533014	0.028850935
22x5	0.7644911	0.15850826	0.07700059
22x6	0.60376537	0.26172715	0.13450748
22x7	0.7694084	0.13887833	0.09171327
22x8	0.8027384	0.02347654	0.17378499
22x9	0.6595862	0.049192127	0.2912217
22x10	0.76712865	0.028661687	0.20420974
22x11	0.6143064	0.17799957	0.20769411
22x12	0.7567585	0.052526694	0.19071479
22x13	0.56050694	0.23137367	0.20811938
22x14	0.42531475	0.29986647	0.2748188
22x15	0.6770417	0.015697733	0.30726057
22x16	0.56913155	0.18187246	0.24899599
22x17	0.5006219	0.22309718	0.27628088
22x18	0.5895319	0.085033	0.325435
22x19	0.18585436	0.35126624	0.46287945
22x20	0.09738405	0.107739516	0.7948764
22x21	0.27690595	0.23209	0.49100402
22x22	6.4937476e-13	6.098253e-13	1.0
22x23	9.358084e-13	6.8043797e-13	1.0
22x24	6.480746e-13	5.158216e-13	1.0
22x25	4.443386e-13	3.7942194e-13	1.0
22x26	7.7621443e-13	1.0542942e-12	1.0
22x27	3.0287372e-12	7.293986e-12	1.0
22x28	1.38748e-12	1.1937738e-12	1.0
22x29	6.639073e-13	5.671091e-13	1.0
22x30	8.659464e-13	7.429414e-13	1.0
22x31	1.7227475e-12	2.9580032e-12	1.0
22x32	6.430729e-13	5.0829355e-13	1.0
22x33	5.241268e-13	4.4594368e-13	1.0
22x34	9.28619e-13	7.614784e-13	1.0
22x35	9.352293e-13	7.7927156e-13	1.0
22x36	5.4405455e-13	5.062912e-13	1.0
22x37	7.6246724e-13	6.161707e-13	1.0
22x38	0.04803132	4.971502e-12	0.95196867
22x39	2.8821341e-11	0.11143875	0.88856125
22x40	0.28817517	0.10087426	0.6109506
22x41	9.451901e-12	0.36862707	0.631373
22x42	0.021982193	0.23474638	0.7432714
22x43	0.095349334	0.13078061	0.77387005
22x44	0.33808538	0.27587482	0.38603976
22x45	0.15038396	0.3516158	0.4980002
22x46	0.24347523	0.2843636	0.47216123
22x47	7.448306e-12	0.6947492	0.3052508
22x48	0.18283957	0.39534962	0.42181084
22x49	0.077788666	0.64453065	0.27768067
23x0	0.80625546	0.086962484	0.106782
23x1	0.82992566	0.10383261	0.06624172
23x2	0.73507285	0.022808945	0.24211812
23x3	0.68947935	0.19491377	0.11560692
23x4	0.57104325	0.13656542	0.2923914
23x5	0.72129893	0.15272851	0.12597258
23x6	0.75814444	0.09192681	0.14992875
23x7	0.7248596	0.042079046	0.23306137
23x8	0.6606497	0.07841095	0.26093933
23x9	0.4980561	0.12616815	0.3757758
23x10	0.5546273	0.1590769	0.2862958
23x11	0.8539455	0.0950114	0.051043082
23x12	0.6330969	0.26002878	0.10687436
23x13	0.7082324	0.060319003	0.23144855
23x14	0.43075794	0.39100096	0.17824109
23x15	0.440987	0.43462005	0.124392964
23x16	0.2201807	0.42295358	0.3568657
23x17	0.40894228	0.27571395	0.31534374
23x18	0.41712213	0.20703231	0.37584552
23x19	0.5477291	0.10496395	0.34730694
23x20	0.38399017	0.051728126	0.56428176
23x21	0.33851883	4.1751633e-12	0.66148114
23x22	0.12918158	0.007248021	0.8635704
23x23	6.4208675e-13	6.141214e-13	1.0
23x24	5.8300765e-13	5.868175e-13	1.0
23x25	2.2166086e-12	2.0381522e-12	1.0
23x26	1.0700817e-12	9.749079e-13	1.0
23x27	5.9360557e-13	4.836899e-13	1.0
23x28	8.1718074e-13	8.24489e-13	1.0
23x29	9.111462e-13	4.77175e-13	1.0
23x30	9.149596e-13	9.695858e-13	1.0
23x31	1.4639993e-12	2.9348269e-12	1.0
23x32	1.0040776e-12	7.481194e-13	1.0
23x33	7.5501297e-13	6.843571e-13	1.0
23x34	6.999774e-12	3.9451346e-12	1.0
23x35	5.7249415e-13	4.6099306e-13	1.0
23x36	7.55956e-13	7.8907714e-13	1.0
23x37	5.615487e-13	6.1449435e-13	1.0
23x38	0.12832297	0.04816051	0.8235165
23x39	0.28006077	0.06524612	0.6546931
23x40	0.11227371	0.14172909	0.7459972
23x41	2.8560774e-12	0.46306866	0.5369313
23x42	0.242252	0.35384476	0.40390328
23x43	0.08415281	0.5013894	0.41445777
23x44	0.26047772	0.1889484	0.5505739
23x45	0.3375132	0.36557516	0.2969117
23x46	0.020258881	0.32687277	0.6528684
23x47	0.040622186	0.4153231	0.5440547
23x48	0.09388394	0.33978155	0.5663345
23x49	0.32027248	0.35247597	0.3272515
24x0	0.45601407	0.35630918	0.1876768
24x1	0.7042963	0.12935661	0.16634713
24x2	0.763568	0.11853969	0.117892355
24x3	0.6862694	0.1976339	0.116096705
24x4	0.60236764	0.11923922	0.27839318
24x5	0.76539755	0.06690391	0.16769859
24x6	0.73469585	0.20714822	0.058155973
24x7	0.5398285	0.16149372	0.29867777
24x8	0.6187619	0.2360985	0.14513963
24x9	0.767187	0.17770623	0.055106808
24x10	0.7585018	0.19018587	0.051312324
24x11	0.8033694	0.06881847	0.12781207
24x12	0.90957934	0.00767386	0.08274684
24x13	0.63096344	0.06036406	0.30867252
24x14	0.3908931	0.34792632	0.26118058
24x15	0.41719136	0.37591276	0.20689586
24x16	0.6897746	0.18476611	0.12545928
24x17	0.305242	0.31616378	0.3785942
24x18	0.12261504	0.46593562	0.41144937
24x19	0.39255193	0.09408202	0.5133661
24x20	0.0874221	0.2645255	0.6480524
24x21	0.30145326	0.2779063	0.42064044
24x22	0.39798364	2.9564727e-12	0.6020163
24x23	0.24632141	0.11659331	0.63708526
24x24	6.866015e-13	4.3371443e-13	1.0
24x25	7.481784e-13	8.158087e-13	1.0
24x26	9.90281e-13	8.4974914e-13	1.0
24x27	7.581307e-13	5.6570026e-13	1.0
24x28	8.8008127e-13	7.047455e-13	1.0
24x29	6.10597e-13	5.9271354e-13	1.0
24x30	6.3579437e-13	5.9464093e-13	1.0
24x31	9.162345e-13	8.7546853e-13	1.0
24x32	7.1817156e-13	6.292371e-13	1.0
24x33	6.3944564e-13	6.068346e-13	1.0
24x34	4.2809972e-13	4.143061e-13	1.0
24x35	6.3667436e-13	6.0286937e-13	1.0
24x36	1.8803641e-12	1.468104e-12	1.0
24x37	0.13276213	0.22074617	0.64649165
24x38	0.12268077	0.2404837	0.6368355
24x39	0.27319005	3.6158646e-11	0.7268099
24x40	0.13869525	0.4000621	0.46124262
24x41	0.13069947	0.28599155	0.58330894
24x42	0.052930564	0.35800195	0.5890675
24x43	0.098527275	0.5782126	0.32326013
24x44	0.3640673	0.33974493	0.2961878
24x45	0.23863891	0.4001234	0.36123773
24x46	0.30410463	0.33997828	0.35591713
24x47	0.26939604	0.5109263	0.21967758
24x48	0.17925502	0.2001707	0.62057436
24x49	0.088497676	0.35184819	0.5596541
25x0	0.5249702	0.11145793	0.3635719
25x1	0.72767955	0.1217159	0.15060455
25x2	0.45079413	0.309358	0.23984791
25x3	0.84048396	0.042748675	0.11676735
25x4	0.7994824	0.085233785	0.1152838
25x5	0.46429086	0.28222477	0.25348437
25x6	0.70660156	0.13668716	0.15671125
25x7	0.61771274	0.19657476	0.18571246
25x8	0.7489332	0.09735597	0.1537108
25x9	0.42099658	0.41163436	0.16736902
25x10	0.52302027	0.33199838	0.14498131
25x11	0.44218582	0.31055743	0.24725671
25x12	0.57608247	0.35255715	0.071360454
25x13	0.3120081	0.31886712	0.36912474
25x14	0.30973902	0.31520507	0.37505588
25x15	0.40226758	0.45525864	0.14247377
25x16	0.7203701	0.18620463	0.093425274
25x17	0.42838222	0.14000185	0.4316159
25x18	0.44714168	0.30374086	0.24911742
25x19	0.37122858	0.20220028	0.4265711
25x20	0.30159265	0.22680259	0.4716047
25x21	0.3497609	0.11733774	0.53290135
25x22	0.14223899	0.08448711	0.7732739
25x23	2.908271e-12	0.34623188	0.6537681
25x24	6.140887e-13	6.0243287e-13	1.0
25x25	7.043825e-13	7.162942e-13	1.0
25x26	6.2046066e-13	4.811193e-13	1.0
25x27	6.9471474e-13	6.4186183e-13	1.0
25x28	9.0621906e-13	6.40419e-13	1.0
25x29	7.556652e-13	5.490419e-13	1.0
25x30	1.2401696e-12	8.0444733e-13	1.0
25x31	7.779371e-13	6.119635e-13	1.0
25x32	1.5224569e-12	1.5090941e-12	1.0
25x33	7.7335073e-13	5.979503e-13	1.0
25x34	5.503409e-12	2.0314802e-12	1.0
25x35	6.73971e-13	5.362318e-13	1.0
25x36	5.4484954e-13	5.594281e-13	1.0
25x37	0.02770695	0.14988695	0.8224061
25x38	2.0507743e-11	0.14957865	0.8504213
25x39	2.378689e-11	0.5412502	0.45874974
25x40	1.3378514e-12	0.24994506	0.75005496
25x41	0.082023785	0.40079397	0.51718223
25x42	0.013754813	0.39434943	0.59189576
25x43	0.16006878	0.54203993	0.29789126
25x44	1.9717807e-11	0.72684425	0.27315575
25x45	0.07545588	0.3460777	0.5784664
25x46	0.2221102	0.27533165	0.5025582
25x47	0.06588659	0.4980583	0.43605512
25x48	0.27655566	0.5192479	0.20419647
25x49	0.11261564	0.28389904	0.60348535
26x0	0.47499666	0.34380317	0.18120016
26x1	0.51720536	0.28475383	0.19804075
26x2	0.32049465	0.3371059	0.34239945
26x3	0.69528276	0.19241428	0.11230297
26x4	0.6515157	0.18772753	0.16075677
26x5	0.46020275	0.4617697	0.07802759
26x6	0.73604256	0.19536468	0.068592705
26x7	0.4271944	0.2622456	0.31056005
26x8	0.5995289	0.16607076	0.23440029
26x9	0.49989444	0.2956952	0.20441037
26x10	0.4727821	0.20142326	0.32579467
26x11	0.584478	0.16087802	0.25464395
26x12	0.4431237	0.2707968	0.2860795
26x13	0.24856015	0.5882066	0.16323325
26x14	0.302409	0.18936753	0.5082235
26x15	0.36998874	0.1558548	0.47415644
26x16	0.45868304	0.4295391	0.11177786
26x17	0.2403874	0.15621197	0.6034006
26x18	0.25008905	0.13794203	0.61196893
26x19	0.044650007	0.3056143	0.6497357
26x20	0.68950033	0.039199587	0.2713
26x21	0.5054043	0.086007215	0.40858847
26x22	0.13796076	0.14745516	0.71458405
26x23	8.124688e-12	0.084188595	0.9158114
26x24	0.6029665	1.0938946e-12	0.39703357
26x25	5.278154e-13	4.855263e-13	1.0
26x26	5.55989e-13	4.769506e-13	1.0
26x27	7.872825e-13	5.770834e-13	1.0
26x28	6.3408615e-13	5.4298883e-13	1.0
26x29	8.902582e-13	7.724598e-13	1.0
26x30	6.117757e-13	5.695073e-13	1.0
26x31	6.548608e-13	4.997622e-13	1.0
26x32	5.6362987e-13	5.1713495e-13	1.0
26x33	9.880963e-13	7.016227e-13	1.0
26x34	1.2143379e-12	9.309923e-13	1.0
26x35	1.2205086e-11	2.1930522e-12	1.0
26x36	2.4230552e-12	0.23247804	0.767522
26x37	0.044858556	0.2259338	0.72920763
26x38	0.14692894	0.34726742	0.50580364
26x39	0.4750233	0.15401849	0.37095824
26x40	5.1893663e-12	0.35555378	0.64444613
26x41	0.007001095	0.4889614	0.50403756
26x42	0.104015216	0.4282706	0.4677141
26x43	0.21082552	0.28600022	0.5031743
26x44	0.32316595	0.31557658	0.3612574
26x45	0.061164908	0.5576791	0.381156
26x46	0.03691426	0.4131961	0.5498897
26x47	0.16793935	0.2906526	0.54140806
26x48	0.08785341	0.59742576	0.31472084
26x49	0.664061	0.22050554	0.115433484
27x0	0.4771727	0.2666039	0.25622338
27x1	0.684961	0.14073034	0.1743087
27x2	0.49476913	0.3089676	0.19626324
27x3	0.47846183	0.46779713	0.053741075
27x4	0.5745932	0.016793879	0.40861288
27x5	0.6543913	0.22482233	0.120786436
27x6	0.5960248	0.24705763	0.15691763
27x7	0.3451863	0.2531931	0.40162063
27x8	0.44166818	0.2944457	0.26388606
27x9	0.40591267	0.38203254	0.21205476
27x10	0.42125237	0.40446666	0.17428099
27x11	0.59323007	0.25298423	0.15378563
27x12	0.21377504	0.5182631	0.26796192
27x13	0.52886575	0.33623064	0.1349036
27x14	0.3927562	0.42258283	0.18466093
27x15	0.29901907	0.4923553	0.20862566
27x16	0.26142675	0.52644414	0.2121291
27x17	0.5448108	0.2176716	0.23751765
27x18	0.2805501	0.20721348	0.5122365
27x19	0.30091527	0.34534022	0.35374448
27x20	0.19181988	0.38843465	0.4197455
27x21	0.25087842	0.32917044	0.41995114
27x22	0.26948076	0.07986682	0.65065247
27x23	0.17641607	0.26084015	0.56274384
27x24	4.8429177e-12	0.022518752	0.97748125
27x25	0.2100392	6.310432e-12	0.7899608
27x26	1.4912129e-12	0.12223023	0.87776977
27x27	6.2947857e-13	7.0244304e-13	1.0
27x28	5.7821505e-13	5.201884e-13	1.0
27x29	7.1246774e-13	5.192987e-13	1.0
27x30	9.811975e-13	1.0711386e-12	1.0
27x31	6.589179e-13	7.132338e-13	1.0
27x32	5.854658e-13	4.8231634e-13	1.0
27x33	7.9995125e-13	5.6476086e-13	1.0
27x34	0.0348951	0.27146366	0.69364125
27x35	1.3558756e-11	0.09302807	0.90697193
27x36	2.2136785e-12	0.109669186	0.8903308
27x37	1.9162452e-12	0.19120811	0.8087919
27x38	4.35127e-12	0.4222831	0.5777169
27x39	0.0025629713	0.28550857	0.7119285
27x40	0.058730748	0.37254483	0.5687244
27x41	0.24278529	0.33965978	0.41755491
27x42	0.02073341	0.38706252	0.59220403
27x43	3.7646062e-12	0.58307594	0.41692403
27x44	0.20762375	0.49688965	0.29548654
27x45	0.36904404	0.4587766	0.17217934
27x46	0.119156934	0.570609	0.3102341
27x47	0.09929231	0.4744015	0.4263062
27x48	0.015867675	0.5820575	0.40207484
27x49	0.13314857	0.54912233	0.31772912
28x0	0.3914933	0.42729634	0.18121038
28x1	0.3916737	0.3239153	0.28441098
28x2	0.33588573	0.47659817	0.18751617
28x3	0.4660666	0.3946973	0.13923617
28x4	0.3659539	0.5924669	0.041579206
28x5	0.515299	0.39686015	0.08784088
28x6	0.3946304	0.3818705	0.22349904
28x7	0.40133816	0.48683158	0.11183025
28x8	0.64007133	0.20046136	0.15946734
28x9	0.42487618	0.29014093	0.28498292
28x10	0.49627054	0.23515645	0.26857302
28x11	0.65236205	0.118103914	0.22953399
28x12	0.44906855	0.39095598	0.15997547
28x13	0.14868101	0.50753874	0.34378028
28x14	0.5114503	0.29776084	0.1907888
28x15	0.63089603	0.117728256	0.25137573
28x16	0.2698673	0.22823133	0.5019014
28x17	0.306262	0.42191324	0.27182475
28x18	0.10537662	0.39853516	0.49608818
28x19	0.25770533	0.22699921	0.5152954
28x20	0.24385048	0.2909946	0.46515492
28x21	0.42757455	0.24905732	0.32336816
28x22	0.15826184	0.39024657	0.4514916
28x23	0.24175216	0.12710209	0.6311458
28x24	0.17981999	0.22814262	0.5920374
28x25	4.820857e-12	0.2434568	0.75654316
28x26	0.0770269	0.10942484	0.8135482
28x27	2.264817e-12	0.07589283	0.9241072
28x28	0.18068306	0.2954798	0.52383715
28x29	1.0793672e-12	8.282743e-13	1.0
28x30	9.968875e-13	6.6359163e-13	1.0
28x31	3.5882911e-12	0.08124599	0.918754
28x32	0.020608252	0.33544692	0.64394474
28x33	0.04005264	0.27724934	0.6826981
28x34	0.16590811	0.1762412	0.6578507
28x35	0.09892407	0.24248537	0.65859056
28x36	0.09816798	0.33970675	0.5621252
28x37	0.011236087	0.42935556	0.5594083
28x38	0.20226614	0.35851002	0.43922383
28x39	0.1725479	0.24193984	0.5855123
28x40	0.13327141	0.45512795	0.4116006
28x41	0.1361846	0.4825198	0.38129556
28x42	0.0904564	0.6081054	0.30143818
28x43	1.9451882e-12	0.40435117	0.59564877
28x44	0.13605462	0.5629351	0.30101025
28x45	5.10368e-12	0.4302766	0.5697234
28x46	0.047160305	0.7634533	0.18938643
28x47	0.11960788	0.7421734	0.13821873
28x48	0.07171581	0.77771825	0.15056589
28x49	0.4432334	0.39778832	0.1589783
29x0	0.59015775	0.33557564	0.074266635
29x1	0.63665926	0.24076176	0.12257897
29x2	0.54088545	0.17739	0.28172454
29x3	0.7682233	0.16142857	0.07034816
29x4	0.36036572	0.5311694	0.108464785
29x5	0.4697736	0.44030276	0.08992358
29x6	0.30206174	0.36611938	0.3318189
29x7	0.5766413	0.18553616	0.23782253
29x8	0.62923014	0.22173744	0.14903241
29x9	0.5815698	0.29246774	0.12596247
29x10	0.40556535	0.42430106	0.17013362
29x11	0.3129203	0.3039883	0.38309136
29x12	0.559359	0.31703603	0.123605
29x13	0.34788415	0.38180616	0.2703097
29x14	0.44975308	0.47232503	0.07792191
29x15	0.4069632	0.360337	0.2326998
29x16	0.22532555	0.56260514	0.21206935
29x17	0.3532815	0.38851285	0.25820565
29x18	0.10883854	0.59656423	0.29459724
29x19	0.10926558	0.6714454	0.21928898
29x20	0.15653816	0.40176103	0.44170076
29x21	0.25140002	0.46253166	0.2860683
29x22	0.13762955	0.2556039	0.6067666
29x23	0.47197253	0.23610002	0.29192746
29x24	0.35888228	0.39737114	0.24374653
29x25	0.09033887	0.39508447	0.5145767
29x26	3.974478e-12	0.15749809	0.84250194
29x27	1.8226126e-12	0.3770808	0.6229192
29x28	0.08711179	0.26378524	0.649103
29x29	0.00087762054	0.07608218	0.9230402
29x30	1.2972469e-12	0.0709289	0.9290711
29x31	1.1168955e-12	8.108321e-12	1.0
29x32	0.26335856	0.11394839	0.62269306
29x33	0.13939703	0.21617328	0.6444296
29x34	2.6463704e-11	0.43339798	0.56660205
29x35	0.02705823	0.30385217	0.6690896
29x36	0.2913538	0.24469772	0.46394852
29x37	3.3821112e-12	0.4612049	0.53879505
29x38	3.893111e-12	0.2955876	0.7044124
29x39	2.079102e-12	0.40038028	0.59961975
29x40	3.3055273e-12	0.61282635	0.3871736
29x41	0.04514092	0.5919774	0.36288163
29x42	0.05302931	0.57176733	0.3752033
29x43	0.06062049	0.5556277	0.38375175
29x44	0.017752567	0.69415236	0.28809506
29x45	0.124019176	0.60218674	0.27379414
29x46	0.446965	0.3255946	0.22744039
29x47	0.1436427	0.53052205	0.3258352
29x48	0.41105774	0.38157806	0.2073642
29x49	0.27322823	0.5607744	0.16599742
30x0	0.4908799	0.24012424	0.26899585
30x1	0.6235058	0.26058695	0.11590732
30x2	0.39860496	0.10168917	0.49970585
30x3	0.43672547	0.40067986	0.16259472
30x4	0.3017087	0.6030316	0.095259786
30x5	0.46231446	0.36233708	0.1753485
30x6	0.33049163	0.5475938	0.12191465
30x7	0.35333538	0.5212588	0.1254059
30x8	0.5070635	0.20855638	0.28438005
30x9	0.22735196	0.4170108	0.35563725
30x10	0.5733138	0.2866971	0.1399891
30x11	0.4926515	0.3124985	0.19485003
30x12	0.3619117	0.47474515	0.16334319
30x13	0.48031628	0.3963872	0.12329648
30x14	0.17938277	0.5060272	0.31459004
30x15	0.13875864	0.3371227	0.5241187
30x16	0.16916247	0.6651591	0.16567838
30x17	0.23933409	0.39570397	0.36496192
30x18	0.031861354	0.6809819	0.28715676
30x19	0.6605444	0.21526441	0.1241912
30x20	0.05672627	0.7117106	0.2315632
30x21	0.13734995	0.65760595	0.20504412
30x22	0.30307877	0.25526083	0.4416604
30x23	0.07163559	0.4838391	0.4445253
30x24	0.22190745	0.34511137	0.43298113
30x25	0.25018066	0.58701867	0.16280067
30x26	0.3985915	0.14414625	0.4572623
30x27	0.20812567	0.3850963	0.40677804
30x28	0.34438068	0.32343674	0.33218253
30x29	0.05677656	0.2943171	0.64890635
30x30	0.2308503	0.42154968	0.34760004
30x31	0.04961635	0.24635193	0.70403177
30x32	0.04790733	0.4955693	0.4565234
30x33	0.16716835	0.39327693	0.43955472
30x34	5.84984e-11	0.6176174	0.3823825
30x35	5.1194778e-12	0.5531679	0.44683215
30x36	0.072579585	0.31248072	0.6149397
30x37	0.12565216	0.2775289	0.5968189
30x38	2.0147983e-12	0.7284	0.27159995
30x39	0.3309598	0.3199894	0.3490508
30x40	0.13600886	0.52627337	0.3377178
30x41	0.5321785	0.34464282	0.12317861
30x42	0.17649826	0.5983921	0.22510956
30x43	0.19252864	0.42269817	0.38477322
30x44	0.124733806	0.66953087	0.2057353
30x45	0.041651405	0.78718626	0.17116234
30x46	0.12445593	0.5186812	0.35686278
30x47	0.073164895	0.55006886	0.37676618
30x48	0.10267595	0.7031071	0.19421692
30x49	0.22343439	0.52510977	0.25145593
31x0	0.5123646	0.11449176	0.37314358
31x1	0.614709	0.20687096	0.17842
31x2	0.5165389	0.3724272	0.11103393
31x3	0.30844444	0.45390028	0.23765524
31x4	0.40054914	0.35723063	0.24222018
31x5	0.5900448	0.19805284	0.21190237
31x6	0.2453199	0.50962114	0.24505895
31x7	0.5300466	0.38119173	0.08876168
31x8	0.19455676	0.4884291	0.31701407
31x9	0.5223141	0.28449175	0.19319414
31x10	0.35627237	0.46414116	0.17958649
31x11	0.32698017	0.4091558	0.2638641
31x12	0.56172454	0.26099825	0.17727727
31x13	0.51144403	0.37420425	0.11435169
31x14	0.13944635	0.62698305	0.23357064
31x15	0.1226662	0.568364	0.30896974
31x16	0.18451877	0.45909318	0.356388
31x17	0.10138595	0.68072367	0.21789043
31x18	0.0366932	0.5667947	0.3965121
31x19	0.22985995	0.42823735	0.34190273
31x20	4.6335907e-11	0.5698026	0.43019736
31x21	0.32608256	0.38546315	0.28845426
31x22	0.20463665	0.52055097	0.27481234
31x23	0.12143297	0.6200972	0.2584698
31x24	0.13723037	0.63017994	0.2325897
31x25	2.66263e-12	0.58746314	0.41253686
31x26	0.19525932	0.42462042	0.38012028
31x27	0.27131823	0.5048925	0.22378924
31x28	0.18979113	0.47974893	0.33045992
31x29	0.11178386	0.39186206	0.49635404
31x30	2.5742598e-12	0.8166094	0.1833906
31x31	0.0651866	0.4476428	0.48717058
31x32	0.044972807	0.39108565	0.5639416
31x33	0.21307378	0.47993118	0.30699497
31x34	0.10124142	0.48271003	0.41604856
31x35	3.7409997e-12	0.42502266	0.57497734
31x36	1.9320064e-12	0.8058722	0.19412775
31x37	6.5548565e-12	0.7536776	0.24632244
31x38	0.04884414	0.72995096	0.22120494
31x39	1.3778482e-12	0.5161015	0.4838985
31x40	0.13729934	0.67127687	0.19142382
31x41	0.06684783	0.46364594	0.46950617
31x42	4.3318404e-12	0.9551886	0.044811446
31x43	0.18851554	0.6513877	0.1600968
31x44	2.466321e-12	0.7527308	0.24726915
31x45	3.2182544e-12	0.88976866	0.11023137
31x46	0.15391947	0.7326511	0.11342946
31x47	0.03689237	0.60870296	0.35440466
31x48	0.42139217	0.38924634	0.18936153
31x49	0.22018445	0.57640654	0.20340902
32x0	0.285703	0.40889385	0.30540314
32x1	0.38836372	0.16297683	0.44865942
32x2	0.617639	0.21004495	0.17231604
32x3	0.61490977	0.2577029	0.1273873
32x4	0.25656655	0.3250521	0.41838133
32x5	0.23445699	0.5588674	0.2066756
32x6	0.43482777	0.45987874	0.10529354
32x7	0.15500525	0.6409928	0.20400201
32x8	0.43584242	0.4612295	0.10292807
32x9	0.24649245	0.5151004	0.23840718
32x10	0.4960645	0.33078548	0.17315002
32x11	0.4470208	0.41678494	0.13619423
32x12	0.048612334	0.5625133	0.3888744
32x13	0.14138745	0.58959055	0.26902202
32x14	0.25655133	0.718476	0.024972722
32x15	0.17345482	0.66171	0.16483514
32x16	0.20740816	0.63369817	0.15889376
32x17	0.0059116078	0.8734454	0.12064305
32x18	0.2100245	0.7159785	0.07399699
32x19	7.2059108e-12	0.81896985	0.18103011
32x20	0.063780166	0.82263225	0.11358753
32x21	8.727644e-12	0.8421791	0.15782094
32x22	0.26428202	0.542096	0.193622
32x23	0.32533786	0.48949358	0.18516861
32x24	0.15574344	0.49502614	0.34923047
32x25	0.3282885	0.37427187	0.29743966
32x26	4.15013e-12	0.83096665	0.16903333
32x27	3.088674e-12	0.7347455	0.2652545
32x28	0.070810355	0.6602151	0.2689745
32x29	1.5137462e-11	0.6768496	0.32315043
32x30	0.07863945	0.5449757	0.3763849
32x31	0.0860847	0.43392503	0.4799902
32x32	0.012148949	0.73749167	0.2503594
32x33	0.053209767	0.41894385	0.52784634
32x34	0.075226896	0.6849708	0.23980233
32x35	0.21394579	0.59205776	0.19399641
32x36	0.31994715	0.54274863	0.13730422
32x37	3.3689865e-12	0.7177578	0.28224224
32x38	0.12584335	0.5243857	0.349771
32x39	0.24082664	0.5095071	0.24966624
32x40	0.071660176	0.80986875	0.11847105
32x41	0.15364075	0.5176335	0.32872573
32x42	0.18518026	0.629551	0.18526874
32x43	1.3366333e-11	0.83207566	0.16792431
32x44	0.06708545	0.6849543	0.24796027
32x45	4.6642564e-12	0.8598532	0.1401468
32x46	0.24808292	0.56451595	0.18740109
32x47	0.19493964	0.64336735	0.16169296
32x48	0.12543924	0.58906215	0.28549856
32x49	0.008277385	0.7902484	0.20147422
33x0	0.59803665	0.14806448	0.25389883
33x1	0.29344922	0.25668144	0.44986933
33x2	0.33226272	0.38947132	0.2782659
33x3	0.37482235	0.33032495	0.2948527
33x4	0.32846978	0.5580939	0.11343631
33x5	0.60426253	0.23297314	0.16276434
33x6	0.22210264	0.5578483	0.22004911
33x7	0.2856876	0.5502741	0.1640384
33x8	0.18798786	0.59637123	0.21564098
33x9	0.37586072	0.576359	0.047780354
33x10	0.23740977	0.59283346	0.16975679
33x11	0.25906542	0.47118747	0.26974708
33x12	2.8277694e-10	0.6480807	0.3519193
33x13	2.117387e-09	0.8051134	0.19488664
33x14	0.42276016	0.49061266	0.08662721
33x15	0.32633096	0.4976757	0.17599338
33x16	0.17934845	0.74564123	0.07501031
33x17	4.0598484e-12	0.80147564	0.19852436
33x18	0.012556568	0.82362455	0.16381888
33x19	0.0045014103	0.85911983	0.13637874
33x20	0.1705098	0.671257	0.15823315
33x21	0.03682559	0.71379745	0.2493769
33x22	5.1725555e-12	0.85378516	0.14621481
33x23	0.26669753	0.5730346	0.1602679
33x24	0.01713701	0.96414137	0.01872162
33x25	0.01423817	0.79226345	0.19349839
33x26	1.13070525e-11	0.83292454	0.16707548
33x27	0.19229837	0.72446966	0.08323191
33x28	1.0225031e-11	0.7752691	0.22473094
33x29	0.046532247	0.78373295	0.16973484
33x30	0.25902343	0.58937734	0.15159924
33x31	0.20128514	0.5883245	0.21039039
33x32	0.17186847	0.6344808	0.19365071
33x33	0.03321177	0.710653	0.25613517
33x34	2.5912085e-12	0.660883	0.33911702
33x35	0.08988751	0.40247202	0.5076405
33x36	0.056059454	0.82816386	0.11577672
33x37	1.0497836e-11	0.76055443	0.23944558
33x38	0.120418936	0.8583192	0.021261822
33x39	0.12226545	0.5824527	0.2952818
33x40	0.101564586	0.7720939	0.1263415
33x41	0.15195608	0.6694521	0.17859192
33x42	0.016528092	0.94113797	0.042333934
33x43	3.8658113e-12	0.74121696	0.258783
33x44	0.13073458	0.75830865	0.11095675
33x45	0.011567791	0.8480413	0.14039099
33x46	0.11977105	0.55898523	0.3212438
33x47	0.1062096	0.6954755	0.19831488
33x48	0.11328572	0.5892141	0.29750022
33x49	0.29072493	0.44852722	0.26074782
34x0	0.37629914	0.3908528	0.23284805
34x1	0.42411256	0.2624357	0.31345174
34x2	0.50388074	0.28069955	0.2154197
34x3	0.2561266	0.45210958	0.2917638
34x4	0.40896702	0.45233783	0.13869514
34x5	0.41650292	0.27583894	0.30765817
34x6	0.3867846	0.4259966	0.18721876
34x7	0.5195342	0.28364652	0.19681935
34x8	0.29113215	0.53750384	0.17136407
34x9	0.24992444	0.53945893	0.21061671
34x10	0.19594859	0.65094686	0.15310453
34x11	0.09126695	0.65839356	0.25033945
34x12	0.15259801	0.5931942	0.25420776
34x13	0.17621419	0.61896807	0.20481776
34x14	9.14609e-12	0.760792	0.239208
34x15	0.23614186	0.6746929	0.089165196
34x16	0.27210313	0.67246914	0.0554277
34x17	0.009306793	0.91147476	0.07921843
34x18	0.073741525	0.8283463	0.0979122
34x19	0.0015142844	0.83397233	0.16451329
34x20	2.856738e-12	0.93076533	0.069234684
34x21	8.415199e-12	0.9448141	0.05518597
34x22	0.17618008	0.7822532	0.041566785
34x23	0.12814844	0.87185156	1.350707e-12
34x24	0.040235497	0.95427513	0.005489353
34x25	0.34074736	0.5174928	0.1417599
34x26	3.0985572e-11	0.968378	0.031621996
34x27	0.33642122	0.657693	0.0058858087
34x28	3.1481545e-12	0.8403201	0.15967992
34x29	0.0622675	0.8905489	0.0471836
34x30	2.9345748e-11	0.7653659	0.23463406
34x31	0.042453736	0.90445876	0.05308744
34x32	0.15176693	0.8145314	0.03370174
34x33	0.03904215	0.8504627	0.11049518
34x34	7.402075e-12	0.7685809	0.23141906
34x35	0.03356737	0.88004565	0.086386934
34x36	0.19992521	0.80007476	9.980879e-13
34x37	8.36292e-12	0.9397154	0.060284615
34x38	0.18815899	0.811841	2.1580706e-12
34x39	0.23323354	0.6516859	0.1150805
34x40	0.22934605	0.7366153	0.03403874
34x41	8.525576e-12	1.0	1.182767e-12
34x42	1.50113e-11	0.74308765	0.25691235
34x43	2.538913e-12	0.97845167	0.021548333
34x44	0.02934788	0.82761747	0.14303462
34x45	0.08208565	0.8289475	0.088966824
34x46	0.20481297	0.72961086	0.065576114
34x47	0.014221795	0.6956088	0.29016942
34x48	0.20202051	0.59173024	0.20624927
34x49	4.3381032e-12	0.62541234	0.37458757
35x0	0.18602239	0.5598915	0.25408608
35x1	0.33234656	0.19971812	0.4679354
35x2	0.28479528	0.45465294	0.26055172
35x3	0.6025271	0.3038847	0.093588196
35x4	0.4227062	0.4352459	0.14204794
35x5	0.6051037	0.20205738	0.19283895
35x6	0.26919377	0.35402992	0.37677625
35x7	0.2649861	0.48607394	0.24894
35x8	0.2648084	0.49408838	0.24110322
35x9	0.5185017	0.37335944	0.10813887
35x10	0.3567907	0.28487888	0.35833043
35x11	0.27647972	0.4523632	0.27115715
35x12	0.23087679	0.5933437	0.1757796
35x13	0.2112971	0.6393316	0.1493714
35x14	4.221189e-11	0.7979188	0.20208117
35x15	0.27644193	0.70587164	0.017686429
35x16	0.15368107	0.56251055	0.28380838
35x17	0.023167543	0.92135215	0.055480365
35x18	0.03423587	0.9657641	7.498816e-13
35x19	2.469028e-12	1.0	6.941285e-13
35x20	3.1718992e-12	1.0	9.010596e-13
35x21	9.278473e-12	1.0	9.370307e-13
35x22	2.2557166e-11	1.0	7.85294e-13
35x23	2.122713e-12	1.0	8.1317564e-13
35x24	2.9432966e-12	1.0	7.878409e-13
35x25	4.840241e-12	1.0	9.765009e-13
35x26	0.024100428	0.9758996	8.2752506e-13
35x27	2.7641869e-12	1.0	8.92176e-13
35x28	4.326162e-12	1.0	7.63476e-13
35x29	5.1415924e-11	1.0	8.533775e-13
35x30	1.6269274e-12	1.0	8.3281917e-13
35x31	2.2583797e-12	1.0	7.4140813e-13
35x32	0.014502635	0.98549736	7.801776e-13
35x33	3.774169e-11	1.0	4.9974776e-13
35x34	2.6254018e-12	1.0	8.5352916e-13
35x35	2.3625134e-12	1.0	1.0053051e-12
35x36	2.7782525e-12	1.0	7.482144e-13
35x37	8.084115e-12	1.0	7.90385e-13
35x38	9.179011e-12	1.0	8.796287e-13
35x39	8.718079e-12	1.0	7.713848e-13
35x40	6.3438022e-12	1.0	2.446379e-12
35x41	4.043848e-12	1.0	8.0601763e-13
35x42	2.300346e-12	1.0	6.8393647e-13
35x43	1.766732e-12	1.0	1.0354691e-12
35x44	0.15216677	0.7399673	0.107865945
35x45	1.6032344e-11	0.87132066	0.1286793
35x46	1.7065893e-12	0.85244113	0.14755888
35x47	3.897377e-11	0.8260582	0.17394172
35x48	3.0538978e-11	0.9168877	0.08311227
35x49	0.0774664	0.6292713	0.2932623
36x0	0.28969976	0.46916774	0.24113251
36x1	0.19013622	0.6444288	0.16543499
36x2	0.6247582	0.20921145	0.16603035
36x3	0.34246406	0.2815343	0.3760016
36x4	0.3893161	0.36540312	0.24528077
36x5	0.19586173	0.50577	0.29836822
36x6	0.24087442	0.55788743	0.20123817
36x7	0.32728392	0.4393451	0.23337093
36x8	0.22778955	0.48852512	0.28368533
36x9	0.36273396	0.36281222	0.27445385
36x10	0.1090893	0.6579659	0.23294486
36x11	0.3128813	0.559848	0.12727071
36x12	0.31577212	0.49306533	0.19116248
36x13	0.12719665	0.7733412	0.09946215
36x14	0.12158247	0.86413693	0.014280643
36x15	0.18551229	0.6170459	0.19744177
36x16	2.670752e-12	0.8129055	0.18709448
36x17	0.106287226	0.89371276	1.308439e-12
36x18	3.8428557e-12	1.0	7.0557384e-13
36x19	2.7190993e-12	1.0	1.2417617e-12
36x20	4.1604593e-12	1.0	1.1342239e-12
36x21	2.3179024e-12	1.0	6.197266e-13
36x22	0.0025047401	0.9974953	9.983659e-13
36x23	6.5414993e-09	1.0	7.3373187e-13
36x24	0.0004423596	0.9995577	1.2669005e-12
36x25	6.4212732e-12	1.0	7.601326e-13
36x26	0.0020915952	0.9979084	8.7015535e-13
36x27	0.06558883	0.93441117	9.677261e-13
36x28	0.030680694	0.9693193	9.890486e-13
36x29	5.6292675e-12	1.0	1.4435222e-12
36x30	3.468311e-12	1.0	9.193808e-13
36x31	2.5759438e-12	1.0	1.0013278e-12
36x32	2.9529894e-12	1.0	8.337205e-13
36x33	1.7740229e-12	1.0	9.08739e-13
36x34	0.0021581217	0.9978419	6.4315946e-13
36x35	4.10676e-12	1.0	9.555877e-13
36x36	4.5531348e-12	1.0	1.115898e-12
36x37	3.8967176e-12	1.0	6.744978e-13
36x38	3.0667428e-12	1.0	7.4506926e-13
36x39	0.02339177	0.9766082	1.9723904e-12
36x40	8.852546e-12	1.0	1.3282448e-12
36x41	0.037472628	0.9625274	6.889601e-13
36x42	7.505366e-12	1.0	7.4964774e-13
36x43	0.093621925	0.75565326	0.1507248
36x44	4.29897e-12	0.9566175	0.043382537
36x45	0.019143743	0.6301145	0.35074177
36x46	0.088687934	0.6706527	0.24065936
36x47	1.331576e-11	0.80108505	0.19891495
36x48	2.0909299e-12	0.90563446	0.09436557
36x49	0.11412591	0.8237774	0.062096726
37x0	0.576151	0.29999584	0.123853125
37x1	0.3394963	0.47262388	0.18787986
37x2	0.3631408	0.5127333	0.12412587
37x3	0.271976	0.55901533	0.16900869
37x4	0.32674983	0.59416395	0.07908615
37x5	0.4275915	0.24235053	0.33005798
37x6	0.28181002	0.5105734	0.20761663
37x7	0.426863	0.39085397	0.18228304
37x8	0.32491267	0.4729704	0.20211692
37x9	0.14700364	0.5525382	0.3004582
37x10	0.24969576	0.47317463	0.2771296
37x11	0.007376339	0.7597428	0.23288085
37x12	0.26315895	0.64423317	0.09260782
37x13	0.15485778	0.689929	0.15521324
37x14	0.25324905	0.61557883	0.1311721
37x15	0.20092411	0.72641826	0.07265769
37x16	7.777584e-12	0.8681414	0.13185863
37x17	0.0069398233	0.8173254	0.17573476
37x18	1.9089652e-12	1.0	7.456205e-13
37x19	4.425089e-12	1.0	5.7814826e-13
37x20	4.603113e-12	1.0	6.816777e-13
37x21	6.2819116e-12	1.0	1.2622888e-12
37x22	0.060168914	0.9398311	7.165635e-13
37x23	2.0770059e-12	1.0	7.4526816e-13
37x24	1.8528496e-11	1.0	7.9737925e-13
37x25	0.024033908	0.9759661	9.164324e-13
37x26	1.6861069e-12	1.0	6.40493e-13
37x27	2.59919e-12	1.0	1.7552616e-12
37x28	0.02593136	0.9740687	1.2751593e-12
37x29	1.7822895e-12	1.0	8.9303136e-13
37x30	2.9542577e-11	1.0	8.677574e-13
37x31	4.8015095e-12	1.0	1.1555228e-12
37x32	4.8861995e-12	1.0	7.962957e-13
37x33	2.9721755e-12	1.0	9.074986e-13
37x34	3.3904012e-12	1.0	8.1135614e-13
37x35	2.3387345e-12	1.0	6.1922673e-13
37x36	3.724527e-12	1.0	9.73779e-13
37x37	3.2029685e-12	1.0	7.3779145e-13
37x38	1.974838e-12	1.0	1.1964002e-12
37x39	3.9448796e-12	1.0	1.4956889e-12
37x40	2.3543362e-10	1.0	8.040341e-13
37x41	5.5509937e-12	1.0	1.1177542e-12
37x42	0.032134242	0.96786577	1.0630828e-12
37x43	6.770874e-12	0.85024107	0.14975893
37x44	0.05408797	0.945912	2.1705797e-12
37x45	0.15495715	0.70632637	0.13871647
37x46	3.12439e-12	0.8605533	0.13944669
37x47	0.070548266	0.8324868	0.09696493
37x48	0.03335751	0.8723139	0.09432851
37x49	0.11389134	0.6158382	0.27027044
38x0	0.40474695	0.325155	0.27009803
38x1	0.48530868	0.33788767	0.17680359
38x2	0.35983452	0.3173383	0.32282716
38x3	0.30050567	0.51064056	0.18885383
38x4	0.4414875	0.30267802	0.25583443
38x5	0.24099761	0.50865626	0.2503461
38x6	0.14952756	0.5078491	0.34262332
38x7	0.5833731	0.23587163	0.18075524
38x8	0.15217741	0.2400752	0.60774744
38x9	0.34978893	0.46487713	0.18533388
38x10	0.30866835	0.42817912	0.26315248
38x11	0.30600518	0.5156518	0.17834297
38x12	0.19286497	0.7072526	0.09988239
38x13	0.47790602	0.46090892	0.061185073
38x14	0.09190507	0.7541387	0.15395625
38x15	0.034686767	0.83330745	0.13200584
38x16	0.09099722	0.7319149	0.17708795
38x17	2.565603e-12	0.97662663	0.023373425
38x18	3.690612e-12	1.0	8.475134e-13
38x19	0.059619922	0.9403801	1.2225828e-12
38x20	0.033223737	0.96677625	1.0635745e-12
38x21	4.6718194e-12	1.0	6.484172e-13
38x22	5.14651e-12	1.0	5.671664e-13
38x23	4.7982824e-12	1.0	1.1400638e-12
38x24	1.1396109e-11	1.0	6.8719526e-13
38x25	0.11453056	0.88546944	1.1791396e-12
38x26	0.009148277	0.9908517	8.1297095e-13
38x27	3.279083e-12	1.0	1.6518673e-12
38x28	1.9029089e-11	1.0	6.1463187e-12
38x29	4.3574814e-12	1.0	5.8052505e-13
38x30	3.6809557e-12	1.0	1.1058937e-12
38x31	1.8776857e-12	1.0	7.3079336e-13
38x32	0.015389756	0.98461026	1.369824e-12
38x33	0.04283902	0.95716095	1.2753971e-12
38x34	0.0554822	0.9445178	8.1577784e-13
38x35	0.030412853	0.96958715	1.8005666e-12
38x36	5.6255113e-12	1.0	8.9957295e-13
38x37	4.6255465e-12	1.0	6.912473e-13
38x38	2.942219e-11	1.0	6.89851e-13
38x39	2.76437e-12	1.0	2.1021316e-12
38x40	1.167265e-10	1.0	5.333482e-13
38x41	4.557925e-12	1.0	8.264311e-13
38x42	5.2780393e-12	1.0	1.1675023e-12
38x43	0.13502148	0.86497855	1.6460646e-12
38x44	1.73825e-11	0.9327435	0.06725649
38x45	1.2173247e-11	0.8365837	0.1634163
38x46	2.3804346e-12	0.94628996	0.053710073
38x47	3.76032e-12	0.88829124	0.111708745
38x48	4.4065697e-12	0.9122117	0.08778826
38x49	0.143927	0.82419455	0.03187847
39x0	0.41508794	0.44356185	0.14135024
39x1	0.25138113	0.4808932	0.26772568
39x2	0.41417754	0.45167357	0.13414896
39x3	0.36593562	0.43071	0.20335433
39x4	0.20957065	0.56926185	0.22116747
39x5	0.55397815	0.25404444	0.19197738
39x6	0.39130175	0.5267206	0.08197762
39x7	0.35830125	0.39717975	0.244519
39x8	0.3447893	0.6065761	0.04863455
39x9	0.14571995	0.771378	0.082902
39x10	0.26728582	0.45768675	0.2750274
39x11	0.25538293	0.50691617	0.23770098
39x12	0.19069554	0.630352	0.17895252
39x13	0.08969959	0.8664979	0.04380249
39x14	0.16574138	0.76356566	0.07069296
39x15	0.117116265	0.84933907	0.033544708
39x16	2.716504e-12	0.9644213	0.035578668
39x17	3.6391606e-12	0.92538077	0.07461925
39x18	6.911173e-12	1.0	8.686026e-13
39x19	1.3624221e-11	1.0	7.7050177e-13
39x20	0.044477586	0.9555224	5.9334634e-13
39x21	3.908346e-12	1.0	9.34346e-13
39x22	4.967217e-12	1.0	8.8886076e-13
39x23	6.4947995e-12	1.0	7.9011477e-13
39x24	0.03116355	0.9688365	1.0476952e-12
39x25	0.06010585	0.93989414	7.8499837e-13
39x26	0.018519392	0.9814806	1.3726658e-12
39x27	0.0023214149	0.9976786	9.856514e-13
39x28	3.5456354e-12	1.0	7.7490006e-13
39x29	2.9951185e-12	1.0	8.726739e-13
39x30	1.9583965e-11	1.0	1.0641359e-12
39x31	8.5214474e-12	1.0	3.0348653e-12
39x32	0.07921934	0.92078066	9.33509e-13
39x33	1.1916858e-10	1.0	8.720046e-13
39x34	1.1470016e-11	1.0	9.975263e-13
39x35	2.2869738e-12	1.0	1.1279527e-12
39x36	1.9424646e-12	1.0	8.722537e-13
39x37	1.6444368e-11	1.0	1.0282025e-12
39x38	8.938295e-12	1.0	9.54752e-13
39x39	1.9939838e-12	1.0	9.0553503e-13
39x40	0.06556064	0.93443936	7.2341325e-13
39x41	1.6296766e-12	1.0	8.586286e-13
39x42	0.044344477	0.9556555	9.669344e-13
39x43	3.0235241e-12	0.86824524	0.13175476
39x44	0.020103628	0.92762876	0.05226763
39x45	0.10151201	0.8094378	0.08905023
39x46	3.257724e-12	0.8648631	0.1351369
39x47	3.4132642e-12	0.8251498	0.17485023
39x48	0.19317251	0.5684854	0.23834212
39x49	0.027030986	0.59327996	0.37968904
40x0	0.26154196	0.46692038	0.2715377
40x1	0.1331398	0.75228614	0.11457407
40x2	0.29200816	0.55388105	0.15411073
40x3	0.059222024	0.7245776	0.2162003
40x4	0.05552617	0.83265907	0.11181475
40x5	0.14336759	0.6525545	0.2040779
40x6	0.3183311	0.47927478	0.20239407
40x7	0.3459032	0.5623658	0.0917311
40x8	0.22147861	0.5185659	0.25995547
40x9	0.14826107	0.64157265	0.21016628
40x10	0.06452037	0.4529843	0.48249534
40x11	0.06515214	0.8598711	0.07497671
40x12	0.11712304	0.6625386	0.22033836
40x13	0.04844569	0.74592745	0.20562682
40x14	0.09637623	0.70964795	0.19397585
40x15	0.34904656	0.5581537	0.09279972
40x16	3.848684e-12	0.9633526	0.036647398
40x17	0.04394799	0.956052	2.3951207e-11
40x18	1.1817948e-11	1.0	1.0743214e-12
40x19	0.011382871	0.9886171	1.7569399e-12
40x20	1.6114083e-12	1.0	8.667301e-13
40x21	2.6376865e-12	1.0	7.826279e-13
40x22	0.024708468	0.9752915	1.5257253e-12
40x23	2.7264929e-12	1.0	9.754969e-13
40x24	6.967016e-12	1.0	1.0148763e-12
40x25	4.3801135e-12	1.0	1.0121457e-12
40x26	2.5823692e-12	1.0	9.920492e-13
40x27	0.04065797	0.959342	7.8581634e-13
40x28	2.3001304e-12	1.0	8.692095e-13
40x29	0.0072433306	0.9927567	1.5070799e-12
40x30	4.3131857e-12	1.0	1.6288935e-12
40x31	0.0014528065	0.9985472	8.2482193e-13
40x32	1.5910328e-12	1.0	8.539933e-13
40x33	4.716076e-12	1.0	7.8456734e-13
40x34	2.8295877e-12	1.0	1.0835271e-12
40x35	4.0694267e-12	1.0	7.3166776e-13
40x36	7.71429e-12	1.0	5.4126983e-13
40x37	4.0166416e-12	1.0	3.6262284e-12
40x38	2.9489187e-12	1.0	1.0453383e-12
40x39	0.058379255	0.94162077	1.3017128e-12
40x40	3.0928478e-12	1.0	1.0289577e-12
40x41	2.9287686e-12	1.0	8.939568e-13
40x42	8.299177e-12	1.0	1.3125671e-12
40x43	0.013359071	0.986641	1.7981873e-12
40x44	0.1121398	0.7207808	0.16707942
40x45	0.065298036	0.9119335	0.02276846
40x46	0.10401722	0.74008036	0.15590236
40x47	0.08915911	0.8552534	0.055587534
40x48	0.11030309	0.7167092	0.17298774
40x49	0.13307415	0.66282886	0.20409697
41x0	0.18601067	0.5523837	0.26160562
41x1	0.34545282	0.4764769	0.17807029
41x2	0.25338247	0.61813235	0.1284851
41x3	0.3516609	0.31348833	0.33485076
41x4	0.053619675	0.7119112	0.23446906
41x5	0.09113232	0.52427995	0.3845877
41x6	0.3332986	0.5236117	0.14308967
41x7	0.48461425	0.2740411	0.24134468
41x8	0.1849438	0.32641754	0.48863864
41x9	0.39383486	0.4584965	0.14766863
41x10	0.2142557	0.71499753	0.07074678
41x11	0.47318202	0.42167616	0.10514176
41x12	0.43797922	0.5620207	4.0018197e-12
41x13	0.081014104	0.67182416	0.2471617
41x14	2.3386594e-12	0.76898324	0.23101678
41x15	0.31813523	0.62276727	0.059097495
41x16	0.30715498	0.58973557	0.10310943
41x17	0.07389218	0.85565996	0.07044784
41x18	4.5230846e-12	1.0	9.415322e-13
41x19	1.1380217e-11	1.0	7.409992e-13
41x20	0.010556834	0.9894431	6.8083055e-13
41x21	4.380509e-12	1.0	6.5549936e-13
41x22	2.7579022e-12	1.0	9.394124e-13
41x23	2.00524e-12	1.0	7.519148e-13
41x24	0.08968135	0.9103186	7.064247e-13
41x25	2.6377928e-12	1.0	8.2086795e-13
41x26	6.6055334e-12	1.0	7.348846e-13
41x27	5.2219973e-12	1.0	1.0389337e-12
41x28	2.3740922e-12	1.0	1.3014561e-12
41x29	0.01634921	0.9836508	6.8147864e-13
41x30	0.008548722	0.99145126	6.4455104e-13
41x31	0.004637335	0.9953627	1.2406287e-12
41x32	1.5249317e-12	1.0	5.9085544e-13
41x33	4.16884e-12	1.0	1.2186494e-12
41x34	2.9631046e-12	1.0	7.738246e-13
41x35	2.855049e-12	1.0	9.794465e-13
41x36	9.361557e-12	1.0	1.0439762e-12
41x37	3.5253523e-12	1.0	8.525042e-13
41x38	0.013360271	0.98663974	1.0076664e-12
41x39	1.1482617e-11	1.0	9.913783e-13
41x40	1.6109088e-11	1.0	9.526023e-12
41x41	2.928597e-12	1.0	6.655325e-13
41x42	0.031028442	0.96897155	9.701064e-13
41x43	6.119211e-12	1.0	7.319543e-13
41x44	0.101181254	0.82769215	0.071126536
41x45	3.6137209e-12	0.7660912	0.23390876
41x46	0.08865062	0.78338426	0.12796508
41x47	4.258012e-12	0.8187226	0.1812774
41x48	0.060214486	0.6580422	0.28174335
41x49	0.015818864	0.79113245	0.19304867
42x0	0.5396583	0.28882483	0.17151684
42x1	0.27862498	0.41779968	0.30357543
42x2	0.19608337	0.6777091	0.12620749
42x3	0.32705382	0.34484115	0.32810503
42x4	0.47809708	0.3668067	0.15509628
42x5	0.28683144	0.49275297	0.22041556
42x6	0.39464402	0.49652973	0.10882621
42x7	0.20173952	0.6405439	0.1577166
42x8	0.109729834	0.6792548	0.21101539
42x9	0.49527043	0.39842817	0.10630137
42x10	0.17152236	0.59324485	0.23523279
42x11	0.015270241	0.9633982	0.021331573
42x12	0.20917696	0.7435267	0.047296323
42x13	0.20111977	0.48949096	0.3093893
42x14	0.1317544	0.8302678	0.037977777
42x15	0.2083008	0.75178945	0.039909735
42x16	0.14985503	0.6253684	0.22477655
42x17	0.19727178	0.80272824	9.302814e-13
42x18	0.00026062317	0.9997394	8.5501273e-13
42x19	5.2913585e-12	1.0	7.8803376e-13
42x20	3.9512157e-12	1.0	7.838287e-13
42x21	1.9539695e-12	1.0	6.911596e-13
42x22	0.0046885563	0.99531144	7.590495e-13
42x23	8.353642e-12	1.0	8.4717503e-13
42x24	2.1215894e-12	1.0	7.627713e-13
42x25	8.653446e-12	1.0	1.1739679e-12
42x26	3.904646e-12	1.0	1.0240599e-12
42x27	0.05875964	0.9412404	1.0558486e-12
42x28	0.07851346	0.9214865	1.160523e-12
42x29	2.6594157e-12	1.0	1.5179768e-12
42x30	3.346901e-12	1.0	6.7669216e-13
42x31	3.0757766e-12	1.0	7.100937e-13
42x32	0.054783937	0.94521606	1.593142e-12
42x33	6.947047e-12	1.0	8.4627753e-13
42x34	5.400122e-12	1.0	7.932856e-13
42x35	0.041999437	0.95800054	7.019399e-13
42x36	2.2673839e-11	1.0	1.0099461e-12
42x37	3.831641e-12	1.0	1.0231591e-12
42x38	5.2516706e-12	1.0	1.4718557e-12
42x39	3.7146887e-12	1.0	1.180005e-12
42x40	5.298274e-12	1.0	7.9637116e-13
42x41	9.315842e-12	1.0	9.34456e-13
42x42	0.021131935	0.97886807	1.6975003e-12
42x43	3.0660771e-12	0.92308724	0.07691272
42x44	3.1706267e-12	0.943388	0.05661204
42x45	0.037911024	0.6839962	0.27809277
42x46	9.936178e-12	0.897959	0.10204104
42x47	0.09866211	0.81373656	0.08760134
42x48	0.18833531	0.79163283	0.020031929
42x49	0.046528473	0.70905226	0.24441923
43x0	0.25246546	0.6423611	0.10517345
43x1	0.45830998	0.29554665	0.24614336
43x2	0.28999153	0.569079	0.14092948
43x3	0.46055266	0.34453282	0.19491452
43x4	0.19929704	0.712487	0.08821595
43x5	0.36035183	0.5189041	0.12074403
43x6	0.46500212	0.38745445	0.14754345
43x7	0.26618895	0.5608199	0.17299117
43x8	0.3641768	0.58360827	0.05221485
43x9	0.062714934	0.7940493	0.1432358
43x10	0.19990586	0.6731176	0.12697664
43x11	0.1030643	0.7762878	0.12064787
43x12	0.39090553	0.469495	0.13959947
43x13	0.20089658	0.7393727	0.059730753
43x14	1.7207738e-10	0.8505414	0.14945853
43x15	5.073952e-12	0.92603654	0.07396345
43x16	0.22198227	0.77801776	9.593243e-13
43x17	0.02661828	0.9733817	1.6051078e-12
43x18	4.7278965e-12	1.0	1.0958371e-12
43x19	2.2498717e-12	1.0	8.7406926e-13
43x20	9.213758e-12	1.0	7.801317e-13
43x21	3.5499086e-11	1.0	1.3140757e-12
43x22	4.2092597e-12	1.0	7.480962e-13
43x23	9.899919e-12	1.0	7.6372746e-13
43x24	6.15672e-12	1.0	1.4816202e-12
43x25	0.026291134	0.97370887	2.6057125e-12
43x26	6.7571773e-12	1.0	9.475242e-13
43x27	0.058576632	0.94142336	1.0308388e-12
43x28	2.2159184e-12	1.0	7.99564e-13
43x29	4.0222023e-12	1.0	1.1741232e-12
43x30	1.4059522e-11	1.0	1.1127274e-12
43x31	7.049755e-12	1.0	1.174856e-12
43x32	3.640787e-12	1.0	1.0656521e-12
43x33	2.3067544e-12	1.0	7.338275e-13
43x34	2.7580412e-12	1.0	7.2289077e-13
43x35	0.09641709	0.90358293	8.7341544e-13
43x36	1.5563207e-11	1.0	1.0586634e-12
43x37	1.0104521e-11	1.0	6.614568e-13
43x38	5.2316994e-11	1.0	9.89255e-13
43x39	1.6504677e-10	1.0	6.979281e-13
43x40	1.901048e-12	1.0	8.457276e-13
43x41	5.510437e-12	1.0	7.425758e-13
43x42	2.637428e-12	1.0	7.312735e-13
43x43	0.17409585	0.8259042	1.8161118e-12
43x44	0.041062124	0.94206244	0.016875394
43x45	5.8174546e-12	0.79633474	0.20366529
43x46	4.359452e-12	0.85719746	0.14280255
43x47	0.068125695	0.76217526	0.16969904
43x48	0.34099436	0.609686	0.049319636
43x49	1.6090074e-10	0.84148073	0.15851925
44x0	0.39544863	0.5901773	0.014374061
44x1	0.42603454	0.32365364	0.25031176
44x2	0.21028198	0.6003739	0.18934417
44x3	0.20153295	0.45018768	0.34827936
44x4	0.30383345	0.49034348	0.20582305
44x5	0.060697973	0.6488056	0.29049635
44x6	0.16375513	0.82351047	0.012734368
44x7	0.20413217	0.72427136	0.07159654
44x8	0.24703993	0.7275013	0.025458826
44x9	0.15499882	0.6195468	0.22545439
44x10	9.655622e-12	0.8078698	0.19213025
44x11	0.25774577	0.54707575	0.19517852
44x12	0.21061212	0.7110375	0.078350365
44x13	0.13993745	0.78365856	0.07640394
44x14	0.1217556	0.6048463	0.2733981
44x15	0.03175894	0.71252394	0.25571707
44x16	1.7668664e-10	0.89347124	0.10652877
44x17	0.044315606	0.88841814	0.06726629
44x18	2.660626e-12	1.0	6.6926e-13
44x19	3.1800296e-12	1.0	6.127677e-13
44x20	1.5101878e-12	1.0	8.230693e-13
44x21	3.915768e-12	1.0	6.7519135e-13
44x22	6.312251e-12	1.0	7.4355046e-13
44x23	4.3273852e-12	1.0	7.8195447e-13
44x24	1.6767239e-12	1.0	8.075741e-13
44x25	6.5288413e-12	1.0	8.574861e-13
44x26	0.0037610126	0.996239	7.128278e-13
44x27	4.7024845e-12	1.0	9.396631e-13
44x28	5.396078e-12	1.0	8.2958244e-13
44x29	0.016540792	0.98345923	1.5650483e-12
44x30	3.4241698e-12	1.0	1.0318942e-12
44x31	3.6740103e-12	1.0	9.105806e-13
44x32	1.9439875e-12	1.0	9.500132e-13
44x33	4.124993e-12	1.0	8.9524227e-13
44x34	0.02430769	0.97569233	8.2346364e-13
44x35	4.984438e-12	1.0	7.608262e-13
44x36	7.3187454e-12	1.0	4.421628e-12
44x37	5.9632967e-12	1.0	8.9327417e-13
44x38	2.7449664e-12	1.0	2.2198654e-12
44x39	2.8620353e-12	1.0	9.796321e-13
44x40	1.6764045e-12	1.0	8.2346933e-13
44x41	1.93899e-12	1.0	8.8535857e-13
44x42	0.009293514	0.9907065	8.7447573e-13
44x43	2.8129218e-12	0.96636945	0.03363057
44x44	0.07815914	0.90071875	0.021122115
44x45	0.09518399	0.88178325	0.02303275
44x46	0.04998933	0.89515966	0.054851003
44x47	0.02111357	0.8378645	0.14102194
44x48	2.8101716e-12	0.9288776	0.07112241
44x49	5.2686154e-12	0.8022695	0.19773054
45x0	0.26286218	0.56010693	0.17703092
45x1	0.3669574	0.5241712	0.10887142
45x2	0.45437518	0.46488994	0.080734916
45x3	0.30982378	0.4810609	0.20911528
45x4	0.114347175	0.5442611	0.3413917
45x5	0.4507194	0.50705636	0.042224243
45x6	0.37730825	0.4411829	0.18150882
45x7	0.32353583	0.5344826	0.14198159
45x8	0.33449906	0.5389261	0.12657486
45x9	0.39320853	0.5155165	0.09127495
45x10	0.28779542	0.54708356	0.16512105
45x11	0.1267183	0.855605	0.017676745
45x12	6.810924e-12	0.80700904	0.19299094
45x13	0.24565311	0.5439051	0.2104418
45x14	0.3308929	0.6691071	1.4723996e-12
45x15	3.6034713e-12	0.9062207	0.0937793
45x16	4.646746e-12	0.85830796	0.14169207
45x17	0.11957459	0.8804254	8.479797e-13
45x18	0.039579976	0.9604201	9.568556e-13
45x19	5.4799954e-12	1.0	1.495692e-12
45x20	4.1026574e-12	1.0	2.2341614e-12
45x21	4.2380956e-12	0.9966534	0.0033466527
45x22	0.005583644	0.99441636	7.072003e-13
45x23	2.0690862e-12	1.0	6.570236e-13
45x24	4.9676756e-12	1.0	9.831426e-13
45x25	0.044006404	0.9559936	8.811112e-13
45x26	8.353725e-12	1.0	2.1760924e-12
45x27	0.019357266	0.9806427	8.2988884e-13
45x28	1.1392545e-11	1.0	1.0243458e-12
45x29	3.9984105e-12	1.0	1.0487913e-12
45x30	0.07768058	0.9223194	9.883066e-13
45x31	2.080635e-12	1.0	9.351114e-13
45x32	3.2721042e-12	1.0	1.278757e-12
45x33	3.0319113e-12	1.0	8.898047e-13
45x34	6.9462053e-12	1.0	9.121924e-13
45x35	5.624058e-12	1.0	7.791564e-13
45x36	9.87488e-12	1.0	6.8557345e-13
45x37	4.091019e-12	1.0	1.1832874e-12
45x38	3.6820525e-12	1.0	5.8972933e-13
45x39	3.7025023e-12	1.0	1.0063498e-12
45x40	1.0718459e-11	1.0	1.3588838e-12
45x41	4.4634253e-12	1.0	7.1812765e-13
45x42	2.2013797e-12	1.0	7.012546e-13
45x43	2.6812107e-12	0.8913988	0.10860115
45x44	0.0051140967	0.963114	0.03177191
45x45	0.1090668	0.64690566	0.24402758
45x46	0.15974209	0.68791485	0.152343
45x47	0.2495193	0.6015393	0.14894135
45x48	0.00829514	0.81019104	0.18151377
45x49	0.18197538	0.6793215	0.13870305
46x0	0.09679999	0.5121022	0.3910978
46x1	0.11795264	0.6776761	0.20437132
46x2	0.6199377	0.26121682	0.11884547
46x3	0.5085153	0.40880173	0.08268301
46x4	0.3572921	0.5723281	0.0703798
46x5	0.331022	0.44331455	0.22566348
46x6	0.6638225	0.28339157	0.052785967
46x7	0.19705534	0.5347581	0.26818654
46x8	0.44395548	0.36762798	0.18841657
46x9	0.07944779	0.6843732	0.23617901
46x10	0.22213434	0.39488292	0.38298276
46x11	0.06563847	0.83327556	0.10108599
46x12	0.28023034	0.50602335	0.2137462
46x13	0.07987596	0.72347635	0.19664764
46x14	0.11370267	0.8215699	0.064727426
46x15	0.28420034	0.5563066	0.15949304
46x16	0.12894367	0.7447009	0.12635544
46x17	0.051776048	0.79183394	0.15639001
46x18	1.8760247e-11	0.8596643	0.14033568
46x19	0.62863976	0.36934146	0.002018767
46x20	0.09195336	0.90804666	1.3008884e-12
46x21	0.0926154	0.86386776	0.043516897
46x22	0.13517493	0.8158479	0.048977252
46x23	0.26706272	0.7329373	1.1890898e-12
46x24	1.7589959e-10	0.9433388	0.056661204
46x25	2.2768625e-12	1.0	3.0210454e-12
46x26	0.048553042	0.95144695	1.0038039e-12
46x27	4.092934e-12	1.0	1.2427605e-12
46x28	6.1542555e-12	1.0	8.692936e-13
46x29	8.918061e-12	0.93951774	0.060482256
46x30	1.4700702e-11	1.0	6.736723e-13
46x31	2.007628e-12	1.0	6.675995e-13
46x32	3.8584288e-12	1.0	1.5404637e-12
46x33	4.0183534e-12	0.9306735	0.06932653
46x34	0.008459972	0.9915401	8.3772507e-13
46x35	0.07107367	0.92892635	1.3879711e-12
46x36	0.038352076	0.9616479	7.730086e-13
46x37	0.054706506	0.9074669	0.037826642
46x38	0.032190062	0.96781	8.9196613e-13
46x39	3.2719715e-12	0.8542901	0.14570989
46x40	0.10804429	0.8919557	7.5560836e-13
46x41	0.2030158	0.7969842	1.4410062e-12
46x42	3.6287338e-12	1.0	9.452369e-13
46x43	0.07678067	0.88861436	0.034604948
46x44	0.044398226	0.9041847	0.05141712
46x45	3.3128463e-12	0.91055214	0.08944787
46x46	0.21120606	0.7025097	0.08628427
46x47	0.10900856	0.75157	0.13942137
46x48	9.94123e-12	0.9412603	0.05873966
46x49	0.1741559	0.47984663	0.3459975
47x0	0.12378235	0.64264655	0.2335711
47x1	0.4456401	0.4527905	0.101569384
47x2	0.35575783	0.54092723	0.10331496
47x3	0.23055017	0.5363179	0.23313196
47x4	0.33618954	0.47199878	0.1918117
47x5	0.1666015	0.7459844	0.08741415
47x6	0.2500278	0.614785	0.13518716
47x7	0.33771238	0.29786924	0.36441833
47x8	0.103439234	0.770827	0.1257337
47x9	0.18264604	0.43323022	0.3841237
47x10	0.18865338	0.8093287	0.002017918
47x11	0.17405589	0.6012182	0.22472593
47x12	0.029760001	0.9225872	0.04765278
47x13	0.13779257	0.67667574	0.18553162
47x14	0.21231489	0.7305575	0.05712768
47x15	0.032847293	0.91847724	0.04867547
47x16	0.10352734	0.8964727	1.1632525e-12
47x17	2.3011325e-11	0.9130365	0.08696345
47x18	0.030569827	0.8935749	0.07585525
47x19	0.08021322	0.91978675	1.125613e-12
47x20	4.956858e-12	0.9173473	0.08265264
47x21	0.033745687	0.82125723	0.14499699
47x22	3.7429335e-12	1.0	9.32561e-13
47x23	6.002802e-12	1.0	6.768149e-11
47x24	0.27326408	0.61375844	0.1129775
47x25	1.29391e-11	0.9364011	0.063598886
47x26	0.44339585	0.55335814	0.0032460678
47x27	2.9766317e-12	0.83930445	0.16069554
47x28	0.07068449	0.8833614	0.045954037
47x29	0.2742097	0.6723106	0.053479694
47x30	2.996218e-11	1.0	1.052694e-12
47x31	0.019010078	0.9676688	0.01332113
47x32	0.0820881	0.88503325	0.032878645
47x33	0.112799734	0.8872003	1.0015826e-12
47x34	5.108249e-12	0.9008542	0.09914585
47x35	0.07080133	0.7652882	0.16391043
47x36	3.2063525e-12	0.85701424	0.14298573
47x37	0.041556183	0.9584438	9.574735e-13
47x38	0.20779811	0.7922019	1.6345775e-12
47x39	0.07011397	0.87014455	0.059741486
47x40	0.04209019	0.6929295	0.26498026
47x41	0.11608345	0.74831736	0.13559917
47x42	2.4597904e-12	0.8377407	0.16225925
47x43	0.32952586	0.61772066	0.052753504
47x44	0.061168183	0.82216805	0.11666371
47x45	0.17761697	0.822383	1.167126e-12
47x46	0.0067525227	0.940361	0.052886423
47x47	0.1186911	0.6729499	0.208359
47x48	2.8847534e-12	0.79342526	0.20657474
47x49	0.09325586	0.7951422	0.111602016
48x0	0.44459394	0.31812942	0.23727664
48x1	0.35211116	0.4717163	0.17617257
48x2	0.36778802	0.47749117	0.1547208
48x3	0.34868878	0.49650404	0.15480718
48x4	0.7086278	0.14182454	0.14954762
48x5	0.11412954	0.63491756	0.2509529
48x6	2.8130798e-11	0.78116226	0.21883774
48x7	0.20616671	0.51439035	0.27944294
48x8	0.48036933	0.39303428	0.12659645
48x9	0.069018275	0.6334113	0.29757044
48x10	0.34883344	0.53052837	0.12063814
48x11	4.264252e-12	0.93240047	0.06759956
48x12	0.22350392	0.5140883	0.26240784
48x13	0.064370446	0.85455686	0.08107267
48x14	0.14971176	0.82129836	0.028989822
48x15	0.18089603	0.7302947	0.08880924
48x16	0.1848865	0.7021515	0.112961955
48x17	0.20046434	0.6875077	0.11202796
48x18	0.10204625	0.89795375	2.6762256e-12
48x19	2.7301278e-12	0.96250224	0.037497744
48x20	0.1300587	0.8699413	1.9195882e-12
48x21	0.12308975	0.7768309	0.100079335
48x22	0.045587383	0.849294	0.1051186
48x23	3.2662226e-12	0.97261894	0.027381087
48x24	0.028738506	0.75502765	0.21623382
48x25	0.024919735	0.91582406	0.05925621
48x26	0.15511508	0.6024153	0.24246953
48x27	0.13577667	0.6588584	0.20536497
48x28	0.14023203	0.859768	8.304948e-13
48x29	0.34717932	0.6201119	0.032708846
48x30	0.0050811614	0.8201092	0.17480966
48x31	0.0015934828	0.8736903	0.12471622
48x32	0.052989382	0.8715003	0.075510256
48x33	0.23820633	0.7617937	1.0185963e-12
48x34	2.822777e-12	0.9374334	0.0625666
48x35	3.078353e-11	0.880042	0.11995799
48x36	0.11146236	0.88396275	0.004574847
48x37	0.0545338	0.69099516	0.25447103
48x38	3.6895955e-12	0.7185716	0.28142837
48x39	0.13481638	0.8651836	8.354136e-13
48x40	0.008987195	0.9010138	0.08999903
48x41	4.359216e-12	1.0	8.689944e-13
48x42	5.308331e-12	0.96951663	0.030483378
48x43	0.12115567	0.60144424	0.27740014
48x44	0.19593805	0.68903077	0.11503116
48x45	0.1403326	0.82582	0.033847366
48x46	2.6945347e-12	0.7995854	0.20041458
48x47	0.18112975	0.7103464	0.108523816
48x48	5.0215013e-11	0.7694788	0.23052114
48x49	0.18593158	0.5892751	0.22479324
49x0	0.48715425	0.30502006	0.2078257
49x1	0.2048576	0.53972244	0.25541988
49x2	0.47507718	0.39267674	0.13224615
49x3	0.3346994	0.41428363	0.251017
49x4	0.31906497	0.4813533	0.19958173
49x5	0.2240487	0.52127093	0.25468037
49x6	0.07744448	0.73470825	0.1878473
49x7	0.32864112	0.5559961	0.115362786
49x8	0.32241827	0.6607474	0.016834319
49x9	0.3902889	0.34166086	0.26805022
49x10	0.075546056	0.62440825	0.30004567
49x11	0.14325719	0.7432848	0.11345796
49x12	0.41622254	0.4340396	0.14973779
49x13	0.3456831	0.615209	0.039107956
49x14	0.19588456	0.6956502	0.1084652
49x15	0.25193545	0.68252456	0.065540045
49x16	0.29750186	0.632126	0.07037215
49x17	3.753842e-12	0.8537709	0.14622907
49x18	0.5380333	0.3248288	0.13713792
49x19	1.7217741e-11	0.85931677	0.14068322
49x20	0.10811429	0.8046596	0.08722616
49x21	0.24243632	0.7575637	1.0642293e-12
49x22	0.08487542	0.65187144	0.26325312
49x23	3.5009693e-12	0.91611445	0.08388559
49x24	0.05006342	0.886557	0.06337966
49x25	1.0588579e-11	0.6774538	0.32254618
49x26	0.13387795	0.8218296	0.044292387
49x27	0.15424569	0.8386982	0.0070560724
49x28	5.148043e-12	0.7746665	0.2253335
49x29	0.005209263	0.70415294	0.29063782
49x30	2.1137703e-12	0.83747643	0.16252355
49x31	0.01726678	0.95930225	0.023430994
49x32	0.19261155	0.79654545	0.010842932
49x33	0.12370498	0.78999496	0.086300045
49x34	0.040233765	0.6560934	0.30367285
49x35	2.6514272e-11	0.8230454	0.17695464
49x36	0.07464664	0.84162563	0.08372772
49x37	7.3808485e-12	0.9538792	0.04612087
49x38	0.04789759	0.9094967	0.042605687
49x39	0.0012384397	0.93983173	0.058929887
49x40	0.11534907	0.7991374	0.08551349
49x41	1.4358888e-11	0.9740842	0.02591585
49x42	0.027286828	0.8634665	0.109246664
49x43	0.16053295	0.7748976	0.06456951
49x44	6.475613e-12	0.83567804	0.16432194
49x45	4.2670546e-12	0.9246891	0.07531093
49x46	0.26711187	0.7161467	0.016741388
49x47	0.18650562	0.71617866	0.0973157
49x48	0.12258872	0.5649612	0.31245008
49x49	0.26012626	0.6196971	0.12017669
