,x,y
0x0,0,0
0x1,0,1
0x2,0,2
0x3,0,3
0x4,0,4
0x5,0,5
0x6,0,6
0x7,0,7
0x8,0,8
0x9,0,9
0x10,0,10
0x11,0,11
0x12,0,12
0x13,0,13
0x14,0,14
0x15,0,15
0x16,0,16
0x17,0,17
0x18,0,18
0x19,0,19
0x20,0,20
0x21,0,21
0x22,0,22
0x23,0,23
0x24,0,24
0x25,0,25
0x26,0,26
0x27,0,27
0x28,0,28
0x29,0,29
0x30,0,30
0x31,0,31
0x32,0,32
0x33,0,33
0x34,0,34
0x35,0,35
0x36,0,36
0x37,0,37
0x38,0,38
0x39,0,39
0x40,0,40
0x41,0,41
0x42,0,42
0x43,0,43
0x44,0,44
0x45,0,45
0x46,0,46
0x47,0,47
0x48,0,48
0x49,0,49
1x0,1,0
1x1,1,1
1x2,1,2
1x3,1,3
1x4,1,4
1x5,1,5
1x6,1,6
1x7,1,7
1x8,1,8
1x9,1,9
1x10,1,10
1x11,1,11
1x12,1,12
1x13,1,13
1x14,1,14
1x15,1,15
1x16,1,16
1x17,1,17
1x18,1,18
1x19,1,19
1x20,1,20
1x21,1,21
1x22,1,22
1x23,1,23
1x24,1,24
1x25,1,25
1x26,1,26
1x27,1,27
1x28,1,28
1x29,1,29
1x30,1,30
1x31,1,31
1x32,1,32
1x33,1,33
1x34,1,34
1x35,1,35
1x36,1,36
1x37,1,37
1x38,1,38
1x39,1,39
1x40,1,40
1x41,1,41
1x42,1,42
1x43,1,43
1x44,1,44
1x45,1,45
1x46,1,46
1x47,1,47
1x48,1,48
1x49,1,49
2x0,2,0
2x1,2,1
2x2,2,2
2x3,2,3
2x4,2,4
2x5,2,5
2x6,2,6
2x7,2,7
2x8,2,8
2x9,2,9
2x10,2,10
2x11,2,11
2x12,2,12
2x13,2,13
2x14,2,14
2x15,2,15
2x16,2,16
2x17,2,17
2x18,2,18
2x19,2,19
2x20,2,20
2x21,2,21
2x22,2,22
2x23,2,23
2x24,2,24
2x25,2,25
2x26,2,26
2x27,2,27
2x28,2,28
2x29,2,29
2x30,2,30
2x31,2,31
2x32,2,32
2x33,2,33
2x34,2,34
2x35,2,35
2x36,2,36
2x37,2,37
2x38,2,38
2x39,2,39
2x40,2,40
2x41,2,41
2x42,2,42
2x43,2,43
2x44,2,44
2x45,2,45
2x46,2,46
2x47,2,47
2x48,2,48
2x49,2,49
3x0,3,0
3x1,3,1
3x2,3,2
3x3,3,3
3x4,3,4
3x5,3,5
3x6,3,6
3x7,3,7
3x8,3,8
3x9,3,9
3x10,3,10
3x11,3,11
3x12,3,12
3x13,3,13
3x14,3,14
3x15,3,15
3x16,3,16
3x17,3,17
3x18,3,18
3x19,3,19
3x20,3,20
3x21,3,21
3x22,3,22
3x23,3,23
3x24,3,24
3x25,3,25
3x26,3,26
3x27,3,27
3x28,3,28
3x29,3,29
3x30,3,30
3x31,3,31
3x32,3,32
3x33,3,33
3x34,3,34
3x35,3,35
3x36,3,36
3x37,3,37
3x38,3,38
3x39,3,39
3x40,3,40
3x41,3,41
3x42,3,42
3x43,3,43
3x44,3,44
3x45,3,45
3x46,3,46
3x47,3,47
3x48,3,48
3x49,3,49
4x0,4,0
4x1,4,1
4x2,4,2
4x3,4,3
4x4,4,4
4x5,4,5
4x6,4,6
4x7,4,7
4x8,4,8
4x9,4,9
4x10,4,10
4x11,4,11
4x12,4,12
4x13,4,13
4x14,4,14
4x15,4,15
4x16,4,16
4x17,4,17
4x18,4,18
4x19,4,19
4x20,4,20
4x21,4,21
4x22,4,22
4x23,4,23
4x24,4,24
4x25,4,25
4x26,4,26
4x27,4,27
4x28,4,28
4x29,4,29
4x30,4,30
4x31,4,31
4x32,4,32
4x33,4,33
4x34,4,34
4x35,4,35
4x36,4,36
4x37,4,37
4x38,4,38
4x39,4,39
4x40,4,40
4x41,4,41
4x42,4,42
4x43,4,43
4x44,4,44
4x45,4,45
4x46,4,46
4x47,4,47
4x48,4,48
4x49,4,49
5x0,5,0
5x1,5,1
5x2,5,2
5x3,5,3
5x4,5,4
5x5,5,5
5x6,5,6
5x7,5,7
5x8,5,8
5x9,5,9
5x10,5,10
5x11,5,11
5x12,5,12
5x13,5,13
5x14,5,14
5x15,5,15
5x16,5,16
5x17,5,17
5x18,5,18
5x19,5,19
5x20,5,20
5x21,5,21
5x22,5,22
5x23,5,23
5x24,5,24
5x25,5,25
5x26,5,26
5x27,5,27
5x28,5,28
5x29,5,29
5x30,5,30
5x31,5,31
5x32,5,32
5x33,5,33
5x34,5,34
5x35,5,35
5x36,5,36
5x37,5,37
5x38,5,38
5x39,5,39
5x40,5,40
5x41,5,41
5x42,5,42
5x43,5,43
5x44,5,44
5x45,5,45
5x46,5,46
5x47,5,47
5x48,5,48
5x49,5,49
6x0,6,0
6x1,6,1
6x2,6,2
6x3,6,3
6x4,6,4
6x5,6,5
6x6,6,6
6x7,6,7
6x8,6,8
6x9,6,9
6x10,6,10
6x11,6,11
6x12,6,12
6x13,6,13
6x14,6,14
6x15,6,15
6x16,6,16
6x17,6,17
6x18,6,18
6x19,6,19
6x20,6,20
6x21,6,21
6x22,6,22
6x23,6,23
6x24,6,24
6x25,6,25
6x26,6,26
6x27,6,27
6x28,6,28
6x29,6,29
6x30,6,30
6x31,6,31
6x32,6,32
6x33,6,33
6x34,6,34
6x35,6,35
6x36,6,36
6x37,6,37
6x38,6,38
6x39,6,39
6x40,6,40
6x41,6,41
6x42,6,42
6x43,6,43
6x44,6,44
6x45,6,45
6x46,6,46
6x47,6,47
6x48,6,48
6x49,6,49
7x0,7,0
7x1,7,1
7x2,7,2
7x3,7,3
7x4,7,4
7x5,7,5
7x6,7,6
7x7,7,7
7x8,7,8
7x9,7,9
7x10,7,10
7x11,7,11
7x12,7,12
7x13,7,13
7x14,7,14
7x15,7,15
7x16,7,16
7x17,7,17
7x18,7,18
7x19,7,19
7x20,7,20
7x21,7,21
7x22,7,22
7x23,7,23
7x24,7,24
7x25,7,25
7x26,7,26
7x27,7,27
7x28,7,28
7x29,7,29
7x30,7,30
7x31,7,31
7x32,7,32
7x33,7,33
7x34,7,34
7x35,7,35
7x36,7,36
7x37,7,37
7x38,7,38
7x39,7,39
7x40,7,40
7x41,7,41
7x42,7,42
7x43,7,43
7x44,7,44
7x45,7,45
7x46,7,46
7x47,7,47
7x48,7,48
7x49,7,49
8x0,8,0
8x1,8,1
8x2,8,2
8x3,8,3
8x4,8,4
8x5,8,5
8x6,8,6
8x7,8,7
8x8,8,8
8x9,8,9
8x10,8,10
8x11,8,11
8x12,8,12
8x13,8,13
8x14,8,14
8x15,8,15
8x16,8,16
8x17,8,17
8x18,8,18
8x19,8,19
8x20,8,20
8x21,8,21
8x22,8,22
8x23,8,23
8x24,8,24
8x25,8,25
8x26,8,26
8x27,8,27
8x28,8,28
8x29,8,29
8x30,8,30
8x31,8,31
8x32,8,32
8x33,8,33
8x34,8,34
8x35,8,35
8x36,8,36
8x37,8,37
8x38,8,38
8x39,8,39
8x40,8,40
8x41,8,41
8x42,8,42
8x43,8,43
8x44,8,44
8x45,8,45
8x46,8,46
8x47,8,47
8x48,8,48
8x49,8,49
9x0,9,0
9x1,9,1
9x2,9,2
9x3,9,3
9x4,9,4
9x5,9,5
9x6,9,6
9x7,9,7
9x8,9,8
9x9,9,9
9x10,9,10
9x11,9,11
9x12,9,12
9x13,9,13
9x14,9,14
9x15,9,15
9x16,9,16
9x17,9,17
9x18,9,18
9x19,9,19
9x20,9,20
9x21,9,21
9x22,9,22
9x23,9,23
9x24,9,24
9x25,9,25
9x26,9,26
9x27,9,27
9x28,9,28
9x29,9,29
9x30,9,30
9x31,9,31
9x32,9,32
9x33,9,33
9x34,9,34
9x35,9,35
9x36,9,36
9x37,9,37
9x38,9,38
9x39,9,39
9x40,9,40
9x41,9,41
9x42,9,42
9x43,9,43
9x44,9,44
9x45,9,45
9x46,9,46
9x47,9,47
9x48,9,48
9x49,9,49
10x0,10,0
10x1,10,1
10x2,10,2
10x3,10,3
10x4,10,4
10x5,10,5
10x6,10,6
10x7,10,7
10x8,10,8
10x9,10,9
10x10,10,10
10x11,10,11
10x12,10,12
10x13,10,13
10x14,10,14
10x15,10,15
10x16,10,16
10x17,10,17
10x18,10,18
10x19,10,19
10x20,10,20
10x21,10,21
10x22,10,22
10x23,10,23
10x24,10,24
10x25,10,25
10x26,10,26
10x27,10,27
10x28,10,28
10x29,10,29
10x30,10,30
10x31,10,31
10x32,10,32
10x33,10,33
10x34,10,34
10x35,10,35
10x36,10,36
10x37,10,37
10x38,10,38
10x39,10,39
10x40,10,40
10x41,10,41
10x42,10,42
10x43,10,43
10x44,10,44
10x45,10,45
10x46,10,46
10x47,10,47
10x48,10,48
10x49,10,49
11x0,11,0
11x1,11,1
11x2,11,2
11x3,11,3
11x4,11,4
11x5,11,5
11x6,11,6
11x7,11,7
11x8,11,8
11x9,11,9
11x10,11,10
11x11,11,11
11x12,11,12
11x13,11,13
11x14,11,14
11x15,11,15
11x16,11,16
11x17,11,17
11x18,11,18
11x19,11,19
11x20,11,20
11x21,11,21
11x22,11,22
11x23,11,23
11x24,11,24
11x25,11,25
11x26,11,26
11x27,11,27
11x28,11,28
11x29,11,29
11x30,11,30
11x31,11,31
11x32,11,32
11x33,11,33
11x34,11,34
11x35,11,35
11x36,11,36
11x37,11,37
11x38,11,38
11x39,11,39
11x40,11,40
11x41,11,41
11x42,11,42
11x43,11,43
11x44,11,44
11x45,11,45
11x46,11,46
11x47,11,47
11x48,11,48
11x49,11,49
12x0,12,0
12x1,12,1
12x2,12,2
12x3,12,3
12x4,12,4
12x5,12,5
12x6,12,6
12x7,12,7
12x8,12,8
12x9,12,9
12x10,12,10
12x11,12,11
12x12,12,12
12x13,12,13
12x14,12,14
12x15,12,15
12x16,12,16
12x17,12,17
12x18,12,18
12x19,12,19
12x20,12,20
12x21,12,21
12x22,12,22
12x23,12,23
12x24,12,24
12x25,12,25
12x26,12,26
12x27,12,27
12x28,12,28
12x29,12,29
12x30,12,30
12x31,12,31
12x32,12,32
12x33,12,33
12x34,12,34
12x35,12,35
12x36,12,36
12x37,12,37
12x38,12,38
12x39,12,39
12x40,12,40
12x41,12,41
12x42,12,42
12x43,12,43
12x44,12,44
12x45,12,45
12x46,12,46
12x47,12,47
12x48,12,48
12x49,12,49
13x0,13,0
13x1,13,1
13x2,13,2
13x3,13,3
13x4,13,4
13x5,13,5
13x6,13,6
13x7,13,7
13x8,13,8
13x9,13,9
13x10,13,10
13x11,13,11
13x12,13,12
13x13,13,13
13x14,13,14
13x15,13,15
13x16,13,16
13x17,13,17
13x18,13,18
13x19,13,19
13x20,13,20
13x21,13,21
13x22,13,22
13x23,13,23
13x24,13,24
13x25,13,25
13x26,13,26
13x27,13,27
13x28,13,28
13x29,13,29
13x30,13,30
13x31,13,31
13x32,13,32
13x33,13,33
13x34,13,34
13x35,13,35
13x36,13,36
13x37,13,37
13x38,13,38
13x39,13,39
13x40,13,40
13x41,13,41
13x42,13,42
13x43,13,43
13x44,13,44
13x45,13,45
13x46,13,46
13x47,13,47
13x48,13,48
13x49,13,49
14x0,14,0
14x1,14,1
14x2,14,2
14x3,14,3
14x4,14,4
14x5,14,5
14x6,14,6
14x7,14,7
14x8,14,8
14x9,14,9
14x10,14,10
14x11,14,11
14x12,14,12
14x13,14,13
14x14,14,14
14x15,14,15
14x16,14,16
14x17,14,17
14x18,14,18
14x19,14,19
14x20,14,20
14x21,14,21
14x22,14,22
14x23,14,23
14x24,14,24
14x25,14,25
14x26,14,26
14x27,14,27
14x28,14,28
14x29,14,29
14x30,14,30
14x31,14,31
14x32,14,32
14x33,14,33
14x34,14,34
14x35,14,35
14x36,14,36
14x37,14,37
14x38,14,38
14x39,14,39
14x40,14,40
14x41,14,41
14x42,14,42
14x43,14,43
14x44,14,44
14x45,14,45
14x46,14,46
14x47,14,47
14x48,14,48
14x49,14,49
15x0,15,0
15x1,15,1
15x2,15,2
15x3,15,3
15x4,15,4
15x5,15,5
15x6,15,6
15x7,15,7
15x8,15,8
15x9,15,9
15x10,15,10
15x11,15,11
15x12,15,12
15x13,15,13
15x14,15,14
15x15,15,15
15x16,15,16
15x17,15,17
15x18,15,18
15x19,15,19
15x20,15,20
15x21,15,21
15x22,15,22
15x23,15,23
15x24,15,24
15x25,15,25
15x26,15,26
15x27,15,27
15x28,15,28
15x29,15,29
15x30,15,30
15x31,15,31
15x32,15,32
15x33,15,33
15x34,15,34
15x35,15,35
15x36,15,36
15x37,15,37
15x38,15,38
15x39,15,39
15x40,15,40
15x41,15,41
15x42,15,42
15x43,15,43
15x44,15,44
15x45,15,45
15x46,15,46
15x47,15,47
15x48,15,48
15x49,15,49
16x0,16,0
16x1,16,1
16x2,16,2
16x3,16,3
16x4,16,4
16x5,16,5
16x6,16,6
16x7,16,7
16x8,16,8
16x9,16,9
16x10,16,10
16x11,16,11
16x12,16,12
16x13,16,13
16x14,16,14
16x15,16,15
16x16,16,16
16x17,16,17
16x18,16,18
16x19,16,19
16x20,16,20
16x21,16,21
16x22,16,22
16x23,16,23
16x24,16,24
16x25,16,25
16x26,16,26
16x27,16,27
16x28,16,28
16x29,16,29
16x30,16,30
16x31,16,31
16x32,16,32
16x33,16,33
16x34,16,34
16x35,16,35
16x36,16,36
16x37,16,37
16x38,16,38
16x39,16,39
16x40,16,40
16x41,16,41
16x42,16,42
16x43,16,43
16x44,16,44
16x45,16,45
16x46,16,46
16x47,16,47
16x48,16,48
16x49,16,49
17x0,17,0
17x1,17,1
17x2,17,2
17x3,17,3
17x4,17,4
17x5,17,5
17x6,17,6
17x7,17,7
17x8,17,8
17x9,17,9
17x10,17,10
17x11,17,11
17x12,17,12
17x13,17,13
17x14,17,14
17x15,17,15
17x16,17,16
17x17,17,17
17x18,17,18
17x19,17,19
17x20,17,20
17x21,17,21
17x22,17,22
17x23,17,23
17x24,17,24
17x25,17,25
17x26,17,26
17x27,17,27
17x28,17,28
17x29,17,29
17x30,17,30
17x31,17,31
17x32,17,32
17x33,17,33
17x34,17,34
17x35,17,35
17x36,17,36
17x37,17,37
17x38,17,38
17x39,17,39
17x40,17,40
17x41,17,41
17x42,17,42
17x43,17,43
17x44,17,44
17x45,17,45
17x46,17,46
17x47,17,47
17x48,17,48
17x49,17,49
18x0,18,0
18x1,18,1
18x2,18,2
18x3,18,3
18x4,18,4
18x5,18,5
18x6,18,6
18x7,18,7
18x8,18,8
18x9,18,9
18x10,18,10
18x11,18,11
18x12,18,12
18x13,18,13
18x14,18,14
18x15,18,15
18x16,18,16
18x17,18,17
18x18,18,18
18x19,18,19
18x20,18,20
18x21,18,21
18x22,18,22
18x23,18,23
18x24,18,24
18x25,18,25
18x26,18,26
18x27,18,27
18x28,18,28
18x29,18,29
18x30,18,30
18x31,18,31
18x32,18,32
18x33,18,33
18x34,18,34
18x35,18,35
18x36,18,36
18x37,18,37
18x38,18,38
18x39,18,39
18x40,18,40
18x41,18,41
18x42,18,42
18x43,18,43
18x44,18,44
18x45,18,45
18x46,18,46
18x47,18,47
18x48,18,48
18x49,18,49
19x0,19,0
19x1,19,1
19x2,19,2
19x3,19,3
19x4,19,4
19x5,19,5
19x6,19,6
19x7,19,7
19x8,19,8
19x9,19,9
19x10,19,10
19x11,19,11
19x12,19,12
19x13,19,13
19x14,19,14
19x15,19,15
19x16,19,16
19x17,19,17
19x18,19,18
19x19,19,19
19x20,19,20
19x21,19,21
19x22,19,22
19x23,19,23
19x24,19,24
19x25,19,25
19x26,19,26
19x27,19,27
19x28,19,28
19x29,19,29
19x30,19,30
19x31,19,31
19x32,19,32
19x33,19,33
19x34,19,34
19x35,19,35
19x36,19,36
19x37,19,37
19x38,19,38
19x39,19,39
19x40,19,40
19x41,19,41
19x42,19,42
19x43,19,43
19x44,19,44
19x45,19,45
19x46,19,46
19x47,19,47
19x48,19,48
19x49,19,49
20x0,20,0
20x1,20,1
20x2,20,2
20x3,20,3
20x4,20,4
20x5,20,5
20x6,20,6
20x7,20,7
20x8,20,8
20x9,20,9
20x10,20,10
20x11,20,11
20x12,20,12
20x13,20,13
20x14,20,14
20x15,20,15
20x16,20,16
20x17,20,17
20x18,20,18
20x19,20,19
20x20,20,20
20x21,20,21
20x22,20,22
20x23,20,23
20x24,20,24
20x25,20,25
20x26,20,26
20x27,20,27
20x28,20,28
20x29,20,29
20x30,20,30
20x31,20,31
20x32,20,32
20x33,20,33
20x34,20,34
20x35,20,35
20x36,20,36
20x37,20,37
20x38,20,38
20x39,20,39
20x40,20,40
20x41,20,41
20x42,20,42
20x43,20,43
20x44,20,44
20x45,20,45
20x46,20,46
20x47,20,47
20x48,20,48
20x49,20,49
21x0,21,0
21x1,21,1
21x2,21,2
21x3,21,3
21x4,21,4
21x5,21,5
21x6,21,6
21x7,21,7
21x8,21,8
21x9,21,9
21x10,21,10
21x11,21,11
21x12,21,12
21x13,21,13
21x14,21,14
21x15,21,15
21x16,21,16
21x17,21,17
21x18,21,18
21x19,21,19
21x20,21,20
21x21,21,21
21x22,21,22
21x23,21,23
21x24,21,24
21x25,21,25
21x26,21,26
21x27,21,27
21x28,21,28
21x29,21,29
21x30,21,30
21x31,21,31
21x32,21,32
21x33,21,33
21x34,21,34
21x35,21,35
21x36,21,36
21x37,21,37
21x38,21,38
21x39,21,39
21x40,21,40
21x41,21,41
21x42,21,42
21x43,21,43
21x44,21,44
21x45,21,45
21x46,21,46
21x47,21,47
21x48,21,48
21x49,21,49
22x0,22,0
22x1,22,1
22x2,22,2
22x3,22,3
22x4,22,4
22x5,22,5
22x6,22,6
22x7,22,7
22x8,22,8
22x9,22,9
22x10,22,10
22x11,22,11
22x12,22,12
22x13,22,13
22x14,22,14
22x15,22,15
22x16,22,16
22x17,22,17
22x18,22,18
22x19,22,19
22x20,22,20
22x21,22,21
22x22,22,22
22x23,22,23
22x24,22,24
22x25,22,25
22x26,22,26
22x27,22,27
22x28,22,28
22x29,22,29
22x30,22,30
22x31,22,31
22x32,22,32
22x33,22,33
22x34,22,34
22x35,22,35
22x36,22,36
22x37,22,37
22x38,22,38
22x39,22,39
22x40,22,40
22x41,22,41
22x42,22,42
22x43,22,43
22x44,22,44
22x45,22,45
22x46,22,46
22x47,22,47
22x48,22,48
22x49,22,49
23x0,23,0
23x1,23,1
23x2,23,2
23x3,23,3
23x4,23,4
23x5,23,5
23x6,23,6
23x7,23,7
23x8,23,8
23x9,23,9
23x10,23,10
23x11,23,11
23x12,23,12
23x13,23,13
23x14,23,14
23x15,23,15
23x16,23,16
23x17,23,17
23x18,23,18
23x19,23,19
23x20,23,20
23x21,23,21
23x22,23,22
23x23,23,23
23x24,23,24
23x25,23,25
23x26,23,26
23x27,23,27
23x28,23,28
23x29,23,29
23x30,23,30
23x31,23,31
23x32,23,32
23x33,23,33
23x34,23,34
23x35,23,35
23x36,23,36
23x37,23,37
23x38,23,38
23x39,23,39
23x40,23,40
23x41,23,41
23x42,23,42
23x43,23,43
23x44,23,44
23x45,23,45
23x46,23,46
23x47,23,47
23x48,23,48
23x49,23,49
24x0,24,0
24x1,24,1
24x2,24,2
24x3,24,3
24x4,24,4
24x5,24,5
24x6,24,6
24x7,24,7
24x8,24,8
24x9,24,9
24x10,24,10
24x11,24,11
24x12,24,12
24x13,24,13
24x14,24,14
24x15,24,15
24x16,24,16
24x17,24,17
24x18,24,18
24x19,24,19
24x20,24,20
24x21,24,21
24x22,24,22
24x23,24,23
24x24,24,24
24x25,24,25
24x26,24,26
24x27,24,27
24x28,24,28
24x29,24,29
24x30,24,30
24x31,24,31
24x32,24,32
24x33,24,33
24x34,24,34
24x35,24,35
24x36,24,36
24x37,24,37
24x38,24,38
24x39,24,39
24x40,24,40
24x41,24,41
24x42,24,42
24x43,24,43
24x44,24,44
24x45,24,45
24x46,24,46
24x47,24,47
24x48,24,48
24x49,24,49
25x0,25,0
25x1,25,1
25x2,25,2
25x3,25,3
25x4,25,4
25x5,25,5
25x6,25,6
25x7,25,7
25x8,25,8
25x9,25,9
25x10,25,10
25x11,25,11
25x12,25,12
25x13,25,13
25x14,25,14
25x15,25,15
25x16,25,16
25x17,25,17
25x18,25,18
25x19,25,19
25x20,25,20
25x21,25,21
25x22,25,22
25x23,25,23
25x24,25,24
25x25,25,25
25x26,25,26
25x27,25,27
25x28,25,28
25x29,25,29
25x30,25,30
25x31,25,31
25x32,25,32
25x33,25,33
25x34,25,34
25x35,25,35
25x36,25,36
25x37,25,37
25x38,25,38
25x39,25,39
25x40,25,40
25x41,25,41
25x42,25,42
25x43,25,43
25x44,25,44
25x45,25,45
25x46,25,46
25x47,25,47
25x48,25,48
25x49,25,49
26x0,26,0
26x1,26,1
26x2,26,2
26x3,26,3
26x4,26,4
26x5,26,5
26x6,26,6
26x7,26,7
26x8,26,8
26x9,26,9
26x10,26,10
26x11,26,11
26x12,26,12
26x13,26,13
26x14,26,14
26x15,26,15
26x16,26,16
26x17,26,17
26x18,26,18
26x19,26,19
26x20,26,20
26x21,26,21
26x22,26,22
26x23,26,23
26x24,26,24
26x25,26,25
26x26,26,26
26x27,26,27
26x28,26,28
26x29,26,29
26x30,26,30
26x31,26,31
26x32,26,32
26x33,26,33
26x34,26,34
26x35,26,35
26x36,26,36
26x37,26,37
26x38,26,38
26x39,26,39
26x40,26,40
26x41,26,41
26x42,26,42
26x43,26,43
26x44,26,44
26x45,26,45
26x46,26,46
26x47,26,47
26x48,26,48
26x49,26,49
27x0,27,0
27x1,27,1
27x2,27,2
27x3,27,3
27x4,27,4
27x5,27,5
27x6,27,6
27x7,27,7
27x8,27,8
27x9,27,9
27x10,27,10
27x11,27,11
27x12,27,12
27x13,27,13
27x14,27,14
27x15,27,15
27x16,27,16
27x17,27,17
27x18,27,18
27x19,27,19
27x20,27,20
27x21,27,21
27x22,27,22
27x23,27,23
27x24,27,24
27x25,27,25
27x26,27,26
27x27,27,27
27x28,27,28
27x29,27,29
27x30,27,30
27x31,27,31
27x32,27,32
27x33,27,33
27x34,27,34
27x35,27,35
27x36,27,36
27x37,27,37
27x38,27,38
27x39,27,39
27x40,27,40
27x41,27,41
27x42,27,42
27x43,27,43
27x44,27,44
27x45,27,45
27x46,27,46
27x47,27,47
27x48,27,48
27x49,27,49
28x0,28,0
28x1,28,1
28x2,28,2
28x3,28,3
28x4,28,4
28x5,28,5
28x6,28,6
28x7,28,7
28x8,28,8
28x9,28,9
28x10,28,10
28x11,28,11
28x12,28,12
28x13,28,13
28x14,28,14
28x15,28,15
28x16,28,16
28x17,28,17
28x18,28,18
28x19,28,19
28x20,28,20
28x21,28,21
28x22,28,22
28x23,28,23
28x24,28,24
28x25,28,25
28x26,28,26
28x27,28,27
28x28,28,28
28x29,28,29
28x30,28,30
28x31,28,31
28x32,28,32
28x33,28,33
28x34,28,34
28x35,28,35
28x36,28,36
28x37,28,37
28x38,28,38
28x39,28,39
28x40,28,40
28x41,28,41
28x42,28,42
28x43,28,43
28x44,28,44
28x45,28,45
28x46,28,46
28x47,28,47
28x48,28,48
28x49,28,49
29x0,29,0
29x1,29,1
29x2,29,2
29x3,29,3
29x4,29,4
29x5,29,5
29x6,29,6
29x7,29,7
29x8,29,8
29x9,29,9
29x10,29,10
29x11,29,11
29x12,29,12
29x13,29,13
29x14,29,14
29x15,29,15
29x16,29,16
29x17,29,17
29x18,29,18
29x19,29,19
29x20,29,20
29x21,29,21
29x22,29,22
29x23,29,23
29x24,29,24
29x25,29,25
29x26,29,26
29x27,29,27
29x28,29,28
29x29,29,29
29x30,29,30
29x31,29,31
29x32,29,32
29x33,29,33
29x34,29,34
29x35,29,35
29x36,29,36
29x37,29,37
29x38,29,38
29x39,29,39
29x40,29,40
29x41,29,41
29x42,29,42
29x43,29,43
29x44,29,44
29x45,29,45
29x46,29,46
29x47,29,47
29x48,29,48
29x49,29,49
30x0,30,0
30x1,30,1
30x2,30,2
30x3,30,3
30x4,30,4
30x5,30,5
30x6,30,6
30x7,30,7
30x8,30,8
30x9,30,9
30x10,30,10
30x11,30,11
30x12,30,12
30x13,30,13
30x14,30,14
30x15,30,15
30x16,30,16
30x17,30,17
30x18,30,18
30x19,30,19
30x20,30,20
30x21,30,21
30x22,30,22
30x23,30,23
30x24,30,24
30x25,30,25
30x26,30,26
30x27,30,27
30x28,30,28
30x29,30,29
30x30,30,30
30x31,30,31
30x32,30,32
30x33,30,33
30x34,30,34
30x35,30,35
30x36,30,36
30x37,30,37
30x38,30,38
30x39,30,39
30x40,30,40
30x41,30,41
30x42,30,42
30x43,30,43
30x44,30,44
30x45,30,45
30x46,30,46
30x47,30,47
30x48,30,48
30x49,30,49
31x0,31,0
31x1,31,1
31x2,31,2
31x3,31,3
31x4,31,4
31x5,31,5
31x6,31,6
31x7,31,7
31x8,31,8
31x9,31,9
31x10,31,10
31x11,31,11
31x12,31,12
31x13,31,13
31x14,31,14
31x15,31,15
31x16,31,16
31x17,31,17
31x18,31,18
31x19,31,19
31x20,31,20
31x21,31,21
31x22,31,22
31x23,31,23
31x24,31,24
31x25,31,25
31x26,31,26
31x27,31,27
31x28,31,28
31x29,31,29
31x30,31,30
31x31,31,31
31x32,31,32
31x33,31,33
31x34,31,34
31x35,31,35
31x36,31,36
31x37,31,37
31x38,31,38
31x39,31,39
31x40,31,40
31x41,31,41
31x42,31,42
31x43,31,43
31x44,31,44
31x45,31,45
31x46,31,46
31x47,31,47
31x48,31,48
31x49,31,49
32x0,32,0
32x1,32,1
32x2,32,2
32x3,32,3
32x4,32,4
32x5,32,5
32x6,32,6
32x7,32,7
32x8,32,8
32x9,32,9
32x10,32,10
32x11,32,11
32x12,32,12
32x13,32,13
32x14,32,14
32x15,32,15
32x16,32,16
32x17,32,17
32x18,32,18
32x19,32,19
32x20,32,20
32x21,32,21
32x22,32,22
32x23,32,23
32x24,32,24
32x25,32,25
32x26,32,26
32x27,32,27
32x28,32,28
32x29,32,29
32x30,32,30
32x31,32,31
32x32,32,32
32x33,32,33
32x34,32,34
32x35,32,35
32x36,32,36
32x37,32,37
32x38,32,38
32x39,32,39
32x40,32,40
32x41,32,41
32x42,32,42
32x43,32,43
32x44,32,44
32x45,32,45
32x46,32,46
32x47,32,47
32x48,32,48
32x49,32,49
33x0,33,0
33x1,33,1
33x2,33,2
33x3,33,3
33x4,33,4
33x5,33,5
33x6,33,6
33x7,33,7
33x8,33,8
33x9,33,9
33x10,33,10
33x11,33,11
33x12,33,12
33x13,33,13
33x14,33,14
33x15,33,15
33x16,33,16
33x17,33,17
33x18,33,18
33x19,33,19
33x20,33,20
33x21,33,21
33x22,33,22
33x23,33,23
33x24,33,24
33x25,33,25
33x26,33,26
33x27,33,27
33x28,33,28
33x29,33,29
33x30,33,30
33x31,33,31
33x32,33,32
33x33,33,33
33x34,33,34
33x35,33,35
33x36,33,36
33x37,33,37
33x38,33,38
33x39,33,39
33x40,33,40
33x41,33,41
33x42,33,42
33x43,33,43
33x44,33,44
33x45,33,45
33x46,33,46
33x47,33,47
33x48,33,48
33x49,33,49
34x0,34,0
34x1,34,1
34x2,34,2
34x3,34,3
34x4,34,4
34x5,34,5
34x6,34,6
34x7,34,7
34x8,34,8
34x9,34,9
34x10,34,10
34x11,34,11
34x12,34,12
34x13,34,13
34x14,34,14
34x15,34,15
34x16,34,16
34x17,34,17
34x18,34,18
34x19,34,19
34x20,34,20
34x21,34,21
34x22,34,22
34x23,34,23
34x24,34,24
34x25,34,25
34x26,34,26
34x27,34,27
34x28,34,28
34x29,34,29
34x30,34,30
34x31,34,31
34x32,34,32
34x33,34,33
34x34,34,34
34x35,34,35
34x36,34,36
34x37,34,37
34x38,34,38
34x39,34,39
34x40,34,40
34x41,34,41
34x42,34,42
34x43,34,43
34x44,34,44
34x45,34,45
34x46,34,46
34x47,34,47
34x48,34,48
34x49,34,49
35x0,35,0
35x1,35,1
35x2,35,2
35x3,35,3
35x4,35,4
35x5,35,5
35x6,35,6
35x7,35,7
35x8,35,8
35x9,35,9
35x10,35,10
35x11,35,11
35x12,35,12
35x13,35,13
35x14,35,14
35x15,35,15
35x16,35,16
35x17,35,17
35x18,35,18
35x19,35,19
35x20,35,20
35x21,35,21
35x22,35,22
35x23,35,23
35x24,35,24
35x25,35,25
35x26,35,26
35x27,35,27
35x28,35,28
35x29,35,29
35x30,35,30
35x31,35,31
35x32,35,32
35x33,35,33
35x34,35,34
35x35,35,35
35x36,35,36
35x37,35,37
35x38,35,38
35x39,35,39
35x40,35,40
35x41,35,41
35x42,35,42
35x43,35,43
35x44,35,44
35x45,35,45
35x46,35,46
35x47,35,47
35x48,35,48
35x49,35,49
36x0,36,0
36x1,36,1
36x2,36,2
36x3,36,3
36x4,36,4
36x5,36,5
36x6,36,6
36x7,36,7
36x8,36,8
36x9,36,9
36x10,36,10
36x11,36,11
36x12,36,12
36x13,36,13
36x14,36,14
36x15,36,15
36x16,36,16
36x17,36,17
36x18,36,18
36x19,36,19
36x20,36,20
36x21,36,21
36x22,36,22
36x23,36,23
36x24,36,24
36x25,36,25
36x26,36,26
36x27,36,27
36x28,36,28
36x29,36,29
36x30,36,30
36x31,36,31
36x32,36,32
36x33,36,33
36x34,36,34
36x35,36,35
36x36,36,36
36x37,36,37
36x38,36,38
36x39,36,39
36x40,36,40
36x41,36,41
36x42,36,42
36x43,36,43
36x44,36,44
36x45,36,45
36x46,36,46
36x47,36,47
36x48,36,48
36x49,36,49
37x0,37,0
37x1,37,1
37x2,37,2
37x3,37,3
37x4,37,4
37x5,37,5
37x6,37,6
37x7,37,7
37x8,37,8
37x9,37,9
37x10,37,10
37x11,37,11
37x12,37,12
37x13,37,13
37x14,37,14
37x15,37,15
37x16,37,16
37x17,37,17
37x18,37,18
37x19,37,19
37x20,37,20
37x21,37,21
37x22,37,22
37x23,37,23
37x24,37,24
37x25,37,25
37x26,37,26
37x27,37,27
37x28,37,28
37x29,37,29
37x30,37,30
37x31,37,31
37x32,37,32
37x33,37,33
37x34,37,34
37x35,37,35
37x36,37,36
37x37,37,37
37x38,37,38
37x39,37,39
37x40,37,40
37x41,37,41
37x42,37,42
37x43,37,43
37x44,37,44
37x45,37,45
37x46,37,46
37x47,37,47
37x48,37,48
37x49,37,49
38x0,38,0
38x1,38,1
38x2,38,2
38x3,38,3
38x4,38,4
38x5,38,5
38x6,38,6
38x7,38,7
38x8,38,8
38x9,38,9
38x10,38,10
38x11,38,11
38x12,38,12
38x13,38,13
38x14,38,14
38x15,38,15
38x16,38,16
38x17,38,17
38x18,38,18
38x19,38,19
38x20,38,20
38x21,38,21
38x22,38,22
38x23,38,23
38x24,38,24
38x25,38,25
38x26,38,26
38x27,38,27
38x28,38,28
38x29,38,29
38x30,38,30
38x31,38,31
38x32,38,32
38x33,38,33
38x34,38,34
38x35,38,35
38x36,38,36
38x37,38,37
38x38,38,38
38x39,38,39
38x40,38,40
38x41,38,41
38x42,38,42
38x43,38,43
38x44,38,44
38x45,38,45
38x46,38,46
38x47,38,47
38x48,38,48
38x49,38,49
39x0,39,0
39x1,39,1
39x2,39,2
39x3,39,3
39x4,39,4
39x5,39,5
39x6,39,6
39x7,39,7
39x8,39,8
39x9,39,9
39x10,39,10
39x11,39,11
39x12,39,12
39x13,39,13
39x14,39,14
39x15,39,15
39x16,39,16
39x17,39,17
39x18,39,18
39x19,39,19
39x20,39,20
39x21,39,21
39x22,39,22
39x23,39,23
39x24,39,24
39x25,39,25
39x26,39,26
39x27,39,27
39x28,39,28
39x29,39,29
39x30,39,30
39x31,39,31
39x32,39,32
39x33,39,33
39x34,39,34
39x35,39,35
39x36,39,36
39x37,39,37
39x38,39,38
39x39,39,39
39x40,39,40
39x41,39,41
39x42,39,42
39x43,39,43
39x44,39,44
39x45,39,45
39x46,39,46
39x47,39,47
39x48,39,48
39x49,39,49
40x0,40,0
40x1,40,1
40x2,40,2
40x3,40,3
40x4,40,4
40x5,40,5
40x6,40,6
40x7,40,7
40x8,40,8
40x9,40,9
40x10,40,10
40x11,40,11
40x12,40,12
40x13,40,13
40x14,40,14
40x15,40,15
40x16,40,16
40x17,40,17
40x18,40,18
40x19,40,19
40x20,40,20
40x21,40,21
40x22,40,22
40x23,40,23
40x24,40,24
40x25,40,25
40x26,40,26
40x27,40,27
40x28,40,28
40x29,40,29
40x30,40,30
40x31,40,31
40x32,40,32
40x33,40,33
40x34,40,34
40x35,40,35
40x36,40,36
40x37,40,37
40x38,40,38
40x39,40,39
40x40,40,40
40x41,40,41
40x42,40,42
40x43,40,43
40x44,40,44
40x45,40,45
40x46,40,46
40x47,40,47
40x48,40,48
40x49,40,49
41x0,41,0
41x1,41,1
41x2,41,2
41x3,41,3
41x4,41,4
41x5,41,5
41x6,41,6
41x7,41,7
41x8,41,8
41x9,41,9
41x10,41,10
41x11,41,11
41x12,41,12
41x13,41,13
41x14,41,14
41x15,41,15
41x16,41,16
41x17,41,17
41x18,41,18
41x19,41,19
41x20,41,20
41x21,41,21
41x22,41,22
41x23,41,23
41x24,41,24
41x25,41,25
41x26,41,26
41x27,41,27
41x28,41,28
41x29,41,29
41x30,41,30
41x31,41,31
41x32,41,32
41x33,41,33
41x34,41,34
41x35,41,35
41x36,41,36
41x37,41,37
41x38,41,38
41x39,41,39
41x40,41,40
41x41,41,41
41x42,41,42
41x43,41,43
41x44,41,44
41x45,41,45
41x46,41,46
41x47,41,47
41x48,41,48
41x49,41,49
42x0,42,0
42x1,42,1
42x2,42,2
42x3,42,3
42x4,42,4
42x5,42,5
42x6,42,6
42x7,42,7
42x8,42,8
42x9,42,9
42x10,42,10
42x11,42,11
42x12,42,12
42x13,42,13
42x14,42,14
42x15,42,15
42x16,42,16
42x17,42,17
42x18,42,18
42x19,42,19
42x20,42,20
42x21,42,21
42x22,42,22
42x23,42,23
42x24,42,24
42x25,42,25
42x26,42,26
42x27,42,27
42x28,42,28
42x29,42,29
42x30,42,30
42x31,42,31
42x32,42,32
42x33,42,33
42x34,42,34
42x35,42,35
42x36,42,36
42x37,42,37
42x38,42,38
42x39,42,39
42x40,42,40
42x41,42,41
42x42,42,42
42x43,42,43
42x44,42,44
42x45,42,45
42x46,42,46
42x47,42,47
42x48,42,48
42x49,42,49
43x0,43,0
43x1,43,1
43x2,43,2
43x3,43,3
43x4,43,4
43x5,43,5
43x6,43,6
43x7,43,7
43x8,43,8
43x9,43,9
43x10,43,10
43x11,43,11
43x12,43,12
43x13,43,13
43x14,43,14
43x15,43,15
43x16,43,16
43x17,43,17
43x18,43,18
43x19,43,19
43x20,43,20
43x21,43,21
43x22,43,22
43x23,43,23
43x24,43,24
43x25,43,25
43x26,43,26
43x27,43,27
43x28,43,28
43x29,43,29
43x30,43,30
43x31,43,31
43x32,43,32
43x33,43,33
43x34,43,34
43x35,43,35
43x36,43,36
43x37,43,37
43x38,43,38
43x39,43,39
43x40,43,40
43x41,43,41
43x42,43,42
43x43,43,43
43x44,43,44
43x45,43,45
43x46,43,46
43x47,43,47
43x48,43,48
43x49,43,49
44x0,44,0
44x1,44,1
44x2,44,2
44x3,44,3
44x4,44,4
44x5,44,5
44x6,44,6
44x7,44,7
44x8,44,8
44x9,44,9
44x10,44,10
44x11,44,11
44x12,44,12
44x13,44,13
44x14,44,14
44x15,44,15
44x16,44,16
44x17,44,17
44x18,44,18
44x19,44,19
44x20,44,20
44x21,44,21
44x22,44,22
44x23,44,23
44x24,44,24
44x25,44,25
44x26,44,26
44x27,44,27
44x28,44,28
44x29,44,29
44x30,44,30
44x31,44,31
44x32,44,32
44x33,44,33
44x34,44,34
44x35,44,35
44x36,44,36
44x37,44,37
44x38,44,38
44x39,44,39
44x40,44,40
44x41,44,41
44x42,44,42
44x43,44,43
44x44,44,44
44x45,44,45
44x46,44,46
44x47,44,47
44x48,44,48
44x49,44,49
45x0,45,0
45x1,45,1
45x2,45,2
45x3,45,3
45x4,45,4
45x5,45,5
45x6,45,6
45x7,45,7
45x8,45,8
45x9,45,9
45x10,45,10
45x11,45,11
45x12,45,12
45x13,45,13
45x14,45,14
45x15,45,15
45x16,45,16
45x17,45,17
45x18,45,18
45x19,45,19
45x20,45,20
45x21,45,21
45x22,45,22
45x23,45,23
45x24,45,24
45x25,45,25
45x26,45,26
45x27,45,27
45x28,45,28
45x29,45,29
45x30,45,30
45x31,45,31
45x32,45,32
45x33,45,33
45x34,45,34
45x35,45,35
45x36,45,36
45x37,45,37
45x38,45,38
45x39,45,39
45x40,45,40
45x41,45,41
45x42,45,42
45x43,45,43
45x44,45,44
45x45,45,45
45x46,45,46
45x47,45,47
45x48,45,48
45x49,45,49
46x0,46,0
46x1,46,1
46x2,46,2
46x3,46,3
46x4,46,4
46x5,46,5
46x6,46,6
46x7,46,7
46x8,46,8
46x9,46,9
46x10,46,10
46x11,46,11
46x12,46,12
46x13,46,13
46x14,46,14
46x15,46,15
46x16,46,16
46x17,46,17
46x18,46,18
46x19,46,19
46x20,46,20
46x21,46,21
46x22,46,22
46x23,46,23
46x24,46,24
46x25,46,25
46x26,46,26
46x27,46,27
46x28,46,28
46x29,46,29
46x30,46,30
46x31,46,31
46x32,46,32
46x33,46,33
46x34,46,34
46x35,46,35
46x36,46,36
46x37,46,37
46x38,46,38
46x39,46,39
46x40,46,40
46x41,46,41
46x42,46,42
46x43,46,43
46x44,46,44
46x45,46,45
46x46,46,46
46x47,46,47
46x48,46,48
46x49,46,49
47x0,47,0
47x1,47,1
47x2,47,2
47x3,47,3
47x4,47,4
47x5,47,5
47x6,47,6
47x7,47,7
47x8,47,8
47x9,47,9
47x10,47,10
47x11,47,11
47x12,47,12
47x13,47,13
47x14,47,14
47x15,47,15
47x16,47,16
47x17,47,17
47x18,47,18
47x19,47,19
47x20,47,20
47x21,47,21
47x22,47,22
47x23,47,23
47x24,47,24
47x25,47,25
47x26,47,26
47x27,47,27
47x28,47,28
47x29,47,29
47x30,47,30
47x31,47,31
47x32,47,32
47x33,47,33
47x34,47,34
47x35,47,35
47x36,47,36
47x37,47,37
47x38,47,38
47x39,47,39
47x40,47,40
47x41,47,41
47x42,47,42
47x43,47,43
47x44,47,44
47x45,47,45
47x46,47,46
47x47,47,47
47x48,47,48
47x49,47,49
48x0,48,0
48x1,48,1
48x2,48,2
48x3,48,3
48x4,48,4
48x5,48,5
48x6,48,6
48x7,48,7
48x8,48,8
48x9,48,9
48x10,48,10
48x11,48,11
48x12,48,12
48x13,48,13
48x14,48,14
48x15,48,15
48x16,48,16
48x17,48,17
48x18,48,18
48x19,48,19
48x20,48,20
48x21,48,21
48x22,48,22
48x23,48,23
48x24,48,24
48x25,48,25
48x26,48,26
48x27,48,27
48x28,48,28
48x29,48,29
48x30,48,30
48x31,48,31
48x32,48,32
48x33,48,33
48x34,48,34
48x35,48,35
48x36,48,36
48x37,48,37
48x38,48,38
48x39,48,39
48x40,48,40
48x41,48,41
48x42,48,42
48x43,48,43
48x44,48,44
48x45,48,45
48x46,48,46
48x47,48,47
48x48,48,48
48x49,48,49
49x0,49,0
49x1,49,1
49x2,49,2
49x3,49,3
49x4,49,4
49x5,49,5
49x6,49,6
49x7,49,7
49x8,49,8
49x9,49,9
49x10,49,10
49x11,49,11
49x12,49,12
49x13,49,13
49x14,49,14
49x15,49,15
49x16,49,16
49x17,49,17
49x18,49,18
49x19,49,19
49x20,49,20
49x21,49,21
49x22,49,22
49x23,49,23
49x24,49,24
49x25,49,25
49x26,49,26
49x27,49,27
49x28,49,28
49x29,49,29
49x30,49,30
49x31,49,31
49x32,49,32
49x33,49,33
49x34,49,34
49x35,49,35
49x36,49,36
49x37,49,37
49x38,49,38
49x39,49,39
49x40,49,40
49x41,49,41
49x42,49,42
49x43,49,43
49x44,49,44
49x45,49,45
49x46,49,46
49x47,49,47
49x48,49,48
49x49,49,49
